domain,layer,score
NYU_test_ID,encoder_early,19.572376
NYU_test_ID,encoder_early,21.064026
NYU_test_ID,encoder_early,23.920023
NYU_test_ID,encoder_early,26.859715
NYU_test_ID,encoder_early,20.742655
NYU_test_ID,encoder_early,13.96499
NYU_test_ID,encoder_early,21.864773
NYU_test_ID,encoder_early,25.146744
NYU_test_ID,encoder_early,23.782309
NYU_test_ID,encoder_early,22.942768
NYU_test_ID,encoder_early,26.705893
NYU_test_ID,encoder_early,26.291084
NYU_test_ID,encoder_early,24.447985
NYU_test_ID,encoder_early,27.416702
NYU_test_ID,encoder_early,19.208126
NYU_test_ID,encoder_early,22.312893
NYU_test_ID,encoder_early,22.230658
NYU_test_ID,encoder_early,22.629015
NYU_test_ID,encoder_early,20.670292
NYU_test_ID,encoder_early,19.77111
NYU_test_ID,encoder_early,27.535065
NYU_test_ID,encoder_early,24.92935
NYU_test_ID,encoder_early,28.84547
NYU_test_ID,encoder_early,19.011673
NYU_test_ID,encoder_early,24.48177
NYU_test_ID,encoder_early,21.400892
NYU_test_ID,encoder_early,21.312143
NYU_test_ID,encoder_early,24.82741
NYU_test_ID,encoder_early,23.446175
NYU_test_ID,encoder_early,26.31896
NYU_test_ID,encoder_early,25.718323
NYU_test_ID,encoder_early,25.354012
NYU_test_ID,encoder_early,24.47192
NYU_test_ID,encoder_early,25.361385
NYU_test_ID,encoder_early,22.184736
NYU_test_ID,encoder_early,23.582811
NYU_test_ID,encoder_early,25.57424
NYU_test_ID,encoder_early,24.594564
NYU_test_ID,encoder_early,26.947514
NYU_test_ID,encoder_early,27.389889
NYU_test_ID,encoder_early,27.384089
NYU_test_ID,encoder_early,27.612402
NYU_test_ID,encoder_early,27.859957
NYU_test_ID,encoder_early,26.292637
NYU_test_ID,encoder_early,28.507507
NYU_test_ID,encoder_early,29.52362
NYU_test_ID,encoder_early,27.344524
NYU_test_ID,encoder_early,24.748234
NYU_test_ID,encoder_early,24.287352
NYU_test_ID,encoder_early,16.526852
NYU_test_ID,encoder_early,19.769594
NYU_test_ID,encoder_early,24.120026
NYU_test_ID,encoder_early,26.589298
NYU_test_ID,encoder_early,24.257767
NYU_test_ID,encoder_early,21.680244
NYU_test_ID,encoder_early,16.636642
NYU_test_ID,encoder_early,18.416355
NYU_test_ID,encoder_early,20.19611
NYU_test_ID,encoder_early,24.948881
NYU_test_ID,encoder_early,26.459595
NYU_test_ID,encoder_early,27.57898
NYU_test_ID,encoder_early,25.086483
NYU_test_ID,encoder_early,22.739935
NYU_test_ID,encoder_early,18.635326
NYU_test_ID,encoder_early,23.33424
NYU_test_ID,encoder_early,25.611862
NYU_test_ID,encoder_early,24.286856
NYU_test_ID,encoder_early,18.457748
NYU_test_ID,encoder_early,25.002563
NYU_test_ID,encoder_early,27.090708
NYU_test_ID,encoder_early,24.042173
NYU_test_ID,encoder_early,18.024046
NYU_test_ID,encoder_early,24.307451
NYU_test_ID,encoder_early,25.656742
NYU_test_ID,encoder_early,17.991722
NYU_test_ID,encoder_early,17.337393
NYU_test_ID,encoder_early,23.588362
NYU_test_ID,encoder_early,24.832525
NYU_test_ID,encoder_early,22.302082
NYU_test_ID,encoder_early,23.876602
NYU_test_ID,encoder_early,21.909542
NYU_test_ID,encoder_early,21.881477
NYU_test_ID,encoder_early,23.554665
NYU_test_ID,encoder_early,24.082644
NYU_test_ID,encoder_early,25.190197
NYU_test_ID,encoder_early,16.702076
NYU_test_ID,encoder_early,19.150883
NYU_test_ID,encoder_early,24.05975
NYU_test_ID,encoder_early,14.281207
NYU_test_ID,encoder_early,21.962515
NYU_test_ID,encoder_early,23.97821
NYU_test_ID,encoder_early,25.59649
NYU_test_ID,encoder_early,23.33408
NYU_test_ID,encoder_early,23.428411
NYU_test_ID,encoder_early,24.143904
NYU_test_ID,encoder_early,25.940756
NYU_test_ID,encoder_early,22.183428
NYU_test_ID,encoder_early,24.990454
NYU_test_ID,encoder_early,22.51968
NYU_test_ID,encoder_early,20.902964
NYU_test_ID,encoder_early,21.831964
NYU_test_ID,encoder_early,13.316705
NYU_test_ID,encoder_early,16.428831
NYU_test_ID,encoder_early,24.465328
NYU_test_ID,encoder_early,26.066416
NYU_test_ID,encoder_early,23.723684
NYU_test_ID,encoder_early,22.295162
NYU_test_ID,encoder_early,26.426086
NYU_test_ID,encoder_early,24.73669
NYU_test_ID,encoder_early,22.803354
NYU_test_ID,encoder_early,25.815369
NYU_test_ID,encoder_early,25.663696
NYU_test_ID,encoder_early,25.462692
NYU_test_ID,encoder_early,25.287403
NYU_test_ID,encoder_early,26.697906
NYU_test_ID,encoder_early,28.797201
NYU_test_ID,encoder_early,25.389187
NYU_test_ID,encoder_early,26.595333
NYU_test_ID,encoder_early,26.573503
NYU_test_ID,encoder_early,28.74803
NYU_test_ID,encoder_early,26.154552
NYU_test_ID,encoder_early,26.337013
NYU_test_ID,encoder_early,25.497713
NYU_test_ID,encoder_early,20.918741
NYU_test_ID,encoder_early,25.97176
NYU_test_ID,encoder_early,23.32408
NYU_test_ID,encoder_early,25.96867
NYU_test_ID,encoder_early,26.903622
NYU_test_ID,encoder_early,25.642653
NYU_test_ID,encoder_early,27.76039
NYU_test_ID,encoder_early,28.415674
NYU_test_ID,encoder_early,29.90028
NYU_test_ID,encoder_early,26.068832
NYU_test_ID,encoder_early,24.129143
NYU_test_ID,encoder_early,25.489792
NYU_test_ID,encoder_early,27.531208
NYU_test_ID,encoder_early,24.796253
NYU_test_ID,encoder_early,26.774748
NYU_test_ID,encoder_early,28.279684
NYU_test_ID,encoder_early,21.715445
NYU_test_ID,encoder_early,23.890335
NYU_test_ID,encoder_early,22.957123
NYU_test_ID,encoder_early,27.896318
NYU_test_ID,encoder_early,25.747192
NYU_test_ID,encoder_early,27.679037
NYU_test_ID,encoder_early,24.02471
NYU_test_ID,encoder_early,21.69674
NYU_test_ID,encoder_early,21.315916
NYU_test_ID,encoder_early,26.946398
NYU_test_ID,encoder_early,28.538937
NYU_test_ID,encoder_early,28.621067
NYU_test_ID,encoder_early,27.252815
NYU_test_ID,encoder_early,26.556366
NYU_test_ID,encoder_early,26.651258
NYU_test_ID,encoder_early,28.105972
NYU_test_ID,encoder_early,29.084993
NYU_test_ID,encoder_early,29.237705
NYU_test_ID,encoder_early,29.278957
NYU_test_ID,encoder_early,26.204319
NYU_test_ID,encoder_early,30.592903
NYU_test_ID,encoder_early,25.30985
NYU_test_ID,encoder_early,22.948395
NYU_test_ID,encoder_early,15.679671
NYU_test_ID,encoder_early,18.25873
NYU_test_ID,encoder_early,24.964392
NYU_test_ID,encoder_early,27.013475
NYU_test_ID,encoder_early,27.23172
NYU_test_ID,encoder_early,29.098814
NYU_test_ID,encoder_early,25.620953
NYU_test_ID,encoder_early,23.067976
NYU_test_ID,encoder_early,24.568047
NYU_test_ID,encoder_early,24.436901
NYU_test_ID,encoder_early,23.371649
NYU_test_ID,encoder_early,24.61549
NYU_test_ID,encoder_early,21.882927
NYU_test_ID,encoder_early,24.2909
NYU_test_ID,encoder_early,16.784382
NYU_test_ID,encoder_early,25.732407
NYU_test_ID,encoder_early,25.61795
NYU_test_ID,encoder_early,22.047272
NYU_test_ID,encoder_early,22.877205
NYU_test_ID,encoder_early,24.257267
NYU_test_ID,encoder_early,20.857107
NYU_test_ID,encoder_early,25.591175
NYU_test_ID,encoder_early,26.532253
NYU_test_ID,encoder_early,25.311264
NYU_test_ID,encoder_early,25.532888
NYU_test_ID,encoder_early,24.278265
NYU_test_ID,encoder_early,26.091196
NYU_test_ID,encoder_early,27.532192
NYU_test_ID,encoder_early,28.55409
NYU_test_ID,encoder_early,30.658089
NYU_test_ID,encoder_early,28.44541
NYU_test_ID,encoder_early,24.357141
NYU_test_ID,encoder_early,26.819254
NYU_test_ID,encoder_early,25.486376
NYU_test_ID,encoder_early,20.69031
NYU_test_ID,encoder_early,21.716766
NYU_test_ID,encoder_early,6.4285417
NYU_test_ID,encoder_early,27.863863
NYU_test_ID,encoder_early,28.191086
NYU_test_ID,encoder_early,27.79682
NYU_test_ID,encoder_early,26.826996
NYU_test_ID,encoder_early,27.755878
NYU_test_ID,encoder_early,26.50211
NYU_test_ID,encoder_early,25.899715
NYU_test_ID,encoder_early,26.192904
NYU_test_ID,encoder_early,23.021002
NYU_test_ID,encoder_early,23.93075
NYU_test_ID,encoder_early,26.211037
NYU_test_ID,encoder_early,26.529781
NYU_test_ID,encoder_early,25.540298
NYU_test_ID,encoder_early,25.223055
NYU_test_ID,encoder_early,24.877945
NYU_test_ID,encoder_early,25.157364
NYU_test_ID,encoder_early,26.074657
NYU_test_ID,encoder_early,20.393724
NYU_test_ID,encoder_early,26.258778
NYU_test_ID,encoder_early,23.083416
NYU_test_ID,encoder_early,24.222488
NYU_test_ID,encoder_early,27.630825
NYU_test_ID,encoder_early,28.678429
NYU_test_ID,encoder_early,29.20252
NYU_test_ID,encoder_early,25.289997
NYU_test_ID,encoder_early,20.540537
NYU_test_ID,encoder_early,23.138224
NYU_test_ID,encoder_early,24.523598
NYU_test_ID,encoder_early,25.453133
NYU_test_ID,encoder_early,26.480343
NYU_test_ID,encoder_early,23.576187
NYU_test_ID,encoder_early,22.964205
NYU_test_ID,encoder_early,20.444916
NYU_test_ID,encoder_early,22.971777
NYU_test_ID,encoder_early,24.134447
NYU_test_ID,encoder_early,25.191284
NYU_test_ID,encoder_early,22.911182
NYU_test_ID,encoder_early,24.88243
NYU_test_ID,encoder_early,26.590996
NYU_test_ID,encoder_early,28.100014
NYU_test_ID,encoder_early,27.866905
NYU_test_ID,encoder_early,25.436853
NYU_test_ID,encoder_early,28.25129
NYU_test_ID,encoder_early,24.399054
NYU_test_ID,encoder_early,21.422224
NYU_test_ID,encoder_early,23.077435
NYU_test_ID,encoder_early,26.702116
NYU_test_ID,encoder_early,28.384712
NYU_test_ID,encoder_early,28.287146
NYU_test_ID,encoder_early,27.71113
NYU_test_ID,encoder_early,23.987
NYU_test_ID,encoder_early,24.694326
NYU_test_ID,encoder_early,26.060722
NYU_test_ID,encoder_early,28.569973
NYU_test_ID,encoder_early,25.340546
NYU_test_ID,encoder_early,24.845032
NYU_test_ID,encoder_early,22.810316
NYU_test_ID,encoder_early,26.371906
NYU_test_ID,encoder_early,28.841867
NYU_test_ID,encoder_early,24.120575
NYU_test_ID,encoder_early,26.17572
NYU_test_ID,encoder_early,25.161245
NYU_test_ID,encoder_early,20.844627
NYU_test_ID,encoder_early,25.389894
NYU_test_ID,encoder_early,28.121761
NYU_test_ID,encoder_early,26.678911
NYU_test_ID,encoder_early,26.940666
NYU_test_ID,encoder_early,11.7814045
NYU_test_ID,encoder_early,16.897606
NYU_test_ID,encoder_early,19.246956
NYU_test_ID,encoder_early,21.002253
NYU_test_ID,encoder_early,21.506523
NYU_test_ID,encoder_early,22.814953
NYU_test_ID,encoder_early,19.608286
NYU_test_ID,encoder_early,16.913597
NYU_test_ID,encoder_early,22.242977
NYU_test_ID,encoder_early,22.098097
NYU_test_ID,encoder_early,24.721746
NYU_test_ID,encoder_early,21.3412
NYU_test_ID,encoder_early,21.614655
NYU_test_ID,encoder_early,23.957157
NYU_test_ID,encoder_early,23.753304
NYU_test_ID,encoder_early,20.821726
NYU_test_ID,encoder_early,27.22736
NYU_test_ID,encoder_early,16.789797
NYU_test_ID,encoder_early,17.878185
NYU_test_ID,encoder_early,23.248503
NYU_test_ID,encoder_early,18.839073
NYU_test_ID,encoder_early,11.304172
NYU_test_ID,encoder_early,9.512119
NYU_test_ID,encoder_early,9.693019
NYU_test_ID,encoder_early,24.056652
NYU_test_ID,encoder_early,19.855545
NYU_test_ID,encoder_early,14.574967
NYU_test_ID,encoder_early,21.752106
NYU_test_ID,encoder_early,20.166481
NYU_test_ID,encoder_early,24.491238
NYU_test_ID,encoder_early,24.201344
NYU_test_ID,encoder_early,24.673542
NYU_test_ID,encoder_early,21.435863
NYU_test_ID,encoder_early,23.38819
NYU_test_ID,encoder_early,19.396948
NYU_test_ID,encoder_early,17.397469
NYU_test_ID,encoder_early,21.419712
NYU_test_ID,encoder_early,14.125055
NYU_test_ID,encoder_early,19.269754
NYU_test_ID,encoder_early,12.233458
NYU_test_ID,encoder_early,17.427095
NYU_test_ID,encoder_early,5.7454057
NYU_test_ID,encoder_early,22.329811
NYU_test_ID,encoder_early,23.266966
NYU_test_ID,encoder_early,20.023912
NYU_test_ID,encoder_early,21.667393
NYU_test_ID,encoder_early,23.151182
NYU_test_ID,encoder_early,12.84341
NYU_test_ID,encoder_early,25.59956
NYU_test_ID,encoder_early,25.18415
NYU_test_ID,encoder_early,22.879599
NYU_test_ID,encoder_early,26.470797
NYU_test_ID,encoder_early,19.80618
NYU_test_ID,encoder_early,25.674713
NYU_test_ID,encoder_early,26.763153
NYU_test_ID,encoder_early,26.803783
NYU_test_ID,encoder_early,24.8598
NYU_test_ID,encoder_early,25.054485
NYU_test_ID,encoder_early,27.320606
NYU_test_ID,encoder_early,25.147429
NYU_test_ID,encoder_early,25.251133
NYU_test_ID,encoder_early,25.095898
NYU_test_ID,encoder_early,24.906544
NYU_test_ID,encoder_early,27.933632
NYU_test_ID,encoder_early,25.099949
NYU_test_ID,encoder_early,24.727818
NYU_test_ID,encoder_early,21.66097
NYU_test_ID,encoder_early,22.509256
NYU_test_ID,encoder_early,23.647575
NYU_test_ID,encoder_early,26.362167
NYU_test_ID,encoder_early,27.515676
NYU_test_ID,encoder_early,25.871181
NYU_test_ID,encoder_early,21.221588
NYU_test_ID,encoder_early,24.41443
NYU_test_ID,encoder_early,21.148426
NYU_test_ID,encoder_early,22.907005
NYU_test_ID,encoder_early,26.949854
NYU_test_ID,encoder_early,20.154737
NYU_test_ID,encoder_early,24.233833
NYU_test_ID,encoder_early,24.185461
NYU_test_ID,encoder_early,27.16938
NYU_test_ID,encoder_early,23.47403
NYU_test_ID,encoder_early,22.845173
NYU_test_ID,encoder_early,26.367775
NYU_test_ID,encoder_early,25.814905
NYU_test_ID,encoder_early,19.250292
NYU_test_ID,encoder_early,25.797958
NYU_test_ID,encoder_early,26.92202
NYU_test_ID,encoder_early,25.280834
NYU_test_ID,encoder_early,29.007883
NYU_test_ID,encoder_early,28.774958
NYU_test_ID,encoder_early,24.627998
NYU_test_ID,encoder_early,29.570139
NYU_test_ID,encoder_early,26.721773
NYU_test_ID,encoder_early,27.947449
NYU_test_ID,encoder_early,27.351429
NYU_test_ID,encoder_early,27.902622
NYU_test_ID,encoder_early,26.2322
NYU_test_ID,encoder_early,24.60731
NYU_test_ID,encoder_early,28.210686
NYU_test_ID,encoder_early,27.872232
NYU_test_ID,encoder_early,25.903732
NYU_test_ID,encoder_early,28.575443
NYU_test_ID,encoder_early,24.182291
NYU_test_ID,encoder_early,25.745632
NYU_test_ID,encoder_early,21.515186
NYU_test_ID,encoder_early,28.457846
NYU_test_ID,encoder_early,26.924511
NYU_test_ID,encoder_early,26.873125
NYU_test_ID,encoder_early,26.380486
NYU_test_ID,encoder_early,25.280727
NYU_test_ID,encoder_early,26.368713
NYU_test_ID,encoder_early,24.178068
NYU_test_ID,encoder_early,26.819529
NYU_test_ID,encoder_early,22.06368
NYU_test_ID,encoder_early,22.360868
NYU_test_ID,encoder_early,17.379423
NYU_test_ID,encoder_early,15.322143
NYU_test_ID,encoder_early,27.462082
NYU_test_ID,encoder_early,26.872974
NYU_test_ID,encoder_early,26.024584
NYU_test_ID,encoder_early,21.25151
NYU_test_ID,encoder_early,23.037437
NYU_test_ID,encoder_early,24.022823
NYU_test_ID,encoder_early,21.98091
NYU_test_ID,encoder_early,22.261358
NYU_test_ID,encoder_early,22.723518
NYU_test_ID,encoder_early,26.76639
NYU_test_ID,encoder_early,27.827301
NYU_test_ID,encoder_early,25.005695
NYU_test_ID,encoder_early,27.812757
NYU_test_ID,encoder_early,23.028122
NYU_test_ID,encoder_early,23.750359
NYU_test_ID,encoder_early,26.756481
NYU_test_ID,encoder_early,26.619614
NYU_test_ID,encoder_early,28.315409
NYU_test_ID,encoder_early,21.59411
NYU_test_ID,encoder_early,20.726347
NYU_test_ID,encoder_early,26.129963
NYU_test_ID,encoder_early,24.267748
NYU_test_ID,encoder_early,26.09193
NYU_test_ID,encoder_early,13.489564
NYU_test_ID,encoder_early,20.80775
NYU_test_ID,encoder_early,22.052519
NYU_test_ID,encoder_early,26.28837
NYU_test_ID,encoder_early,24.365864
NYU_test_ID,encoder_early,19.635986
NYU_test_ID,encoder_early,18.71163
NYU_test_ID,encoder_early,20.60919
NYU_test_ID,encoder_early,27.843088
NYU_test_ID,encoder_early,24.436438
NYU_test_ID,encoder_early,26.51487
NYU_test_ID,encoder_early,25.59244
NYU_test_ID,encoder_early,24.94083
NYU_test_ID,encoder_early,25.662424
NYU_test_ID,encoder_early,25.576963
NYU_test_ID,encoder_early,25.479918
NYU_test_ID,encoder_early,21.520485
NYU_test_ID,encoder_early,21.764778
NYU_test_ID,encoder_early,25.356506
NYU_test_ID,encoder_early,21.576473
NYU_test_ID,encoder_early,26.422031
NYU_test_ID,encoder_early,23.607134
NYU_test_ID,encoder_early,24.196066
NYU_test_ID,encoder_early,20.50115
NYU_test_ID,encoder_early,11.642932
NYU_test_ID,encoder_early,20.41552
NYU_test_ID,encoder_early,26.64806
NYU_test_ID,encoder_early,17.893356
NYU_test_ID,encoder_early,21.916653
NYU_test_ID,encoder_early,23.976654
NYU_test_ID,encoder_early,20.054317
NYU_test_ID,encoder_early,26.438837
NYU_test_ID,encoder_early,20.774004
NYU_test_ID,encoder_early,20.153728
NYU_test_ID,encoder_early,27.878391
NYU_test_ID,encoder_early,24.12758
NYU_test_ID,encoder_early,28.359632
NYU_test_ID,encoder_early,25.430458
NYU_test_ID,encoder_early,29.392145
NYU_test_ID,encoder_early,21.688675
NYU_test_ID,encoder_early,29.458136
NYU_test_ID,encoder_early,27.220213
NYU_test_ID,encoder_early,21.246965
NYU_test_ID,encoder_early,31.403217
NYU_test_ID,encoder_early,26.40087
NYU_test_ID,encoder_early,28.979002
NYU_test_ID,encoder_early,26.125751
NYU_test_ID,encoder_early,22.932066
NYU_test_ID,encoder_early,21.026102
NYU_test_ID,encoder_early,21.528433
NYU_test_ID,encoder_early,27.16597
NYU_test_ID,encoder_early,27.361668
NYU_test_ID,encoder_early,25.879154
NYU_test_ID,encoder_early,26.785711
NYU_test_ID,encoder_early,25.425465
NYU_test_ID,encoder_early,24.146212
NYU_test_ID,encoder_early,25.407288
NYU_test_ID,encoder_early,23.507662
NYU_test_ID,encoder_early,29.370731
NYU_test_ID,encoder_early,31.840864
NYU_test_ID,encoder_early,21.864372
NYU_test_ID,encoder_early,21.423271
NYU_test_ID,encoder_early,26.160648
NYU_test_ID,encoder_early,18.722218
NYU_test_ID,encoder_early,22.73085
NYU_test_ID,encoder_early,24.413162
NYU_test_ID,encoder_early,20.880198
NYU_test_ID,encoder_early,25.116995
NYU_test_ID,encoder_early,23.72456
NYU_test_ID,encoder_early,22.446075
NYU_test_ID,encoder_early,25.357882
NYU_test_ID,encoder_early,21.363068
NYU_test_ID,encoder_early,22.35601
NYU_test_ID,encoder_early,24.378565
NYU_test_ID,encoder_early,24.811625
NYU_test_ID,encoder_early,23.500288
NYU_test_ID,encoder_early,23.386444
NYU_test_ID,encoder_early,25.471441
NYU_test_ID,encoder_early,19.0875
NYU_test_ID,encoder_early,24.393448
NYU_test_ID,encoder_early,25.523275
NYU_test_ID,encoder_early,23.575876
NYU_test_ID,encoder_early,27.031876
NYU_test_ID,encoder_early,26.141094
NYU_test_ID,encoder_early,13.932261
NYU_test_ID,encoder_early,21.86868
NYU_test_ID,encoder_early,14.702718
NYU_test_ID,encoder_early,20.933075
NYU_test_ID,encoder_early,24.262539
NYU_test_ID,encoder_early,25.38331
NYU_test_ID,encoder_early,28.511436
NYU_test_ID,encoder_early,24.137339
NYU_test_ID,encoder_early,20.007198
NYU_test_ID,encoder_early,21.768034
NYU_test_ID,encoder_early,17.56058
NYU_test_ID,encoder_early,3.2126293
NYU_test_ID,encoder_early,25.505957
NYU_test_ID,encoder_early,24.54455
NYU_test_ID,encoder_early,23.876736
NYU_test_ID,encoder_early,25.246681
NYU_test_ID,encoder_early,27.628153
NYU_test_ID,encoder_early,24.560783
NYU_test_ID,encoder_early,26.32929
NYU_test_ID,encoder_early,20.033546
NYU_test_ID,encoder_early,26.165667
NYU_test_ID,encoder_early,26.162321
NYU_test_ID,encoder_early,22.592777
NYU_test_ID,encoder_early,23.826294
NYU_test_ID,encoder_early,23.933218
NYU_test_ID,encoder_early,15.51771
NYU_test_ID,encoder_early,25.3605
NYU_test_ID,encoder_early,25.60215
NYU_test_ID,encoder_early,25.680298
NYU_test_ID,encoder_early,24.36379
NYU_test_ID,encoder_early,24.337046
NYU_test_ID,encoder_early,28.350126
NYU_test_ID,encoder_early,27.57446
NYU_test_ID,encoder_early,25.944233
NYU_test_ID,encoder_early,28.15199
NYU_test_ID,encoder_early,28.005825
NYU_test_ID,encoder_early,21.657455
NYU_test_ID,encoder_early,22.621277
NYU_test_ID,encoder_early,25.836311
NYU_test_ID,encoder_early,25.235687
NYU_test_ID,encoder_early,28.07539
NYU_test_ID,encoder_early,22.697483
NYU_test_ID,encoder_early,25.367428
NYU_test_ID,encoder_early,24.020657
NYU_test_ID,encoder_early,23.258587
NYU_test_ID,encoder_early,25.809563
NYU_test_ID,encoder_early,22.7716
NYU_test_ID,encoder_early,23.822544
NYU_test_ID,encoder_early,25.979506
NYU_test_ID,encoder_early,27.341808
NYU_test_ID,encoder_early,26.302923
NYU_test_ID,encoder_early,28.583487
NYU_test_ID,encoder_early,25.482563
NYU_test_ID,encoder_early,28.317684
NYU_test_ID,encoder_early,25.338139
NYU_test_ID,encoder_early,25.907066
NYU_test_ID,encoder_early,22.523855
NYU_test_ID,encoder_early,19.205862
NYU_test_ID,encoder_early,24.302639
NYU_test_ID,encoder_early,21.471107
NYU_test_ID,encoder_early,18.228996
NYU_test_ID,encoder_early,21.355072
NYU_test_ID,encoder_early,18.694052
NYU_test_ID,encoder_early,20.989744
NYU_test_ID,encoder_early,24.896057
NYU_test_ID,encoder_early,20.647121
NYU_test_ID,encoder_early,25.563358
NYU_test_ID,encoder_early,25.465958
NYU_test_ID,encoder_early,20.014286
NYU_test_ID,encoder_early,24.72886
NYU_test_ID,encoder_early,22.71746
NYU_test_ID,encoder_early,24.491127
NYU_test_ID,encoder_early,29.023533
NYU_test_ID,encoder_early,26.276127
NYU_test_ID,encoder_early,25.203022
NYU_test_ID,encoder_early,23.048569
NYU_test_ID,encoder_early,26.337873
NYU_test_ID,encoder_early,26.116835
NYU_test_ID,encoder_early,20.637241
NYU_test_ID,encoder_early,23.246243
NYU_test_ID,encoder_early,29.794483
NYU_test_ID,encoder_early,25.718916
NYU_test_ID,encoder_early,24.370234
NYU_test_ID,encoder_early,22.857014
NYU_test_ID,encoder_early,26.298141
NYU_test_ID,encoder_early,27.263678
NYU_test_ID,encoder_early,26.775623
NYU_test_ID,encoder_early,25.011244
NYU_test_ID,encoder_early,22.009941
NYU_test_ID,encoder_early,19.352
NYU_test_ID,encoder_early,24.778452
NYU_test_ID,encoder_early,20.80699
NYU_test_ID,encoder_early,24.800762
NYU_test_ID,encoder_early,22.275011
NYU_test_ID,encoder_early,24.408419
NYU_test_ID,encoder_early,25.824654
NYU_test_ID,encoder_early,27.488478
NYU_test_ID,encoder_early,21.629412
NYU_test_ID,encoder_early,27.633299
NYU_test_ID,encoder_early,22.727383
NYU_test_ID,encoder_early,24.765057
NYU_test_ID,encoder_early,28.420101
NYU_test_ID,encoder_early,20.374014
NYU_test_ID,encoder_early,23.056145
NYU_test_ID,encoder_early,25.545326
NYU_test_ID,encoder_early,26.668072
NYU_test_ID,encoder_early,25.195919
NYU_test_ID,encoder_early,23.035557
NYU_test_ID,encoder_early,24.50331
NYU_test_ID,encoder_early,25.528212
NYU_test_ID,encoder_early,25.476358
NYU_test_ID,encoder_early,22.395977
NYU_test_ID,encoder_early,17.237392
NYU_test_ID,encoder_early,26.040253
NYU_test_ID,encoder_early,25.775635
NYU_test_ID,encoder_early,27.737192
NYU_test_ID,encoder_early,22.80389
NYU_test_ID,encoder_early,25.069593
NYU_test_ID,encoder_early,24.144863
NYU_test_ID,encoder_early,22.891153
NYU_test_ID,encoder_early,21.057787
NYU_test_ID,encoder_early,23.741722
NYU_test_ID,encoder_early,27.887524
NYU_test_ID,encoder_early,26.725363
NYU_test_ID,encoder_early,21.779915
NYU_test_ID,encoder_early,24.286837
NYU_test_ID,encoder_early,26.26859
NYU_test_ID,encoder_early,22.306643
NYU_test_ID,encoder_early,23.722513
NYU_test_ID,encoder_early,26.285938
NYU_test_ID,encoder_early,22.968903
NYU_test_ID,encoder_early,23.544565
NYU_test_ID,encoder_early,26.5657
NYU_test_ID,encoder_early,26.205631
NYU_test_ID,encoder_early,23.543518
NYU_test_ID,encoder_early,28.673655
NYU_test_ID,encoder_early,26.775517
NYU_test_ID,encoder_early,24.639984
NYU_test_ID,encoder_early,23.66647
NYU_test_ID,encoder_early,27.556417
NYU_test_ID,encoder_early,27.084429
NYU_test_ID,encoder_early,20.862614
NYU_test_ID,encoder_early,25.432644
NYU_test_ID,encoder_early,24.438562
NYU_test_ID,encoder_early,24.960556
NYU_test_ID,encoder_early,26.816334
NYU_test_ID,encoder_early,23.519932
NYU_test_ID,encoder_early,23.636332
NYU_test_ID,encoder_early,23.889772
NYU_test_ID,encoder_early,23.344025
NYU_test_ID,encoder_early,25.449232
NYU_test_ID,encoder_early,29.92881
NYU_test_ID,encoder_early,26.454067
NYU_test_ID,encoder_early,27.048916
NYU_test_ID,encoder_early,25.474487
NYU_test_ID,encoder_early,24.355804
NYU_test_ID,encoder_early,24.742401
NYU_test_ID,encoder_early,25.619715
NYU_test_ID,encoder_early,23.286245
NYU_test_ID,encoder_early,23.889086
NYU_test_ID,encoder_early,23.92581
NYU_test_ID,encoder_early,25.416676
NYU_test_ID,encoder_early,25.309696
NYU_test_ID,encoder_middle,-41.42856
NYU_test_ID,encoder_middle,-44.571007
NYU_test_ID,encoder_middle,-33.76786
NYU_test_ID,encoder_middle,-37.250195
NYU_test_ID,encoder_middle,-46.456112
NYU_test_ID,encoder_middle,-34.927658
NYU_test_ID,encoder_middle,-40.922432
NYU_test_ID,encoder_middle,-42.783348
NYU_test_ID,encoder_middle,-32.230778
NYU_test_ID,encoder_middle,-41.337627
NYU_test_ID,encoder_middle,-31.203693
NYU_test_ID,encoder_middle,-36.480064
NYU_test_ID,encoder_middle,-38.07566
NYU_test_ID,encoder_middle,-40.02666
NYU_test_ID,encoder_middle,-35.894577
NYU_test_ID,encoder_middle,-44.283165
NYU_test_ID,encoder_middle,-34.942837
NYU_test_ID,encoder_middle,-36.155563
NYU_test_ID,encoder_middle,-35.570465
NYU_test_ID,encoder_middle,-43.04651
NYU_test_ID,encoder_middle,-36.705482
NYU_test_ID,encoder_middle,-36.02737
NYU_test_ID,encoder_middle,-31.758307
NYU_test_ID,encoder_middle,-56.227055
NYU_test_ID,encoder_middle,-42.025276
NYU_test_ID,encoder_middle,-34.546597
NYU_test_ID,encoder_middle,-37.791504
NYU_test_ID,encoder_middle,-47.30325
NYU_test_ID,encoder_middle,-45.68573
NYU_test_ID,encoder_middle,-40.45331
NYU_test_ID,encoder_middle,-37.862488
NYU_test_ID,encoder_middle,-40.27018
NYU_test_ID,encoder_middle,-39.67916
NYU_test_ID,encoder_middle,-40.832535
NYU_test_ID,encoder_middle,-39.239227
NYU_test_ID,encoder_middle,-36.988815
NYU_test_ID,encoder_middle,-31.166685
NYU_test_ID,encoder_middle,-42.256744
NYU_test_ID,encoder_middle,-52.51488
NYU_test_ID,encoder_middle,-47.912605
NYU_test_ID,encoder_middle,-45.451626
NYU_test_ID,encoder_middle,-43.58368
NYU_test_ID,encoder_middle,-54.57323
NYU_test_ID,encoder_middle,-40.20496
NYU_test_ID,encoder_middle,-51.51413
NYU_test_ID,encoder_middle,-44.90914
NYU_test_ID,encoder_middle,-52.65312
NYU_test_ID,encoder_middle,-40.772827
NYU_test_ID,encoder_middle,-41.501938
NYU_test_ID,encoder_middle,-40.891735
NYU_test_ID,encoder_middle,-40.278076
NYU_test_ID,encoder_middle,-35.872818
NYU_test_ID,encoder_middle,-38.894127
NYU_test_ID,encoder_middle,-39.49846
NYU_test_ID,encoder_middle,-41.392742
NYU_test_ID,encoder_middle,-44.25173
NYU_test_ID,encoder_middle,-45.635166
NYU_test_ID,encoder_middle,-38.726315
NYU_test_ID,encoder_middle,-41.215824
NYU_test_ID,encoder_middle,-52.783447
NYU_test_ID,encoder_middle,-49.801464
NYU_test_ID,encoder_middle,-36.876896
NYU_test_ID,encoder_middle,-38.868404
NYU_test_ID,encoder_middle,-47.428932
NYU_test_ID,encoder_middle,-40.960518
NYU_test_ID,encoder_middle,-34.675575
NYU_test_ID,encoder_middle,-31.851297
NYU_test_ID,encoder_middle,-39.86083
NYU_test_ID,encoder_middle,-43.16059
NYU_test_ID,encoder_middle,-39.049576
NYU_test_ID,encoder_middle,-43.06155
NYU_test_ID,encoder_middle,-39.07066
NYU_test_ID,encoder_middle,-37.583836
NYU_test_ID,encoder_middle,-40.374447
NYU_test_ID,encoder_middle,-41.382095
NYU_test_ID,encoder_middle,-34.27146
NYU_test_ID,encoder_middle,-40.403778
NYU_test_ID,encoder_middle,-46.51744
NYU_test_ID,encoder_middle,-36.12924
NYU_test_ID,encoder_middle,-39.955475
NYU_test_ID,encoder_middle,-42.525284
NYU_test_ID,encoder_middle,-44.62745
NYU_test_ID,encoder_middle,-49.99928
NYU_test_ID,encoder_middle,-49.35718
NYU_test_ID,encoder_middle,-47.940994
NYU_test_ID,encoder_middle,-46.905033
NYU_test_ID,encoder_middle,-46.030525
NYU_test_ID,encoder_middle,-40.151035
NYU_test_ID,encoder_middle,-56.814587
NYU_test_ID,encoder_middle,-37.208656
NYU_test_ID,encoder_middle,-45.238564
NYU_test_ID,encoder_middle,-45.934837
NYU_test_ID,encoder_middle,-43.20457
NYU_test_ID,encoder_middle,-40.73123
NYU_test_ID,encoder_middle,-40.169823
NYU_test_ID,encoder_middle,-44.491848
NYU_test_ID,encoder_middle,-39.939182
NYU_test_ID,encoder_middle,-40.79346
NYU_test_ID,encoder_middle,-39.397873
NYU_test_ID,encoder_middle,-45.129974
NYU_test_ID,encoder_middle,-36.60267
NYU_test_ID,encoder_middle,-50.77337
NYU_test_ID,encoder_middle,-38.93295
NYU_test_ID,encoder_middle,-43.078014
NYU_test_ID,encoder_middle,-44.160126
NYU_test_ID,encoder_middle,-32.52964
NYU_test_ID,encoder_middle,-42.210476
NYU_test_ID,encoder_middle,-40.394466
NYU_test_ID,encoder_middle,-44.75722
NYU_test_ID,encoder_middle,-39.926342
NYU_test_ID,encoder_middle,-43.65367
NYU_test_ID,encoder_middle,-32.79869
NYU_test_ID,encoder_middle,-43.377968
NYU_test_ID,encoder_middle,-36.879204
NYU_test_ID,encoder_middle,-39.524807
NYU_test_ID,encoder_middle,-38.710945
NYU_test_ID,encoder_middle,-37.29864
NYU_test_ID,encoder_middle,-39.161674
NYU_test_ID,encoder_middle,-43.364246
NYU_test_ID,encoder_middle,-39.36096
NYU_test_ID,encoder_middle,-36.36405
NYU_test_ID,encoder_middle,-41.278152
NYU_test_ID,encoder_middle,-35.05008
NYU_test_ID,encoder_middle,-39.695717
NYU_test_ID,encoder_middle,-40.65735
NYU_test_ID,encoder_middle,-38.05582
NYU_test_ID,encoder_middle,-35.409927
NYU_test_ID,encoder_middle,-32.910534
NYU_test_ID,encoder_middle,-36.4389
NYU_test_ID,encoder_middle,-33.538998
NYU_test_ID,encoder_middle,-46.605137
NYU_test_ID,encoder_middle,-37.712208
NYU_test_ID,encoder_middle,-38.819138
NYU_test_ID,encoder_middle,-32.32178
NYU_test_ID,encoder_middle,-40.779175
NYU_test_ID,encoder_middle,-38.97064
NYU_test_ID,encoder_middle,-39.32381
NYU_test_ID,encoder_middle,-37.34461
NYU_test_ID,encoder_middle,-39.500954
NYU_test_ID,encoder_middle,-42.543873
NYU_test_ID,encoder_middle,-40.621124
NYU_test_ID,encoder_middle,-40.53247
NYU_test_ID,encoder_middle,-39.821537
NYU_test_ID,encoder_middle,-34.98492
NYU_test_ID,encoder_middle,-29.967918
NYU_test_ID,encoder_middle,-45.251152
NYU_test_ID,encoder_middle,-40.000782
NYU_test_ID,encoder_middle,-49.484894
NYU_test_ID,encoder_middle,-43.649582
NYU_test_ID,encoder_middle,-53.518814
NYU_test_ID,encoder_middle,-41.46485
NYU_test_ID,encoder_middle,-47.763897
NYU_test_ID,encoder_middle,-58.416763
NYU_test_ID,encoder_middle,-57.518738
NYU_test_ID,encoder_middle,-46.32634
NYU_test_ID,encoder_middle,-32.90845
NYU_test_ID,encoder_middle,-41.613148
NYU_test_ID,encoder_middle,-36.98182
NYU_test_ID,encoder_middle,-39.210182
NYU_test_ID,encoder_middle,-37.559937
NYU_test_ID,encoder_middle,-42.71591
NYU_test_ID,encoder_middle,-29.02336
NYU_test_ID,encoder_middle,-30.4187
NYU_test_ID,encoder_middle,-43.038147
NYU_test_ID,encoder_middle,-28.6486
NYU_test_ID,encoder_middle,-32.21759
NYU_test_ID,encoder_middle,-38.14556
NYU_test_ID,encoder_middle,-36.0643
NYU_test_ID,encoder_middle,-38.97218
NYU_test_ID,encoder_middle,-43.628708
NYU_test_ID,encoder_middle,-38.504093
NYU_test_ID,encoder_middle,-41.418484
NYU_test_ID,encoder_middle,-35.367123
NYU_test_ID,encoder_middle,-40.248646
NYU_test_ID,encoder_middle,-35.144466
NYU_test_ID,encoder_middle,-43.086884
NYU_test_ID,encoder_middle,-43.465622
NYU_test_ID,encoder_middle,-38.481647
NYU_test_ID,encoder_middle,-44.47824
NYU_test_ID,encoder_middle,-43.893135
NYU_test_ID,encoder_middle,-41.71788
NYU_test_ID,encoder_middle,-33.88652
NYU_test_ID,encoder_middle,-38.91176
NYU_test_ID,encoder_middle,-35.72458
NYU_test_ID,encoder_middle,-43.711258
NYU_test_ID,encoder_middle,-38.290333
NYU_test_ID,encoder_middle,-35.69111
NYU_test_ID,encoder_middle,-38.5398
NYU_test_ID,encoder_middle,-34.375275
NYU_test_ID,encoder_middle,-36.60901
NYU_test_ID,encoder_middle,-33.366653
NYU_test_ID,encoder_middle,-40.601097
NYU_test_ID,encoder_middle,-36.51504
NYU_test_ID,encoder_middle,-33.447628
NYU_test_ID,encoder_middle,-35.328175
NYU_test_ID,encoder_middle,-36.315994
NYU_test_ID,encoder_middle,-41.651318
NYU_test_ID,encoder_middle,-44.2613
NYU_test_ID,encoder_middle,-49.707214
NYU_test_ID,encoder_middle,-47.835808
NYU_test_ID,encoder_middle,-39.06891
NYU_test_ID,encoder_middle,-43.50837
NYU_test_ID,encoder_middle,-37.36099
NYU_test_ID,encoder_middle,-44.243214
NYU_test_ID,encoder_middle,-48.17466
NYU_test_ID,encoder_middle,-50.7406
NYU_test_ID,encoder_middle,-51.567158
NYU_test_ID,encoder_middle,-41.955437
NYU_test_ID,encoder_middle,-41.641987
NYU_test_ID,encoder_middle,-48.96375
NYU_test_ID,encoder_middle,-51.402622
NYU_test_ID,encoder_middle,-38.29327
NYU_test_ID,encoder_middle,-38.76546
NYU_test_ID,encoder_middle,-34.88204
NYU_test_ID,encoder_middle,-48.356895
NYU_test_ID,encoder_middle,-53.57567
NYU_test_ID,encoder_middle,-45.55375
NYU_test_ID,encoder_middle,-45.94448
NYU_test_ID,encoder_middle,-42.854683
NYU_test_ID,encoder_middle,-45.811676
NYU_test_ID,encoder_middle,-35.932774
NYU_test_ID,encoder_middle,-28.211851
NYU_test_ID,encoder_middle,-39.374332
NYU_test_ID,encoder_middle,-40.990356
NYU_test_ID,encoder_middle,-50.668873
NYU_test_ID,encoder_middle,-43.10786
NYU_test_ID,encoder_middle,-44.434147
NYU_test_ID,encoder_middle,-46.924816
NYU_test_ID,encoder_middle,-39.485985
NYU_test_ID,encoder_middle,-44.49866
NYU_test_ID,encoder_middle,-39.12001
NYU_test_ID,encoder_middle,-35.752728
NYU_test_ID,encoder_middle,-31.93832
NYU_test_ID,encoder_middle,-31.446615
NYU_test_ID,encoder_middle,-33.543865
NYU_test_ID,encoder_middle,-37.067474
NYU_test_ID,encoder_middle,-40.707153
NYU_test_ID,encoder_middle,-40.988457
NYU_test_ID,encoder_middle,-35.966076
NYU_test_ID,encoder_middle,-40.542515
NYU_test_ID,encoder_middle,-32.45726
NYU_test_ID,encoder_middle,-39.184845
NYU_test_ID,encoder_middle,-43.586964
NYU_test_ID,encoder_middle,-34.296337
NYU_test_ID,encoder_middle,-41.48251
NYU_test_ID,encoder_middle,-42.33451
NYU_test_ID,encoder_middle,-47.66327
NYU_test_ID,encoder_middle,-40.342144
NYU_test_ID,encoder_middle,-44.364094
NYU_test_ID,encoder_middle,-35.908554
NYU_test_ID,encoder_middle,-39.12667
NYU_test_ID,encoder_middle,-46.225155
NYU_test_ID,encoder_middle,-43.438164
NYU_test_ID,encoder_middle,-36.44301
NYU_test_ID,encoder_middle,-39.27624
NYU_test_ID,encoder_middle,-47.22318
NYU_test_ID,encoder_middle,-41.461826
NYU_test_ID,encoder_middle,-37.259426
NYU_test_ID,encoder_middle,-38.025887
NYU_test_ID,encoder_middle,-38.296085
NYU_test_ID,encoder_middle,-40.92678
NYU_test_ID,encoder_middle,-39.994957
NYU_test_ID,encoder_middle,-36.539303
NYU_test_ID,encoder_middle,-38.616783
NYU_test_ID,encoder_middle,-52.559147
NYU_test_ID,encoder_middle,-41.511467
NYU_test_ID,encoder_middle,-51.864532
NYU_test_ID,encoder_middle,-52.383774
NYU_test_ID,encoder_middle,-45.274254
NYU_test_ID,encoder_middle,-38.126743
NYU_test_ID,encoder_middle,-46.73058
NYU_test_ID,encoder_middle,-46.29245
NYU_test_ID,encoder_middle,-46.35407
NYU_test_ID,encoder_middle,-41.942623
NYU_test_ID,encoder_middle,-46.748486
NYU_test_ID,encoder_middle,-43.291515
NYU_test_ID,encoder_middle,-46.512608
NYU_test_ID,encoder_middle,-43.058258
NYU_test_ID,encoder_middle,-44.907856
NYU_test_ID,encoder_middle,-38.81261
NYU_test_ID,encoder_middle,-35.079292
NYU_test_ID,encoder_middle,-43.97873
NYU_test_ID,encoder_middle,-47.939163
NYU_test_ID,encoder_middle,-41.270386
NYU_test_ID,encoder_middle,-43.398502
NYU_test_ID,encoder_middle,-52.7164
NYU_test_ID,encoder_middle,-48.429173
NYU_test_ID,encoder_middle,-43.98033
NYU_test_ID,encoder_middle,-40.39548
NYU_test_ID,encoder_middle,-46.257816
NYU_test_ID,encoder_middle,-36.23892
NYU_test_ID,encoder_middle,-32.902447
NYU_test_ID,encoder_middle,-44.086296
NYU_test_ID,encoder_middle,-43.17864
NYU_test_ID,encoder_middle,-43.518894
NYU_test_ID,encoder_middle,-40.28081
NYU_test_ID,encoder_middle,-30.67452
NYU_test_ID,encoder_middle,-43.411915
NYU_test_ID,encoder_middle,-48.878117
NYU_test_ID,encoder_middle,-47.636105
NYU_test_ID,encoder_middle,-40.519684
NYU_test_ID,encoder_middle,-56.105145
NYU_test_ID,encoder_middle,-50.46224
NYU_test_ID,encoder_middle,-47.236225
NYU_test_ID,encoder_middle,-48.778072
NYU_test_ID,encoder_middle,-56.892303
NYU_test_ID,encoder_middle,-48.414967
NYU_test_ID,encoder_middle,-49.30298
NYU_test_ID,encoder_middle,-50.36934
NYU_test_ID,encoder_middle,-42.02706
NYU_test_ID,encoder_middle,-44.800137
NYU_test_ID,encoder_middle,-38.324917
NYU_test_ID,encoder_middle,-46.40104
NYU_test_ID,encoder_middle,-47.68165
NYU_test_ID,encoder_middle,-50.959446
NYU_test_ID,encoder_middle,-39.320198
NYU_test_ID,encoder_middle,-49.564518
NYU_test_ID,encoder_middle,-44.715168
NYU_test_ID,encoder_middle,-32.94024
NYU_test_ID,encoder_middle,-42.57958
NYU_test_ID,encoder_middle,-39.925636
NYU_test_ID,encoder_middle,-37.46648
NYU_test_ID,encoder_middle,-59.913395
NYU_test_ID,encoder_middle,-50.43358
NYU_test_ID,encoder_middle,-31.236406
NYU_test_ID,encoder_middle,-35.61909
NYU_test_ID,encoder_middle,-47.560562
NYU_test_ID,encoder_middle,-43.92218
NYU_test_ID,encoder_middle,-54.864166
NYU_test_ID,encoder_middle,-36.247875
NYU_test_ID,encoder_middle,-45.62196
NYU_test_ID,encoder_middle,-41.3646
NYU_test_ID,encoder_middle,-36.865215
NYU_test_ID,encoder_middle,-35.04996
NYU_test_ID,encoder_middle,-49.60275
NYU_test_ID,encoder_middle,-39.186848
NYU_test_ID,encoder_middle,-37.796104
NYU_test_ID,encoder_middle,-44.458054
NYU_test_ID,encoder_middle,-41.495663
NYU_test_ID,encoder_middle,-36.0258
NYU_test_ID,encoder_middle,-43.14521
NYU_test_ID,encoder_middle,-33.579437
NYU_test_ID,encoder_middle,-39.686573
NYU_test_ID,encoder_middle,-37.21097
NYU_test_ID,encoder_middle,-39.58785
NYU_test_ID,encoder_middle,-49.002483
NYU_test_ID,encoder_middle,-41.58803
NYU_test_ID,encoder_middle,-45.498
NYU_test_ID,encoder_middle,-49.352337
NYU_test_ID,encoder_middle,-38.353012
NYU_test_ID,encoder_middle,-40.010662
NYU_test_ID,encoder_middle,-37.746796
NYU_test_ID,encoder_middle,-45.316425
NYU_test_ID,encoder_middle,-39.517464
NYU_test_ID,encoder_middle,-43.16756
NYU_test_ID,encoder_middle,-42.22872
NYU_test_ID,encoder_middle,-37.294518
NYU_test_ID,encoder_middle,-37.886906
NYU_test_ID,encoder_middle,-44.07279
NYU_test_ID,encoder_middle,-39.125637
NYU_test_ID,encoder_middle,-42.35556
NYU_test_ID,encoder_middle,-36.642895
NYU_test_ID,encoder_middle,-39.172337
NYU_test_ID,encoder_middle,-38.274055
NYU_test_ID,encoder_middle,-42.664764
NYU_test_ID,encoder_middle,-34.958107
NYU_test_ID,encoder_middle,-36.452972
NYU_test_ID,encoder_middle,-48.756508
NYU_test_ID,encoder_middle,-37.209312
NYU_test_ID,encoder_middle,-41.41512
NYU_test_ID,encoder_middle,-40.64334
NYU_test_ID,encoder_middle,-39.87221
NYU_test_ID,encoder_middle,-40.71469
NYU_test_ID,encoder_middle,-40.71899
NYU_test_ID,encoder_middle,-37.08203
NYU_test_ID,encoder_middle,-48.915916
NYU_test_ID,encoder_middle,-55.251312
NYU_test_ID,encoder_middle,-38.07609
NYU_test_ID,encoder_middle,-45.098454
NYU_test_ID,encoder_middle,-37.816807
NYU_test_ID,encoder_middle,-49.064034
NYU_test_ID,encoder_middle,-46.92567
NYU_test_ID,encoder_middle,-51.885685
NYU_test_ID,encoder_middle,-49.4205
NYU_test_ID,encoder_middle,-37.147472
NYU_test_ID,encoder_middle,-38.667587
NYU_test_ID,encoder_middle,-40.169422
NYU_test_ID,encoder_middle,-39.858074
NYU_test_ID,encoder_middle,-44.260246
NYU_test_ID,encoder_middle,-36.0721
NYU_test_ID,encoder_middle,-37.236603
NYU_test_ID,encoder_middle,-41.514587
NYU_test_ID,encoder_middle,-41.637974
NYU_test_ID,encoder_middle,-36.434074
NYU_test_ID,encoder_middle,-32.94877
NYU_test_ID,encoder_middle,-34.064964
NYU_test_ID,encoder_middle,-35.861176
NYU_test_ID,encoder_middle,-44.125298
NYU_test_ID,encoder_middle,-34.321495
NYU_test_ID,encoder_middle,-41.756195
NYU_test_ID,encoder_middle,-35.1288
NYU_test_ID,encoder_middle,-38.82366
NYU_test_ID,encoder_middle,-32.922157
NYU_test_ID,encoder_middle,-40.89558
NYU_test_ID,encoder_middle,-44.18543
NYU_test_ID,encoder_middle,-38.460205
NYU_test_ID,encoder_middle,-39.393597
NYU_test_ID,encoder_middle,-45.698097
NYU_test_ID,encoder_middle,-39.096714
NYU_test_ID,encoder_middle,-38.58876
NYU_test_ID,encoder_middle,-43.43502
NYU_test_ID,encoder_middle,-35.69795
NYU_test_ID,encoder_middle,-36.8767
NYU_test_ID,encoder_middle,-35.932076
NYU_test_ID,encoder_middle,-38.05401
NYU_test_ID,encoder_middle,-49.13337
NYU_test_ID,encoder_middle,-42.18743
NYU_test_ID,encoder_middle,-43.463528
NYU_test_ID,encoder_middle,-51.80089
NYU_test_ID,encoder_middle,-38.661713
NYU_test_ID,encoder_middle,-42.82169
NYU_test_ID,encoder_middle,-46.17305
NYU_test_ID,encoder_middle,-36.915943
NYU_test_ID,encoder_middle,-39.208397
NYU_test_ID,encoder_middle,-43.610786
NYU_test_ID,encoder_middle,-39.595154
NYU_test_ID,encoder_middle,-47.499733
NYU_test_ID,encoder_middle,-39.21193
NYU_test_ID,encoder_middle,-41.43783
NYU_test_ID,encoder_middle,-43.130272
NYU_test_ID,encoder_middle,-36.75458
NYU_test_ID,encoder_middle,-39.97925
NYU_test_ID,encoder_middle,-45.615616
NYU_test_ID,encoder_middle,-35.163033
NYU_test_ID,encoder_middle,-31.481226
NYU_test_ID,encoder_middle,-37.764515
NYU_test_ID,encoder_middle,-43.694206
NYU_test_ID,encoder_middle,-39.410717
NYU_test_ID,encoder_middle,-40.98058
NYU_test_ID,encoder_middle,-50.15497
NYU_test_ID,encoder_middle,-31.095295
NYU_test_ID,encoder_middle,-39.44306
NYU_test_ID,encoder_middle,-38.785877
NYU_test_ID,encoder_middle,-41.86385
NYU_test_ID,encoder_middle,-42.518795
NYU_test_ID,encoder_middle,-39.18729
NYU_test_ID,encoder_middle,-35.10055
NYU_test_ID,encoder_middle,-41.14364
NYU_test_ID,encoder_middle,-38.218445
NYU_test_ID,encoder_middle,-44.92307
NYU_test_ID,encoder_middle,-39.431625
NYU_test_ID,encoder_middle,-48.674732
NYU_test_ID,encoder_middle,-43.13748
NYU_test_ID,encoder_middle,-52.130245
NYU_test_ID,encoder_middle,-46.4591
NYU_test_ID,encoder_middle,-41.69248
NYU_test_ID,encoder_middle,-42.68163
NYU_test_ID,encoder_middle,-48.79819
NYU_test_ID,encoder_middle,-50.259422
NYU_test_ID,encoder_middle,-48.209396
NYU_test_ID,encoder_middle,-36.46302
NYU_test_ID,encoder_middle,-47.175148
NYU_test_ID,encoder_middle,-50.842197
NYU_test_ID,encoder_middle,-43.87268
NYU_test_ID,encoder_middle,-37.443283
NYU_test_ID,encoder_middle,-38.436764
NYU_test_ID,encoder_middle,-30.145355
NYU_test_ID,encoder_middle,-41.15871
NYU_test_ID,encoder_middle,-41.006657
NYU_test_ID,encoder_middle,-43.990265
NYU_test_ID,encoder_middle,-45.85379
NYU_test_ID,encoder_middle,-49.71691
NYU_test_ID,encoder_middle,-41.310993
NYU_test_ID,encoder_middle,-35.760616
NYU_test_ID,encoder_middle,-47.60923
NYU_test_ID,encoder_middle,-46.716103
NYU_test_ID,encoder_middle,-54.189003
NYU_test_ID,encoder_middle,-45.68504
NYU_test_ID,encoder_middle,-42.278305
NYU_test_ID,encoder_middle,-36.6975
NYU_test_ID,encoder_middle,-46.597668
NYU_test_ID,encoder_middle,-48.983715
NYU_test_ID,encoder_middle,-47.919964
NYU_test_ID,encoder_middle,-57.218044
NYU_test_ID,encoder_middle,-56.747246
NYU_test_ID,encoder_middle,-42.9198
NYU_test_ID,encoder_middle,-39.859592
NYU_test_ID,encoder_middle,-43.760586
NYU_test_ID,encoder_middle,-49.28586
NYU_test_ID,encoder_middle,-42.9168
NYU_test_ID,encoder_middle,-49.416225
NYU_test_ID,encoder_middle,-50.26514
NYU_test_ID,encoder_middle,-40.861324
NYU_test_ID,encoder_middle,-40.009823
NYU_test_ID,encoder_middle,-54.30716
NYU_test_ID,encoder_middle,-38.462387
NYU_test_ID,encoder_middle,-40.452698
NYU_test_ID,encoder_middle,-46.613968
NYU_test_ID,encoder_middle,-36.867237
NYU_test_ID,encoder_middle,-41.15654
NYU_test_ID,encoder_middle,-48.573067
NYU_test_ID,encoder_middle,-50.949112
NYU_test_ID,encoder_middle,-45.39562
NYU_test_ID,encoder_middle,-39.991825
NYU_test_ID,encoder_middle,-38.96965
NYU_test_ID,encoder_middle,-38.27999
NYU_test_ID,encoder_middle,-40.31909
NYU_test_ID,encoder_middle,-35.47991
NYU_test_ID,encoder_middle,-51.256462
NYU_test_ID,encoder_middle,-47.655396
NYU_test_ID,encoder_middle,-45.132088
NYU_test_ID,encoder_middle,-42.582897
NYU_test_ID,encoder_middle,-37.48108
NYU_test_ID,encoder_middle,-46.740208
NYU_test_ID,encoder_middle,-48.665924
NYU_test_ID,encoder_middle,-47.528423
NYU_test_ID,encoder_middle,-55.87364
NYU_test_ID,encoder_middle,-40.96199
NYU_test_ID,encoder_middle,-34.53061
NYU_test_ID,encoder_middle,-48.35312
NYU_test_ID,encoder_middle,-45.02346
NYU_test_ID,encoder_middle,-44.14651
NYU_test_ID,encoder_middle,-29.927603
NYU_test_ID,encoder_middle,-49.220127
NYU_test_ID,encoder_middle,-37.942234
NYU_test_ID,encoder_middle,-41.26856
NYU_test_ID,encoder_middle,-37.542877
NYU_test_ID,encoder_middle,-42.99895
NYU_test_ID,encoder_middle,-39.27136
NYU_test_ID,encoder_middle,-40.70494
NYU_test_ID,encoder_middle,-37.09351
NYU_test_ID,encoder_middle,-35.041225
NYU_test_ID,encoder_middle,-41.491592
NYU_test_ID,encoder_middle,-39.375893
NYU_test_ID,encoder_middle,-35.16759
NYU_test_ID,encoder_middle,-37.34305
NYU_test_ID,encoder_middle,-44.784355
NYU_test_ID,encoder_middle,-44.344936
NYU_test_ID,encoder_middle,-42.45741
NYU_test_ID,encoder_middle,-44.754745
NYU_test_ID,encoder_middle,-40.977165
NYU_test_ID,encoder_middle,-44.777107
NYU_test_ID,encoder_middle,-40.364292
NYU_test_ID,encoder_middle,-43.537636
NYU_test_ID,encoder_middle,-37.32458
NYU_test_ID,encoder_middle,-44.097973
NYU_test_ID,encoder_middle,-34.011993
NYU_test_ID,encoder_middle,-42.53875
NYU_test_ID,encoder_middle,-36.369698
NYU_test_ID,encoder_middle,-32.604244
NYU_test_ID,encoder_middle,-45.283535
NYU_test_ID,encoder_middle,-43.13535
NYU_test_ID,encoder_middle,-39.68341
NYU_test_ID,encoder_middle,-41.689556
NYU_test_ID,encoder_middle,-35.7946
NYU_test_ID,encoder_middle,-47.24728
NYU_test_ID,encoder_middle,-39.63313
NYU_test_ID,encoder_middle,-37.68721
NYU_test_ID,encoder_middle,-37.996243
NYU_test_ID,encoder_middle,-42.86096
NYU_test_ID,encoder_middle,-37.535015
NYU_test_ID,encoder_middle,-36.41302
NYU_test_ID,encoder_middle,-37.38249
NYU_test_ID,encoder_middle,-45.738674
NYU_test_ID,encoder_middle,-46.74553
NYU_test_ID,encoder_middle,-41.478676
NYU_test_ID,encoder_middle,-33.766457
NYU_test_ID,encoder_middle,-42.761616
NYU_test_ID,encoder_middle,-47.170296
NYU_test_ID,encoder_middle,-35.17327
NYU_test_ID,encoder_middle,-42.933735
NYU_test_ID,encoder_middle,-39.582005
NYU_test_ID,encoder_middle,-35.431526
NYU_test_ID,encoder_middle,-37.702755
NYU_test_ID,encoder_middle,-38.03533
NYU_test_ID,encoder_middle,-50.36511
NYU_test_ID,encoder_middle,-41.433727
NYU_test_ID,encoder_middle,-32.579
NYU_test_ID,encoder_middle,-42.97852
NYU_test_ID,encoder_middle,-36.08206
NYU_test_ID,encoder_middle,-37.62795
NYU_test_ID,encoder_middle,-38.614983
NYU_test_ID,encoder_middle,-39.905437
NYU_test_ID,encoder_middle,-36.750828
NYU_test_ID,encoder_middle,-41.793427
NYU_test_ID,encoder_middle,-39.40616
NYU_test_ID,encoder_middle,-41.4676
NYU_test_ID,encoder_middle,-41.995983
NYU_test_ID,encoder_middle,-42.07752
NYU_test_ID,encoder_middle,-34.83824
NYU_test_ID,encoder_middle,-36.640167
NYU_test_ID,encoder_middle,-32.741585
NYU_test_ID,encoder_middle,-33.392666
NYU_test_ID,encoder_middle,-46.191242
NYU_test_ID,encoder_middle,-41.613758
NYU_test_ID,encoder_middle,-40.671047
NYU_test_ID,encoder_middle,-41.69395
NYU_test_ID,encoder_middle,-38.311127
NYU_test_ID,encoder_middle,-38.01725
NYU_test_ID,encoder_middle,-43.39188
NYU_test_ID,encoder_middle,-36.009033
NYU_test_ID,encoder_middle,-36.032814
NYU_test_ID,encoder_middle,-40.97017
NYU_test_ID,encoder_middle,-37.348316
NYU_test_ID,encoder_middle,-38.192635
NYU_test_ID,encoder_middle,-41.988945
NYU_test_ID,encoder_middle,-40.68622
NYU_test_ID,encoder_middle,-38.299118
NYU_test_ID,encoder_middle,-45.442482
NYU_test_ID,encoder_middle,-39.75909
NYU_test_ID,encoder_middle,-41.957703
NYU_test_ID,encoder_middle,-37.081074
NYU_test_ID,encoder_middle,-42.23085
NYU_test_ID,encoder_middle,-36.959175
NYU_test_ID,encoder_middle,-43.48103
NYU_test_ID,encoder_middle,-38.349606
NYU_test_ID,encoder_middle,-36.439156
NYU_test_ID,encoder_middle,-45.66329
NYU_test_ID,encoder_middle,-46.52711
NYU_test_ID,encoder_middle,-43.518562
NYU_test_ID,encoder_middle,-44.557716
NYU_test_ID,encoder_middle,-45.88635
NYU_test_ID,encoder_middle,-34.258213
NYU_test_ID,encoder_middle,-39.191776
NYU_test_ID,encoder_middle,-37.56085
NYU_test_ID,encoder_middle,-41.40976
NYU_test_ID,encoder_middle,-43.941593
NYU_test_ID,encoder_middle,-29.633768
NYU_test_ID,encoder_middle,-33.583977
NYU_test_ID,encoder_middle,-40.981033
NYU_test_ID,encoder_middle,-41.515545
NYU_test_ID,encoder_middle,-38.009148
NYU_test_ID,encoder_middle,-52.652878
NYU_test_ID,encoder_middle,-43.641323
NYU_test_ID,encoder_middle,-33.55943
NYU_test_ID,encoder_middle,-40.349747
NYU_test_ID,encoder_middle,-39.742195
NYU_test_ID,encoder_middle,-44.69822
NYU_test_ID,encoder_middle,-36.7387
NYU_test_ID,encoder_middle,-42.167213
NYU_test_ID,encoder_middle,-38.73271
NYU_test_ID,encoder_middle,-41.579308
NYU_test_ID,encoder_middle,-41.342808
NYU_test_ID,encoder_middle,-43.171196
NYU_test_ID,encoder_middle,-41.76359
NYU_test_ID,encoder_middle,-38.342045
NYU_test_ID,encoder_middle,-32.13454
NYU_test_ID,encoder_middle,-32.60667
NYU_test_ID,encoder_middle,-41.27132
NYU_test_ID,encoder_middle,-38.424774
NYU_test_ID,encoder_middle,-38.648182
NYU_test_ID,encoder_middle,-35.24972
NYU_test_ID,encoder_middle,-40.05609
NYU_test_ID,encoder_middle,-39.049744
NYU_test_ID,encoder_late,-73.25039
NYU_test_ID,encoder_late,-83.77975
NYU_test_ID,encoder_late,-66.2563
NYU_test_ID,encoder_late,-79.4308
NYU_test_ID,encoder_late,-60.824898
NYU_test_ID,encoder_late,-53.01099
NYU_test_ID,encoder_late,-66.281204
NYU_test_ID,encoder_late,-67.06859
NYU_test_ID,encoder_late,-79.509865
NYU_test_ID,encoder_late,-109.32017
NYU_test_ID,encoder_late,-93.362
NYU_test_ID,encoder_late,-70.63268
NYU_test_ID,encoder_late,-62.609226
NYU_test_ID,encoder_late,-87.29595
NYU_test_ID,encoder_late,-80.26262
NYU_test_ID,encoder_late,-69.71963
NYU_test_ID,encoder_late,-76.59134
NYU_test_ID,encoder_late,-87.79958
NYU_test_ID,encoder_late,-81.489044
NYU_test_ID,encoder_late,-73.00251
NYU_test_ID,encoder_late,-79.31299
NYU_test_ID,encoder_late,-78.051155
NYU_test_ID,encoder_late,-74.065025
NYU_test_ID,encoder_late,-105.69225
NYU_test_ID,encoder_late,-88.909935
NYU_test_ID,encoder_late,-66.4343
NYU_test_ID,encoder_late,-65.75462
NYU_test_ID,encoder_late,-86.66511
NYU_test_ID,encoder_late,-83.95237
NYU_test_ID,encoder_late,-60.029774
NYU_test_ID,encoder_late,-80.45932
NYU_test_ID,encoder_late,-92.97608
NYU_test_ID,encoder_late,-83.23048
NYU_test_ID,encoder_late,-77.447525
NYU_test_ID,encoder_late,-79.84826
NYU_test_ID,encoder_late,-69.952965
NYU_test_ID,encoder_late,-65.046875
NYU_test_ID,encoder_late,-72.621796
NYU_test_ID,encoder_late,-83.18733
NYU_test_ID,encoder_late,-86.53865
NYU_test_ID,encoder_late,-76.469666
NYU_test_ID,encoder_late,-77.11066
NYU_test_ID,encoder_late,-73.75005
NYU_test_ID,encoder_late,-80.70738
NYU_test_ID,encoder_late,-69.85599
NYU_test_ID,encoder_late,-88.30964
NYU_test_ID,encoder_late,-74.87124
NYU_test_ID,encoder_late,-74.6671
NYU_test_ID,encoder_late,-75.88188
NYU_test_ID,encoder_late,-71.57246
NYU_test_ID,encoder_late,-65.90236
NYU_test_ID,encoder_late,-62.30859
NYU_test_ID,encoder_late,-79.60736
NYU_test_ID,encoder_late,-56.59229
NYU_test_ID,encoder_late,-68.85802
NYU_test_ID,encoder_late,-79.36655
NYU_test_ID,encoder_late,-85.039696
NYU_test_ID,encoder_late,-73.14758
NYU_test_ID,encoder_late,-55.009403
NYU_test_ID,encoder_late,-85.61207
NYU_test_ID,encoder_late,-76.56941
NYU_test_ID,encoder_late,-86.322876
NYU_test_ID,encoder_late,-75.96773
NYU_test_ID,encoder_late,-61.668083
NYU_test_ID,encoder_late,-74.69136
NYU_test_ID,encoder_late,-66.606926
NYU_test_ID,encoder_late,-69.43864
NYU_test_ID,encoder_late,-69.74393
NYU_test_ID,encoder_late,-70.78091
NYU_test_ID,encoder_late,-76.49875
NYU_test_ID,encoder_late,-88.39144
NYU_test_ID,encoder_late,-83.87933
NYU_test_ID,encoder_late,-78.39391
NYU_test_ID,encoder_late,-86.22994
NYU_test_ID,encoder_late,-75.9562
NYU_test_ID,encoder_late,-59.675884
NYU_test_ID,encoder_late,-67.7224
NYU_test_ID,encoder_late,-76.77908
NYU_test_ID,encoder_late,-77.12854
NYU_test_ID,encoder_late,-72.66736
NYU_test_ID,encoder_late,-76.73465
NYU_test_ID,encoder_late,-99.34282
NYU_test_ID,encoder_late,-77.32755
NYU_test_ID,encoder_late,-80.89276
NYU_test_ID,encoder_late,-78.79072
NYU_test_ID,encoder_late,-63.410465
NYU_test_ID,encoder_late,-65.724335
NYU_test_ID,encoder_late,-77.150246
NYU_test_ID,encoder_late,-91.679016
NYU_test_ID,encoder_late,-78.66958
NYU_test_ID,encoder_late,-90.805084
NYU_test_ID,encoder_late,-71.83682
NYU_test_ID,encoder_late,-70.666916
NYU_test_ID,encoder_late,-64.361824
NYU_test_ID,encoder_late,-85.24513
NYU_test_ID,encoder_late,-80.18313
NYU_test_ID,encoder_late,-83.7831
NYU_test_ID,encoder_late,-89.38044
NYU_test_ID,encoder_late,-66.78943
NYU_test_ID,encoder_late,-73.595985
NYU_test_ID,encoder_late,-76.32773
NYU_test_ID,encoder_late,-84.51695
NYU_test_ID,encoder_late,-70.88577
NYU_test_ID,encoder_late,-72.04056
NYU_test_ID,encoder_late,-74.61403
NYU_test_ID,encoder_late,-81.06949
NYU_test_ID,encoder_late,-65.272804
NYU_test_ID,encoder_late,-72.97662
NYU_test_ID,encoder_late,-60.491207
NYU_test_ID,encoder_late,-80.21737
NYU_test_ID,encoder_late,-91.69669
NYU_test_ID,encoder_late,-84.240456
NYU_test_ID,encoder_late,-89.20787
NYU_test_ID,encoder_late,-70.87649
NYU_test_ID,encoder_late,-88.89133
NYU_test_ID,encoder_late,-79.594894
NYU_test_ID,encoder_late,-69.23304
NYU_test_ID,encoder_late,-86.41966
NYU_test_ID,encoder_late,-67.60596
NYU_test_ID,encoder_late,-82.33869
NYU_test_ID,encoder_late,-59.77958
NYU_test_ID,encoder_late,-89.82004
NYU_test_ID,encoder_late,-66.27524
NYU_test_ID,encoder_late,-85.79349
NYU_test_ID,encoder_late,-61.952805
NYU_test_ID,encoder_late,-78.2128
NYU_test_ID,encoder_late,-77.59429
NYU_test_ID,encoder_late,-80.00347
NYU_test_ID,encoder_late,-82.82443
NYU_test_ID,encoder_late,-82.90473
NYU_test_ID,encoder_late,-93.88524
NYU_test_ID,encoder_late,-101.2738
NYU_test_ID,encoder_late,-76.312454
NYU_test_ID,encoder_late,-68.13878
NYU_test_ID,encoder_late,-81.459625
NYU_test_ID,encoder_late,-74.742195
NYU_test_ID,encoder_late,-89.74518
NYU_test_ID,encoder_late,-77.64637
NYU_test_ID,encoder_late,-77.71729
NYU_test_ID,encoder_late,-67.38862
NYU_test_ID,encoder_late,-73.73807
NYU_test_ID,encoder_late,-79.43906
NYU_test_ID,encoder_late,-61.492516
NYU_test_ID,encoder_late,-55.695316
NYU_test_ID,encoder_late,-70.658966
NYU_test_ID,encoder_late,-78.486786
NYU_test_ID,encoder_late,-63.589897
NYU_test_ID,encoder_late,-82.35982
NYU_test_ID,encoder_late,-71.793526
NYU_test_ID,encoder_late,-91.78669
NYU_test_ID,encoder_late,-87.636604
NYU_test_ID,encoder_late,-74.63747
NYU_test_ID,encoder_late,-75.25372
NYU_test_ID,encoder_late,-84.99179
NYU_test_ID,encoder_late,-70.762856
NYU_test_ID,encoder_late,-72.43332
NYU_test_ID,encoder_late,-73.70222
NYU_test_ID,encoder_late,-79.98134
NYU_test_ID,encoder_late,-69.72288
NYU_test_ID,encoder_late,-84.214294
NYU_test_ID,encoder_late,-79.80255
NYU_test_ID,encoder_late,-70.99452
NYU_test_ID,encoder_late,-57.58449
NYU_test_ID,encoder_late,-66.74951
NYU_test_ID,encoder_late,-63.753242
NYU_test_ID,encoder_late,-81.08156
NYU_test_ID,encoder_late,-70.67358
NYU_test_ID,encoder_late,-81.601265
NYU_test_ID,encoder_late,-86.15226
NYU_test_ID,encoder_late,-80.79965
NYU_test_ID,encoder_late,-70.74306
NYU_test_ID,encoder_late,-72.919334
NYU_test_ID,encoder_late,-85.70498
NYU_test_ID,encoder_late,-73.115005
NYU_test_ID,encoder_late,-85.496796
NYU_test_ID,encoder_late,-97.08435
NYU_test_ID,encoder_late,-84.47066
NYU_test_ID,encoder_late,-72.451195
NYU_test_ID,encoder_late,-83.9864
NYU_test_ID,encoder_late,-70.59511
NYU_test_ID,encoder_late,-69.3253
NYU_test_ID,encoder_late,-74.15049
NYU_test_ID,encoder_late,-67.46266
NYU_test_ID,encoder_late,-73.28953
NYU_test_ID,encoder_late,-69.31084
NYU_test_ID,encoder_late,-84.48884
NYU_test_ID,encoder_late,-70.3882
NYU_test_ID,encoder_late,-62.63992
NYU_test_ID,encoder_late,-76.84815
NYU_test_ID,encoder_late,-70.01176
NYU_test_ID,encoder_late,-74.32514
NYU_test_ID,encoder_late,-69.654564
NYU_test_ID,encoder_late,-72.674736
NYU_test_ID,encoder_late,-75.331276
NYU_test_ID,encoder_late,-72.960236
NYU_test_ID,encoder_late,-83.55998
NYU_test_ID,encoder_late,-55.47444
NYU_test_ID,encoder_late,-70.72948
NYU_test_ID,encoder_late,-72.87575
NYU_test_ID,encoder_late,-83.72573
NYU_test_ID,encoder_late,-80.46825
NYU_test_ID,encoder_late,-88.42153
NYU_test_ID,encoder_late,-77.42054
NYU_test_ID,encoder_late,-84.774536
NYU_test_ID,encoder_late,-82.85303
NYU_test_ID,encoder_late,-78.85598
NYU_test_ID,encoder_late,-86.84736
NYU_test_ID,encoder_late,-75.028175
NYU_test_ID,encoder_late,-76.596664
NYU_test_ID,encoder_late,-81.68583
NYU_test_ID,encoder_late,-81.84283
NYU_test_ID,encoder_late,-61.356503
NYU_test_ID,encoder_late,-78.75583
NYU_test_ID,encoder_late,-73.43666
NYU_test_ID,encoder_late,-84.42733
NYU_test_ID,encoder_late,-82.2396
NYU_test_ID,encoder_late,-72.45898
NYU_test_ID,encoder_late,-75.79792
NYU_test_ID,encoder_late,-74.47122
NYU_test_ID,encoder_late,-57.65151
NYU_test_ID,encoder_late,-64.25688
NYU_test_ID,encoder_late,-79.05284
NYU_test_ID,encoder_late,-84.52863
NYU_test_ID,encoder_late,-80.826996
NYU_test_ID,encoder_late,-59.628246
NYU_test_ID,encoder_late,-67.79047
NYU_test_ID,encoder_late,-53.790802
NYU_test_ID,encoder_late,-68.25598
NYU_test_ID,encoder_late,-62.00145
NYU_test_ID,encoder_late,-48.831104
NYU_test_ID,encoder_late,-83.27127
NYU_test_ID,encoder_late,-74.11765
NYU_test_ID,encoder_late,-55.816628
NYU_test_ID,encoder_late,-52.16003
NYU_test_ID,encoder_late,-76.131516
NYU_test_ID,encoder_late,-77.28076
NYU_test_ID,encoder_late,-72.34991
NYU_test_ID,encoder_late,-73.958145
NYU_test_ID,encoder_late,-81.73164
NYU_test_ID,encoder_late,-69.77957
NYU_test_ID,encoder_late,-85.577896
NYU_test_ID,encoder_late,-84.2775
NYU_test_ID,encoder_late,-79.39504
NYU_test_ID,encoder_late,-95.116554
NYU_test_ID,encoder_late,-80.18812
NYU_test_ID,encoder_late,-75.61622
NYU_test_ID,encoder_late,-74.710464
NYU_test_ID,encoder_late,-76.093994
NYU_test_ID,encoder_late,-75.79654
NYU_test_ID,encoder_late,-86.13528
NYU_test_ID,encoder_late,-83.30892
NYU_test_ID,encoder_late,-63.929382
NYU_test_ID,encoder_late,-79.7569
NYU_test_ID,encoder_late,-74.00609
NYU_test_ID,encoder_late,-62.092163
NYU_test_ID,encoder_late,-72.87383
NYU_test_ID,encoder_late,-70.674995
NYU_test_ID,encoder_late,-72.812515
NYU_test_ID,encoder_late,-82.74324
NYU_test_ID,encoder_late,-92.01658
NYU_test_ID,encoder_late,-81.88917
NYU_test_ID,encoder_late,-76.41494
NYU_test_ID,encoder_late,-96.732605
NYU_test_ID,encoder_late,-96.75012
NYU_test_ID,encoder_late,-84.18843
NYU_test_ID,encoder_late,-75.884964
NYU_test_ID,encoder_late,-65.85355
NYU_test_ID,encoder_late,-71.64828
NYU_test_ID,encoder_late,-74.63874
NYU_test_ID,encoder_late,-81.38853
NYU_test_ID,encoder_late,-92.031815
NYU_test_ID,encoder_late,-67.26818
NYU_test_ID,encoder_late,-67.714905
NYU_test_ID,encoder_late,-66.75699
NYU_test_ID,encoder_late,-82.34063
NYU_test_ID,encoder_late,-60.20895
NYU_test_ID,encoder_late,-74.07781
NYU_test_ID,encoder_late,-67.04722
NYU_test_ID,encoder_late,-74.98082
NYU_test_ID,encoder_late,-62.602173
NYU_test_ID,encoder_late,-58.03779
NYU_test_ID,encoder_late,-64.56006
NYU_test_ID,encoder_late,-62.820843
NYU_test_ID,encoder_late,-56.949467
NYU_test_ID,encoder_late,-70.01812
NYU_test_ID,encoder_late,-85.24028
NYU_test_ID,encoder_late,-68.62881
NYU_test_ID,encoder_late,-58.787365
NYU_test_ID,encoder_late,-62.983444
NYU_test_ID,encoder_late,-63.128403
NYU_test_ID,encoder_late,-57.87336
NYU_test_ID,encoder_late,-65.79953
NYU_test_ID,encoder_late,-53.78202
NYU_test_ID,encoder_late,-76.92859
NYU_test_ID,encoder_late,-60.83814
NYU_test_ID,encoder_late,-46.974876
NYU_test_ID,encoder_late,-55.21555
NYU_test_ID,encoder_late,-51.628296
NYU_test_ID,encoder_late,-80.59237
NYU_test_ID,encoder_late,-78.95728
NYU_test_ID,encoder_late,-69.07351
NYU_test_ID,encoder_late,-59.184826
NYU_test_ID,encoder_late,-78.55368
NYU_test_ID,encoder_late,-69.831985
NYU_test_ID,encoder_late,-84.05375
NYU_test_ID,encoder_late,-66.42243
NYU_test_ID,encoder_late,-76.535675
NYU_test_ID,encoder_late,-60.75759
NYU_test_ID,encoder_late,-59.0535
NYU_test_ID,encoder_late,-61.41261
NYU_test_ID,encoder_late,-67.48356
NYU_test_ID,encoder_late,-68.915504
NYU_test_ID,encoder_late,-66.96423
NYU_test_ID,encoder_late,-92.629005
NYU_test_ID,encoder_late,-59.239277
NYU_test_ID,encoder_late,-61.059063
NYU_test_ID,encoder_late,-54.312347
NYU_test_ID,encoder_late,-53.719646
NYU_test_ID,encoder_late,-73.88702
NYU_test_ID,encoder_late,-66.67603
NYU_test_ID,encoder_late,-69.53124
NYU_test_ID,encoder_late,-76.81724
NYU_test_ID,encoder_late,-82.9606
NYU_test_ID,encoder_late,-79.82952
NYU_test_ID,encoder_late,-62.31779
NYU_test_ID,encoder_late,-60.26966
NYU_test_ID,encoder_late,-47.198536
NYU_test_ID,encoder_late,-66.39901
NYU_test_ID,encoder_late,-73.88431
NYU_test_ID,encoder_late,-70.18175
NYU_test_ID,encoder_late,-64.78965
NYU_test_ID,encoder_late,-45.458385
NYU_test_ID,encoder_late,-60.701817
NYU_test_ID,encoder_late,-64.63617
NYU_test_ID,encoder_late,-80.30642
NYU_test_ID,encoder_late,-58.24547
NYU_test_ID,encoder_late,-62.21457
NYU_test_ID,encoder_late,-86.65144
NYU_test_ID,encoder_late,-66.5738
NYU_test_ID,encoder_late,-65.6662
NYU_test_ID,encoder_late,-65.99442
NYU_test_ID,encoder_late,-58.526737
NYU_test_ID,encoder_late,-69.08208
NYU_test_ID,encoder_late,-62.61904
NYU_test_ID,encoder_late,-81.48015
NYU_test_ID,encoder_late,-61.910023
NYU_test_ID,encoder_late,-74.71598
NYU_test_ID,encoder_late,-53.957348
NYU_test_ID,encoder_late,-52.428173
NYU_test_ID,encoder_late,-90.71424
NYU_test_ID,encoder_late,-87.516304
NYU_test_ID,encoder_late,-81.998856
NYU_test_ID,encoder_late,-75.04245
NYU_test_ID,encoder_late,-62.012295
NYU_test_ID,encoder_late,-47.135994
NYU_test_ID,encoder_late,-68.215096
NYU_test_ID,encoder_late,-61.81311
NYU_test_ID,encoder_late,-66.18571
NYU_test_ID,encoder_late,-50.325104
NYU_test_ID,encoder_late,-64.50554
NYU_test_ID,encoder_late,-60.139412
NYU_test_ID,encoder_late,-67.7585
NYU_test_ID,encoder_late,-70.2571
NYU_test_ID,encoder_late,-50.17526
NYU_test_ID,encoder_late,-72.59545
NYU_test_ID,encoder_late,-84.35209
NYU_test_ID,encoder_late,-89.47438
NYU_test_ID,encoder_late,-66.89516
NYU_test_ID,encoder_late,-72.75526
NYU_test_ID,encoder_late,-44.74152
NYU_test_ID,encoder_late,-49.868336
NYU_test_ID,encoder_late,-52.681274
NYU_test_ID,encoder_late,-69.55143
NYU_test_ID,encoder_late,-69.30763
NYU_test_ID,encoder_late,-71.99675
NYU_test_ID,encoder_late,-54.795013
NYU_test_ID,encoder_late,-81.613235
NYU_test_ID,encoder_late,-79.2193
NYU_test_ID,encoder_late,-61.527504
NYU_test_ID,encoder_late,-82.99788
NYU_test_ID,encoder_late,-47.933655
NYU_test_ID,encoder_late,-61.44546
NYU_test_ID,encoder_late,-63.398506
NYU_test_ID,encoder_late,-67.769135
NYU_test_ID,encoder_late,-58.13404
NYU_test_ID,encoder_late,-83.03838
NYU_test_ID,encoder_late,-59.935963
NYU_test_ID,encoder_late,-79.68825
NYU_test_ID,encoder_late,-69.39401
NYU_test_ID,encoder_late,-70.81033
NYU_test_ID,encoder_late,-69.92208
NYU_test_ID,encoder_late,-76.89707
NYU_test_ID,encoder_late,-85.241745
NYU_test_ID,encoder_late,-80.90621
NYU_test_ID,encoder_late,-79.824425
NYU_test_ID,encoder_late,-72.12435
NYU_test_ID,encoder_late,-65.36065
NYU_test_ID,encoder_late,-74.3066
NYU_test_ID,encoder_late,-76.17117
NYU_test_ID,encoder_late,-67.64495
NYU_test_ID,encoder_late,-94.344086
NYU_test_ID,encoder_late,-74.258965
NYU_test_ID,encoder_late,-85.390594
NYU_test_ID,encoder_late,-62.729763
NYU_test_ID,encoder_late,-76.57699
NYU_test_ID,encoder_late,-67.11944
NYU_test_ID,encoder_late,-69.62067
NYU_test_ID,encoder_late,-73.89432
NYU_test_ID,encoder_late,-75.45398
NYU_test_ID,encoder_late,-89.21248
NYU_test_ID,encoder_late,-75.086426
NYU_test_ID,encoder_late,-65.91764
NYU_test_ID,encoder_late,-91.33619
NYU_test_ID,encoder_late,-83.419846
NYU_test_ID,encoder_late,-78.14753
NYU_test_ID,encoder_late,-93.97869
NYU_test_ID,encoder_late,-91.48431
NYU_test_ID,encoder_late,-75.39493
NYU_test_ID,encoder_late,-78.5736
NYU_test_ID,encoder_late,-95.51845
NYU_test_ID,encoder_late,-73.12509
NYU_test_ID,encoder_late,-63.42387
NYU_test_ID,encoder_late,-68.21319
NYU_test_ID,encoder_late,-72.02245
NYU_test_ID,encoder_late,-57.013435
NYU_test_ID,encoder_late,-86.0263
NYU_test_ID,encoder_late,-71.45507
NYU_test_ID,encoder_late,-95.90595
NYU_test_ID,encoder_late,-84.3183
NYU_test_ID,encoder_late,-74.07007
NYU_test_ID,encoder_late,-72.45577
NYU_test_ID,encoder_late,-85.97684
NYU_test_ID,encoder_late,-81.265045
NYU_test_ID,encoder_late,-58.354565
NYU_test_ID,encoder_late,-92.84206
NYU_test_ID,encoder_late,-77.17101
NYU_test_ID,encoder_late,-80.330185
NYU_test_ID,encoder_late,-76.636116
NYU_test_ID,encoder_late,-78.43428
NYU_test_ID,encoder_late,-59.768215
NYU_test_ID,encoder_late,-81.649124
NYU_test_ID,encoder_late,-79.59002
NYU_test_ID,encoder_late,-69.88206
NYU_test_ID,encoder_late,-98.708496
NYU_test_ID,encoder_late,-85.21521
NYU_test_ID,encoder_late,-68.81464
NYU_test_ID,encoder_late,-94.24331
NYU_test_ID,encoder_late,-79.692604
NYU_test_ID,encoder_late,-90.559814
NYU_test_ID,encoder_late,-91.94119
NYU_test_ID,encoder_late,-94.65298
NYU_test_ID,encoder_late,-102.352356
NYU_test_ID,encoder_late,-76.780624
NYU_test_ID,encoder_late,-72.75339
NYU_test_ID,encoder_late,-63.120502
NYU_test_ID,encoder_late,-81.843834
NYU_test_ID,encoder_late,-87.23841
NYU_test_ID,encoder_late,-70.39302
NYU_test_ID,encoder_late,-84.811874
NYU_test_ID,encoder_late,-78.93164
NYU_test_ID,encoder_late,-81.43228
NYU_test_ID,encoder_late,-78.74723
NYU_test_ID,encoder_late,-84.42821
NYU_test_ID,encoder_late,-71.42139
NYU_test_ID,encoder_late,-85.1612
NYU_test_ID,encoder_late,-62.76619
NYU_test_ID,encoder_late,-87.8109
NYU_test_ID,encoder_late,-74.34746
NYU_test_ID,encoder_late,-74.96074
NYU_test_ID,encoder_late,-86.29823
NYU_test_ID,encoder_late,-65.50484
NYU_test_ID,encoder_late,-83.80797
NYU_test_ID,encoder_late,-73.53122
NYU_test_ID,encoder_late,-76.49658
NYU_test_ID,encoder_late,-83.36851
NYU_test_ID,encoder_late,-79.72447
NYU_test_ID,encoder_late,-68.2533
NYU_test_ID,encoder_late,-87.47156
NYU_test_ID,encoder_late,-80.67275
NYU_test_ID,encoder_late,-75.05976
NYU_test_ID,encoder_late,-75.7294
NYU_test_ID,encoder_late,-79.630035
NYU_test_ID,encoder_late,-90.335846
NYU_test_ID,encoder_late,-88.176796
NYU_test_ID,encoder_late,-94.69453
NYU_test_ID,encoder_late,-81.67346
NYU_test_ID,encoder_late,-72.57132
NYU_test_ID,encoder_late,-72.95614
NYU_test_ID,encoder_late,-69.38699
NYU_test_ID,encoder_late,-70.50729
NYU_test_ID,encoder_late,-68.25917
NYU_test_ID,encoder_late,-75.2752
NYU_test_ID,encoder_late,-66.64987
NYU_test_ID,encoder_late,-69.44866
NYU_test_ID,encoder_late,-80.14786
NYU_test_ID,encoder_late,-70.57152
NYU_test_ID,encoder_late,-65.94279
NYU_test_ID,encoder_late,-80.4895
NYU_test_ID,encoder_late,-97.01831
NYU_test_ID,encoder_late,-79.75288
NYU_test_ID,encoder_late,-69.35507
NYU_test_ID,encoder_late,-91.58819
NYU_test_ID,encoder_late,-85.50109
NYU_test_ID,encoder_late,-78.76697
NYU_test_ID,encoder_late,-66.146706
NYU_test_ID,encoder_late,-75.99847
NYU_test_ID,encoder_late,-84.94157
NYU_test_ID,encoder_late,-72.13018
NYU_test_ID,encoder_late,-87.41151
NYU_test_ID,encoder_late,-73.334
NYU_test_ID,encoder_late,-107.314285
NYU_test_ID,encoder_late,-73.317635
NYU_test_ID,encoder_late,-68.71849
NYU_test_ID,encoder_late,-65.62503
NYU_test_ID,encoder_late,-64.8176
NYU_test_ID,encoder_late,-74.3665
NYU_test_ID,encoder_late,-85.89386
NYU_test_ID,encoder_late,-77.01466
NYU_test_ID,encoder_late,-85.844055
NYU_test_ID,encoder_late,-73.74903
NYU_test_ID,encoder_late,-62.657047
NYU_test_ID,encoder_late,-65.9111
NYU_test_ID,encoder_late,-92.52912
NYU_test_ID,encoder_late,-76.0531
NYU_test_ID,encoder_late,-74.46197
NYU_test_ID,encoder_late,-79.57041
NYU_test_ID,encoder_late,-73.73386
NYU_test_ID,encoder_late,-79.17247
NYU_test_ID,encoder_late,-61.182713
NYU_test_ID,encoder_late,-87.620026
NYU_test_ID,encoder_late,-75.99084
NYU_test_ID,encoder_late,-74.36908
NYU_test_ID,encoder_late,-76.6737
NYU_test_ID,encoder_late,-76.03521
NYU_test_ID,encoder_late,-73.38447
NYU_test_ID,encoder_late,-65.18867
NYU_test_ID,encoder_late,-76.85816
NYU_test_ID,encoder_late,-75.72988
NYU_test_ID,encoder_late,-76.855156
NYU_test_ID,encoder_late,-79.37072
NYU_test_ID,encoder_late,-82.604385
NYU_test_ID,encoder_late,-71.23608
NYU_test_ID,encoder_late,-66.3004
NYU_test_ID,encoder_late,-100.61669
NYU_test_ID,encoder_late,-83.98511
NYU_test_ID,encoder_late,-84.86199
NYU_test_ID,encoder_late,-64.57632
NYU_test_ID,encoder_late,-71.42847
NYU_test_ID,encoder_late,-68.13062
NYU_test_ID,encoder_late,-74.8897
NYU_test_ID,encoder_late,-87.37424
NYU_test_ID,encoder_late,-59.448215
NYU_test_ID,encoder_late,-77.3838
NYU_test_ID,encoder_late,-58.84121
NYU_test_ID,encoder_late,-73.63582
NYU_test_ID,encoder_late,-72.88884
NYU_test_ID,encoder_late,-68.75398
NYU_test_ID,encoder_late,-77.98071
NYU_test_ID,encoder_late,-73.82468
NYU_test_ID,encoder_late,-66.77521
NYU_test_ID,encoder_late,-69.93737
NYU_test_ID,encoder_late,-68.067375
NYU_test_ID,encoder_late,-68.133064
NYU_test_ID,encoder_late,-63.479313
NYU_test_ID,encoder_late,-54.572525
NYU_test_ID,encoder_late,-69.36324
NYU_test_ID,encoder_late,-80.38007
NYU_test_ID,encoder_late,-67.15002
NYU_test_ID,encoder_late,-62.38264
NYU_test_ID,encoder_late,-68.96843
NYU_test_ID,encoder_late,-85.93106
NYU_test_ID,encoder_late,-94.69028
NYU_test_ID,encoder_late,-74.263275
NYU_test_ID,encoder_late,-87.753456
NYU_test_ID,encoder_late,-73.85924
NYU_test_ID,encoder_late,-73.31189
NYU_test_ID,encoder_late,-62.76832
NYU_test_ID,encoder_late,-83.42839
NYU_test_ID,encoder_late,-72.52087
NYU_test_ID,encoder_late,-73.96609
NYU_test_ID,encoder_late,-80.556145
NYU_test_ID,encoder_late,-67.32817
NYU_test_ID,encoder_late,-69.851494
NYU_test_ID,encoder_late,-65.71452
NYU_test_ID,encoder_late,-99.057915
NYU_test_ID,encoder_late,-74.17005
NYU_test_ID,encoder_late,-71.07769
NYU_test_ID,encoder_late,-57.108604
NYU_test_ID,encoder_late,-85.127945
NYU_test_ID,encoder_late,-70.99927
NYU_test_ID,encoder_late,-85.15527
NYU_test_ID,encoder_late,-80.74698
NYU_test_ID,encoder_late,-72.80854
NYU_test_ID,encoder_late,-74.312935
NYU_test_ID,encoder_late,-77.808365
NYU_test_ID,encoder_late,-63.352966
NYU_test_ID,encoder_late,-56.786133
NYU_test_ID,encoder_late,-69.33363
NYU_test_ID,encoder_late,-65.90172
NYU_test_ID,encoder_late,-88.878716
NYU_test_ID,encoder_late,-74.91423
NYU_test_ID,encoder_late,-82.80297
NYU_test_ID,encoder_late,-68.874695
NYU_test_ID,encoder_late,-75.78587
NYU_test_ID,encoder_late,-78.59242
NYU_test_ID,encoder_late,-77.84986
NYU_test_ID,encoder_late,-65.51578
NYU_test_ID,encoder_late,-77.4227
NYU_test_ID,encoder_late,-73.05759
NYU_test_ID,encoder_late,-57.394207
NYU_test_ID,encoder_late,-69.220634
NYU_test_ID,encoder_late,-59.19833
NYU_test_ID,encoder_late,-76.45752
NYU_test_ID,encoder_late,-72.14594
NYU_test_ID,encoder_late,-55.69607
NYU_test_ID,encoder_late,-51.591225
NYU_test_ID,encoder_late,-65.396805
NYU_test_ID,encoder_late,-59.6305
NYU_test_ID,encoder_late,-74.23378
NYU_test_ID,encoder_late,-44.86756
NYU_test_ID,encoder_late,-68.00497
NYU_test_ID,encoder_late,-73.47666
NYU_test_ID,encoder_late,-65.21138
NYU_test_ID,encoder_late,-74.44888
NYU_test_ID,encoder_late,-63.528664
NYU_test_ID,encoder_late,-64.97051
NYU_test_ID,encoder_late,-78.96008
NYU_test_ID,encoder_late,-75.05998
NYU_test_ID,encoder_late,-84.83065
NYU_test_ID,encoder_late,-53.574066
NYU_test_ID,encoder_late,-54.471737
NYU_test_ID,encoder_late,-66.50464
NYU_test_ID,encoder_late,-91.676605
NYU_test_ID,encoder_late,-76.813324
NYU_test_ID,encoder_late,-65.7716
NYU_test_ID,encoder_late,-65.9277
NYU_test_ID,encoder_late,-71.99988
NYU_test_ID,encoder_late,-64.1393
NYU_test_ID,encoder_late,-72.70097
NYU_test_ID,encoder_late,-45.617916
NYU_test_ID,encoder_late,-55.293533
NYU_test_ID,encoder_late,-73.41948
NYU_test_ID,encoder_late,-66.04128
NYU_test_ID,encoder_late,-71.18981
NYU_test_ID,encoder_late,-67.06847
NYU_test_ID,encoder_late,-63.944622
NYU_test_ID,encoder_late,-72.79883
NYU_test_ID,encoder_late,-68.710434
NYU_test_ID,encoder_late,-71.44846
NYU_test_ID,encoder_late,-69.8444
NYU_test_ID,encoder_late,-70.212456
NYU_test_ID,encoder_late,-66.66025
NYU_test_ID,encoder_late,-65.82012
NYU_test_ID,encoder_late,-51.052845
NYU_test_ID,decoder_late,-10.776424
NYU_test_ID,decoder_late,-9.68738
NYU_test_ID,decoder_late,-2.505016
NYU_test_ID,decoder_late,-10.2316475
NYU_test_ID,decoder_late,-2.1651855
NYU_test_ID,decoder_late,-0.5792635
NYU_test_ID,decoder_late,-7.911244
NYU_test_ID,decoder_late,-4.918578
NYU_test_ID,decoder_late,-10.868825
NYU_test_ID,decoder_late,-13.307167
NYU_test_ID,decoder_late,-11.168901
NYU_test_ID,decoder_late,-9.62158
NYU_test_ID,decoder_late,-0.12679827
NYU_test_ID,decoder_late,-8.433647
NYU_test_ID,decoder_late,-4.1419315
NYU_test_ID,decoder_late,-1.7235968
NYU_test_ID,decoder_late,-13.718
NYU_test_ID,decoder_late,-12.923726
NYU_test_ID,decoder_late,-3.5434642
NYU_test_ID,decoder_late,-1.8228874
NYU_test_ID,decoder_late,-6.3158135
NYU_test_ID,decoder_late,-7.1678343
NYU_test_ID,decoder_late,-3.5329032
NYU_test_ID,decoder_late,-6.368779
NYU_test_ID,decoder_late,-10.870554
NYU_test_ID,decoder_late,-7.074372
NYU_test_ID,decoder_late,-1.9737312
NYU_test_ID,decoder_late,-2.7503662
NYU_test_ID,decoder_late,-3.3647301
NYU_test_ID,decoder_late,-2.9240007
NYU_test_ID,decoder_late,-3.9741187
NYU_test_ID,decoder_late,-4.857296
NYU_test_ID,decoder_late,-3.949525
NYU_test_ID,decoder_late,-5.056345
NYU_test_ID,decoder_late,-4.075135
NYU_test_ID,decoder_late,-3.3285809
NYU_test_ID,decoder_late,-4.560054
NYU_test_ID,decoder_late,-1.4005318
NYU_test_ID,decoder_late,-11.154966
NYU_test_ID,decoder_late,-8.476311
NYU_test_ID,decoder_late,-4.3092623
NYU_test_ID,decoder_late,-2.06313
NYU_test_ID,decoder_late,-11.250848
NYU_test_ID,decoder_late,-9.438981
NYU_test_ID,decoder_late,-12.480296
NYU_test_ID,decoder_late,-11.892209
NYU_test_ID,decoder_late,-12.392117
NYU_test_ID,decoder_late,-10.607617
NYU_test_ID,decoder_late,-10.799735
NYU_test_ID,decoder_late,-1.9412389
NYU_test_ID,decoder_late,-2.2835732
NYU_test_ID,decoder_late,-4.227102
NYU_test_ID,decoder_late,-3.716734
NYU_test_ID,decoder_late,-2.507409
NYU_test_ID,decoder_late,-3.6927888
NYU_test_ID,decoder_late,-2.6439438
NYU_test_ID,decoder_late,-2.9970865
NYU_test_ID,decoder_late,-2.386868
NYU_test_ID,decoder_late,-2.3747053
NYU_test_ID,decoder_late,-3.805831
NYU_test_ID,decoder_late,-3.8714542
NYU_test_ID,decoder_late,-5.2915115
NYU_test_ID,decoder_late,-4.1972065
NYU_test_ID,decoder_late,-2.86483
NYU_test_ID,decoder_late,-3.3922267
NYU_test_ID,decoder_late,-4.406208
NYU_test_ID,decoder_late,-8.149151
NYU_test_ID,decoder_late,-1.9439478
NYU_test_ID,decoder_late,-9.352587
NYU_test_ID,decoder_late,-4.8303776
NYU_test_ID,decoder_late,-3.842429
NYU_test_ID,decoder_late,-1.9682434
NYU_test_ID,decoder_late,-5.076512
NYU_test_ID,decoder_late,-2.607052
NYU_test_ID,decoder_late,-2.8670776
NYU_test_ID,decoder_late,-3.3807979
NYU_test_ID,decoder_late,-1.2962765
NYU_test_ID,decoder_late,-3.219977
NYU_test_ID,decoder_late,-2.6377726
NYU_test_ID,decoder_late,-3.5044756
NYU_test_ID,decoder_late,-5.3395905
NYU_test_ID,decoder_late,-3.5248454
NYU_test_ID,decoder_late,-1.2496042
NYU_test_ID,decoder_late,-3.3312287
NYU_test_ID,decoder_late,-2.520747
NYU_test_ID,decoder_late,-3.2351496
NYU_test_ID,decoder_late,-2.6054928
NYU_test_ID,decoder_late,-1.3110472
NYU_test_ID,decoder_late,-6.1693707
NYU_test_ID,decoder_late,-3.8011048
NYU_test_ID,decoder_late,-7.334984
NYU_test_ID,decoder_late,-3.698031
NYU_test_ID,decoder_late,-4.147732
NYU_test_ID,decoder_late,-4.5552034
NYU_test_ID,decoder_late,-7.4037333
NYU_test_ID,decoder_late,-3.094164
NYU_test_ID,decoder_late,-3.5763903
NYU_test_ID,decoder_late,-10.776941
NYU_test_ID,decoder_late,-8.362769
NYU_test_ID,decoder_late,-3.7254083
NYU_test_ID,decoder_late,-1.2330668
NYU_test_ID,decoder_late,-4.871147
NYU_test_ID,decoder_late,-3.3457346
NYU_test_ID,decoder_late,-3.601103
NYU_test_ID,decoder_late,-3.258762
NYU_test_ID,decoder_late,-12.668137
NYU_test_ID,decoder_late,-10.948577
NYU_test_ID,decoder_late,-6.3319507
NYU_test_ID,decoder_late,-25.445234
NYU_test_ID,decoder_late,-3.1599412
NYU_test_ID,decoder_late,-8.332796
NYU_test_ID,decoder_late,-3.0423465
NYU_test_ID,decoder_late,-5.806218
NYU_test_ID,decoder_late,-11.418908
NYU_test_ID,decoder_late,-6.2262917
NYU_test_ID,decoder_late,-11.654431
NYU_test_ID,decoder_late,-5.361798
NYU_test_ID,decoder_late,-10.436373
NYU_test_ID,decoder_late,-14.724634
NYU_test_ID,decoder_late,-12.77977
NYU_test_ID,decoder_late,-15.809912
NYU_test_ID,decoder_late,-12.070198
NYU_test_ID,decoder_late,-13.975096
NYU_test_ID,decoder_late,-2.7897766
NYU_test_ID,decoder_late,-1.707244
NYU_test_ID,decoder_late,-9.13434
NYU_test_ID,decoder_late,-11.592211
NYU_test_ID,decoder_late,-9.9949465
NYU_test_ID,decoder_late,-3.2536328
NYU_test_ID,decoder_late,-4.712593
NYU_test_ID,decoder_late,-11.779895
NYU_test_ID,decoder_late,-3.9530292
NYU_test_ID,decoder_late,-9.74714
NYU_test_ID,decoder_late,-9.227972
NYU_test_ID,decoder_late,-14.138052
NYU_test_ID,decoder_late,-9.565724
NYU_test_ID,decoder_late,-5.752417
NYU_test_ID,decoder_late,-16.632748
NYU_test_ID,decoder_late,-23.626244
NYU_test_ID,decoder_late,-5.382716
NYU_test_ID,decoder_late,-2.6894088
NYU_test_ID,decoder_late,-11.246159
NYU_test_ID,decoder_late,-3.3607779
NYU_test_ID,decoder_late,-5.105831
NYU_test_ID,decoder_late,-11.137223
NYU_test_ID,decoder_late,-3.4564714
NYU_test_ID,decoder_late,-1.8236082
NYU_test_ID,decoder_late,-2.255219
NYU_test_ID,decoder_late,-1.1532834
NYU_test_ID,decoder_late,-11.950632
NYU_test_ID,decoder_late,-9.34629
NYU_test_ID,decoder_late,-3.8208485
NYU_test_ID,decoder_late,-5.3194017
NYU_test_ID,decoder_late,-8.49321
NYU_test_ID,decoder_late,-2.5423284
NYU_test_ID,decoder_late,-2.2676742
NYU_test_ID,decoder_late,-3.187524
NYU_test_ID,decoder_late,-6.426827
NYU_test_ID,decoder_late,-4.3719416
NYU_test_ID,decoder_late,-6.635344
NYU_test_ID,decoder_late,-2.087951
NYU_test_ID,decoder_late,-9.886568
NYU_test_ID,decoder_late,-1.8430862
NYU_test_ID,decoder_late,-5.278215
NYU_test_ID,decoder_late,-6.500281
NYU_test_ID,decoder_late,-11.250544
NYU_test_ID,decoder_late,-4.308152
NYU_test_ID,decoder_late,-10.056746
NYU_test_ID,decoder_late,-12.310126
NYU_test_ID,decoder_late,-5.023792
NYU_test_ID,decoder_late,-4.86286
NYU_test_ID,decoder_late,-4.1457496
NYU_test_ID,decoder_late,-10.661702
NYU_test_ID,decoder_late,-10.526107
NYU_test_ID,decoder_late,-5.7620525
NYU_test_ID,decoder_late,-10.574062
NYU_test_ID,decoder_late,-0.34140968
NYU_test_ID,decoder_late,-7.841318
NYU_test_ID,decoder_late,-10.921698
NYU_test_ID,decoder_late,-10.292217
NYU_test_ID,decoder_late,-9.593165
NYU_test_ID,decoder_late,-10.533543
NYU_test_ID,decoder_late,-10.707723
NYU_test_ID,decoder_late,-12.86232
NYU_test_ID,decoder_late,-5.159027
NYU_test_ID,decoder_late,-11.001256
NYU_test_ID,decoder_late,-2.4165199
NYU_test_ID,decoder_late,-1.4946811
NYU_test_ID,decoder_late,-8.770136
NYU_test_ID,decoder_late,-9.01927
NYU_test_ID,decoder_late,-8.922022
NYU_test_ID,decoder_late,-9.279692
NYU_test_ID,decoder_late,-6.0844893
NYU_test_ID,decoder_late,-2.1294322
NYU_test_ID,decoder_late,-4.1652613
NYU_test_ID,decoder_late,-5.03028
NYU_test_ID,decoder_late,-0.6351521
NYU_test_ID,decoder_late,-2.7275167
NYU_test_ID,decoder_late,-2.5302145
NYU_test_ID,decoder_late,-8.918932
NYU_test_ID,decoder_late,-8.092551
NYU_test_ID,decoder_late,-11.114896
NYU_test_ID,decoder_late,-2.8925917
NYU_test_ID,decoder_late,-5.9035654
NYU_test_ID,decoder_late,-8.615694
NYU_test_ID,decoder_late,-8.302353
NYU_test_ID,decoder_late,-4.969158
NYU_test_ID,decoder_late,-7.0089164
NYU_test_ID,decoder_late,-3.6356597
NYU_test_ID,decoder_late,-5.5983634
NYU_test_ID,decoder_late,-4.0806265
NYU_test_ID,decoder_late,-0.82054305
NYU_test_ID,decoder_late,-5.1842384
NYU_test_ID,decoder_late,-4.6872277
NYU_test_ID,decoder_late,-3.6892898
NYU_test_ID,decoder_late,-6.5075946
NYU_test_ID,decoder_late,-0.9379824
NYU_test_ID,decoder_late,-2.523468
NYU_test_ID,decoder_late,-10.666405
NYU_test_ID,decoder_late,-10.49454
NYU_test_ID,decoder_late,-1.3596038
NYU_test_ID,decoder_late,-1.8911557
NYU_test_ID,decoder_late,-3.332953
NYU_test_ID,decoder_late,-4.286361
NYU_test_ID,decoder_late,-1.8709321
NYU_test_ID,decoder_late,-3.7526233
NYU_test_ID,decoder_late,-3.9577584
NYU_test_ID,decoder_late,-2.585454
NYU_test_ID,decoder_late,-2.501433
NYU_test_ID,decoder_late,-5.1431284
NYU_test_ID,decoder_late,-3.8393903
NYU_test_ID,decoder_late,-3.9775405
NYU_test_ID,decoder_late,-1.0416859
NYU_test_ID,decoder_late,-5.9349585
NYU_test_ID,decoder_late,-5.993995
NYU_test_ID,decoder_late,-3.0887003
NYU_test_ID,decoder_late,-3.8791685
NYU_test_ID,decoder_late,-7.7345815
NYU_test_ID,decoder_late,-10.9864025
NYU_test_ID,decoder_late,-6.0936046
NYU_test_ID,decoder_late,-3.5186179
NYU_test_ID,decoder_late,-10.945056
NYU_test_ID,decoder_late,-3.752023
NYU_test_ID,decoder_late,-3.8289063
NYU_test_ID,decoder_late,-2.6521347
NYU_test_ID,decoder_late,-10.398288
NYU_test_ID,decoder_late,-1.9701109
NYU_test_ID,decoder_late,-10.750101
NYU_test_ID,decoder_late,-3.25456
NYU_test_ID,decoder_late,-2.5875154
NYU_test_ID,decoder_late,-6.465487
NYU_test_ID,decoder_late,-8.522892
NYU_test_ID,decoder_late,-6.2843103
NYU_test_ID,decoder_late,-4.785355
NYU_test_ID,decoder_late,-6.15316
NYU_test_ID,decoder_late,-2.7903671
NYU_test_ID,decoder_late,-5.0296397
NYU_test_ID,decoder_late,-4.2463408
NYU_test_ID,decoder_late,-11.364847
NYU_test_ID,decoder_late,-11.606844
NYU_test_ID,decoder_late,-11.208622
NYU_test_ID,decoder_late,-3.6747332
NYU_test_ID,decoder_late,-5.219694
NYU_test_ID,decoder_late,-9.668697
NYU_test_ID,decoder_late,-3.5820012
NYU_test_ID,decoder_late,-3.207446
NYU_test_ID,decoder_late,-2.2063262
NYU_test_ID,decoder_late,-2.4256465
NYU_test_ID,decoder_late,-3.418329
NYU_test_ID,decoder_late,-3.1722484
NYU_test_ID,decoder_late,-5.634821
NYU_test_ID,decoder_late,-3.0631611
NYU_test_ID,decoder_late,-2.375649
NYU_test_ID,decoder_late,-9.822166
NYU_test_ID,decoder_late,-10.653086
NYU_test_ID,decoder_late,-8.028547
NYU_test_ID,decoder_late,-7.7666283
NYU_test_ID,decoder_late,-5.37864
NYU_test_ID,decoder_late,-4.5912347
NYU_test_ID,decoder_late,-1.271909
NYU_test_ID,decoder_late,-3.1214426
NYU_test_ID,decoder_late,-1.7960992
NYU_test_ID,decoder_late,-1.495547
NYU_test_ID,decoder_late,-0.97733104
NYU_test_ID,decoder_late,-3.308568
NYU_test_ID,decoder_late,-4.379279
NYU_test_ID,decoder_late,-3.1018598
NYU_test_ID,decoder_late,-2.9351115
NYU_test_ID,decoder_late,-1.5409049
NYU_test_ID,decoder_late,-1.8186688
NYU_test_ID,decoder_late,-3.715414
NYU_test_ID,decoder_late,-2.0728495
NYU_test_ID,decoder_late,-3.5413692
NYU_test_ID,decoder_late,-1.8188353
NYU_test_ID,decoder_late,-2.009086
NYU_test_ID,decoder_late,0.22909546
NYU_test_ID,decoder_late,-2.7772427
NYU_test_ID,decoder_late,-2.5194
NYU_test_ID,decoder_late,-0.22023016
NYU_test_ID,decoder_late,-10.504974
NYU_test_ID,decoder_late,-2.2199855
NYU_test_ID,decoder_late,-1.4280396
NYU_test_ID,decoder_late,-3.1148796
NYU_test_ID,decoder_late,-2.4592097
NYU_test_ID,decoder_late,-1.9922237
NYU_test_ID,decoder_late,-1.2031131
NYU_test_ID,decoder_late,-2.9804845
NYU_test_ID,decoder_late,-2.271976
NYU_test_ID,decoder_late,-2.267114
NYU_test_ID,decoder_late,-3.4567404
NYU_test_ID,decoder_late,-5.2535915
NYU_test_ID,decoder_late,-2.6760774
NYU_test_ID,decoder_late,-2.8769073
NYU_test_ID,decoder_late,-3.642249
NYU_test_ID,decoder_late,-3.0637414
NYU_test_ID,decoder_late,-4.1078644
NYU_test_ID,decoder_late,-3.7986128
NYU_test_ID,decoder_late,-3.6233244
NYU_test_ID,decoder_late,-7.1754375
NYU_test_ID,decoder_late,-5.1762643
NYU_test_ID,decoder_late,-4.175957
NYU_test_ID,decoder_late,-2.1062975
NYU_test_ID,decoder_late,-4.637607
NYU_test_ID,decoder_late,-5.8693695
NYU_test_ID,decoder_late,-7.611249
NYU_test_ID,decoder_late,-10.529566
NYU_test_ID,decoder_late,-2.064794
NYU_test_ID,decoder_late,-2.8887777
NYU_test_ID,decoder_late,-3.6945636
NYU_test_ID,decoder_late,-8.941639
NYU_test_ID,decoder_late,-9.4067
NYU_test_ID,decoder_late,-1.7949467
NYU_test_ID,decoder_late,-1.1303707
NYU_test_ID,decoder_late,-1.8647187
NYU_test_ID,decoder_late,-2.8579054
NYU_test_ID,decoder_late,-2.520831
NYU_test_ID,decoder_late,-3.8949227
NYU_test_ID,decoder_late,-8.66118
NYU_test_ID,decoder_late,-11.733904
NYU_test_ID,decoder_late,-9.927369
NYU_test_ID,decoder_late,-12.975829
NYU_test_ID,decoder_late,-3.8144147
NYU_test_ID,decoder_late,-14.054228
NYU_test_ID,decoder_late,-11.320968
NYU_test_ID,decoder_late,-10.863288
NYU_test_ID,decoder_late,-2.8546565
NYU_test_ID,decoder_late,-4.785886
NYU_test_ID,decoder_late,-15.731245
NYU_test_ID,decoder_late,-9.57283
NYU_test_ID,decoder_late,-11.677646
NYU_test_ID,decoder_late,-12.225381
NYU_test_ID,decoder_late,-9.398905
NYU_test_ID,decoder_late,-12.255185
NYU_test_ID,decoder_late,-9.975019
NYU_test_ID,decoder_late,-1.4840875
NYU_test_ID,decoder_late,-8.01303
NYU_test_ID,decoder_late,-10.672991
NYU_test_ID,decoder_late,-3.8450994
NYU_test_ID,decoder_late,-5.137126
NYU_test_ID,decoder_late,-8.570921
NYU_test_ID,decoder_late,-12.972114
NYU_test_ID,decoder_late,-10.990333
NYU_test_ID,decoder_late,-7.7573805
NYU_test_ID,decoder_late,-6.07164
NYU_test_ID,decoder_late,-11.070823
NYU_test_ID,decoder_late,-11.3858595
NYU_test_ID,decoder_late,-11.465847
NYU_test_ID,decoder_late,-10.715494
NYU_test_ID,decoder_late,-3.0325055
NYU_test_ID,decoder_late,-1.2296942
NYU_test_ID,decoder_late,-1.4051771
NYU_test_ID,decoder_late,-2.3735776
NYU_test_ID,decoder_late,-7.239888
NYU_test_ID,decoder_late,-10.355127
NYU_test_ID,decoder_late,-9.959652
NYU_test_ID,decoder_late,-3.6123486
NYU_test_ID,decoder_late,-6.1350017
NYU_test_ID,decoder_late,-8.435211
NYU_test_ID,decoder_late,-10.170074
NYU_test_ID,decoder_late,-9.543627
NYU_test_ID,decoder_late,-6.238154
NYU_test_ID,decoder_late,-5.5554132
NYU_test_ID,decoder_late,-4.958692
NYU_test_ID,decoder_late,-2.3418093
NYU_test_ID,decoder_late,-10.677687
NYU_test_ID,decoder_late,-7.387108
NYU_test_ID,decoder_late,-2.075646
NYU_test_ID,decoder_late,-9.212038
NYU_test_ID,decoder_late,-9.237586
NYU_test_ID,decoder_late,-7.5741835
NYU_test_ID,decoder_late,-2.6457193
NYU_test_ID,decoder_late,-2.7386932
NYU_test_ID,decoder_late,-7.341606
NYU_test_ID,decoder_late,-5.9117694
NYU_test_ID,decoder_late,-7.016853
NYU_test_ID,decoder_late,-5.150175
NYU_test_ID,decoder_late,-1.7202599
NYU_test_ID,decoder_late,-6.0554624
NYU_test_ID,decoder_late,-3.656263
NYU_test_ID,decoder_late,-9.833511
NYU_test_ID,decoder_late,-8.640757
NYU_test_ID,decoder_late,-8.42972
NYU_test_ID,decoder_late,-6.842247
NYU_test_ID,decoder_late,-3.3106458
NYU_test_ID,decoder_late,-9.879895
NYU_test_ID,decoder_late,-6.927854
NYU_test_ID,decoder_late,-3.0030932
NYU_test_ID,decoder_late,-2.4016147
NYU_test_ID,decoder_late,-12.724004
NYU_test_ID,decoder_late,-11.429025
NYU_test_ID,decoder_late,-2.9072638
NYU_test_ID,decoder_late,-3.3361542
NYU_test_ID,decoder_late,-7.173662
NYU_test_ID,decoder_late,-5.971221
NYU_test_ID,decoder_late,-4.108062
NYU_test_ID,decoder_late,-11.288281
NYU_test_ID,decoder_late,-10.791157
NYU_test_ID,decoder_late,-8.833396
NYU_test_ID,decoder_late,-3.3255944
NYU_test_ID,decoder_late,-3.6109965
NYU_test_ID,decoder_late,-2.3867521
NYU_test_ID,decoder_late,-4.303464
NYU_test_ID,decoder_late,-3.3340049
NYU_test_ID,decoder_late,-5.404909
NYU_test_ID,decoder_late,-1.0567408
NYU_test_ID,decoder_late,-10.164232
NYU_test_ID,decoder_late,-3.8111615
NYU_test_ID,decoder_late,-5.360099
NYU_test_ID,decoder_late,-4.9952145
NYU_test_ID,decoder_late,-3.1344306
NYU_test_ID,decoder_late,-10.782718
NYU_test_ID,decoder_late,-2.6051264
NYU_test_ID,decoder_late,-6.0805364
NYU_test_ID,decoder_late,-7.2832403
NYU_test_ID,decoder_late,-4.4722013
NYU_test_ID,decoder_late,-3.0470104
NYU_test_ID,decoder_late,-10.556839
NYU_test_ID,decoder_late,-9.081933
NYU_test_ID,decoder_late,-6.365978
NYU_test_ID,decoder_late,-5.670303
NYU_test_ID,decoder_late,-7.0405955
NYU_test_ID,decoder_late,-10.940704
NYU_test_ID,decoder_late,-10.411722
NYU_test_ID,decoder_late,-12.354488
NYU_test_ID,decoder_late,-6.7748637
NYU_test_ID,decoder_late,-4.2705755
NYU_test_ID,decoder_late,-8.805575
NYU_test_ID,decoder_late,-2.414721
NYU_test_ID,decoder_late,-11.226921
NYU_test_ID,decoder_late,-4.6549635
NYU_test_ID,decoder_late,-4.1586514
NYU_test_ID,decoder_late,-6.105716
NYU_test_ID,decoder_late,-6.7283845
NYU_test_ID,decoder_late,-3.0387757
NYU_test_ID,decoder_late,-1.4079978
NYU_test_ID,decoder_late,-2.527386
NYU_test_ID,decoder_late,-5.1246824
NYU_test_ID,decoder_late,-1.2337935
NYU_test_ID,decoder_late,-2.177307
NYU_test_ID,decoder_late,-4.0002327
NYU_test_ID,decoder_late,-6.5722218
NYU_test_ID,decoder_late,-2.854227
NYU_test_ID,decoder_late,-6.5057425
NYU_test_ID,decoder_late,-8.387561
NYU_test_ID,decoder_late,-3.328101
NYU_test_ID,decoder_late,-3.1484032
NYU_test_ID,decoder_late,-6.1897974
NYU_test_ID,decoder_late,-2.1716537
NYU_test_ID,decoder_late,-4.208219
NYU_test_ID,decoder_late,-11.72852
NYU_test_ID,decoder_late,-3.0323849
NYU_test_ID,decoder_late,-10.691839
NYU_test_ID,decoder_late,-4.133147
NYU_test_ID,decoder_late,-2.5799983
NYU_test_ID,decoder_late,-2.0252824
NYU_test_ID,decoder_late,-3.6238317
NYU_test_ID,decoder_late,-6.7839346
NYU_test_ID,decoder_late,-4.8429465
NYU_test_ID,decoder_late,-12.7351055
NYU_test_ID,decoder_late,-1.5924405
NYU_test_ID,decoder_late,-8.3152485
NYU_test_ID,decoder_late,-0.7320759
NYU_test_ID,decoder_late,-7.308532
NYU_test_ID,decoder_late,-2.9029348
NYU_test_ID,decoder_late,-8.713132
NYU_test_ID,decoder_late,-2.2100506
NYU_test_ID,decoder_late,-8.086615
NYU_test_ID,decoder_late,-7.20722
NYU_test_ID,decoder_late,-10.017249
NYU_test_ID,decoder_late,-6.165343
NYU_test_ID,decoder_late,-1.7873523
NYU_test_ID,decoder_late,-6.759879
NYU_test_ID,decoder_late,-10.100367
NYU_test_ID,decoder_late,-1.9632295
NYU_test_ID,decoder_late,-4.085715
NYU_test_ID,decoder_late,-4.3239503
NYU_test_ID,decoder_late,-2.6486049
NYU_test_ID,decoder_late,-4.028559
NYU_test_ID,decoder_late,-6.012906
NYU_test_ID,decoder_late,-2.9358556
NYU_test_ID,decoder_late,-0.4851458
NYU_test_ID,decoder_late,-3.613714
NYU_test_ID,decoder_late,-1.4793888
NYU_test_ID,decoder_late,-11.326458
NYU_test_ID,decoder_late,-10.39693
NYU_test_ID,decoder_late,-0.49034792
NYU_test_ID,decoder_late,-6.1375628
NYU_test_ID,decoder_late,-2.5897846
NYU_test_ID,decoder_late,-7.0027633
NYU_test_ID,decoder_late,-4.864722
NYU_test_ID,decoder_late,-6.042494
NYU_test_ID,decoder_late,-7.4578
NYU_test_ID,decoder_late,-2.8612452
NYU_test_ID,decoder_late,-6.0024023
NYU_test_ID,decoder_late,-10.853038
NYU_test_ID,decoder_late,-3.3751874
NYU_test_ID,decoder_late,-3.8035207
NYU_test_ID,decoder_late,-2.4252772
NYU_test_ID,decoder_late,-3.6639218
NYU_test_ID,decoder_late,-10.702753
NYU_test_ID,decoder_late,-6.571261
NYU_test_ID,decoder_late,-1.9763808
NYU_test_ID,decoder_late,-5.9396353
NYU_test_ID,decoder_late,-5.806928
NYU_test_ID,decoder_late,-0.6698497
NYU_test_ID,decoder_late,-11.822771
NYU_test_ID,decoder_late,-10.628294
NYU_test_ID,decoder_late,-14.985732
NYU_test_ID,decoder_late,-11.204501
NYU_test_ID,decoder_late,-10.684798
NYU_test_ID,decoder_late,-0.2102114
NYU_test_ID,decoder_late,-9.374807
NYU_test_ID,decoder_late,-8.123884
NYU_test_ID,decoder_late,-8.899104
NYU_test_ID,decoder_late,-2.503222
NYU_test_ID,decoder_late,-0.36396813
NYU_test_ID,decoder_late,-4.627012
NYU_test_ID,decoder_late,-12.630134
NYU_test_ID,decoder_late,-8.570215
NYU_test_ID,decoder_late,-9.755634
NYU_test_ID,decoder_late,-10.733757
NYU_test_ID,decoder_late,-11.660128
NYU_test_ID,decoder_late,-11.5734
NYU_test_ID,decoder_late,-6.3956327
NYU_test_ID,decoder_late,-7.068059
NYU_test_ID,decoder_late,-7.4779944
NYU_test_ID,decoder_late,-4.505761
NYU_test_ID,decoder_late,-5.6843944
NYU_test_ID,decoder_late,-0.98477983
NYU_test_ID,decoder_late,-4.7381372
NYU_test_ID,decoder_late,-10.556949
NYU_test_ID,decoder_late,-3.0965319
NYU_test_ID,decoder_late,-9.696329
NYU_test_ID,decoder_late,-7.109377
NYU_test_ID,decoder_late,-11.679605
NYU_test_ID,decoder_late,-10.554284
NYU_test_ID,decoder_late,-10.262566
NYU_test_ID,decoder_late,-9.223141
NYU_test_ID,decoder_late,-8.427544
NYU_test_ID,decoder_late,-2.8447583
NYU_test_ID,decoder_late,-11.455402
NYU_test_ID,decoder_late,-4.988514
NYU_test_ID,decoder_late,-8.17766
NYU_test_ID,decoder_late,-10.213836
NYU_test_ID,decoder_late,-16.095585
NYU_test_ID,decoder_late,-10.998585
NYU_test_ID,decoder_late,-10.089084
NYU_test_ID,decoder_late,-7.77992
NYU_test_ID,decoder_late,-12.945432
NYU_test_ID,decoder_late,-3.9632404
NYU_test_ID,decoder_late,-9.358719
NYU_test_ID,decoder_late,-7.483829
NYU_test_ID,decoder_late,-11.217767
NYU_test_ID,decoder_late,-11.764852
NYU_test_ID,decoder_late,-8.614188
NYU_test_ID,decoder_late,-10.997436
NYU_test_ID,decoder_late,-6.445234
NYU_test_ID,decoder_late,-11.810268
NYU_test_ID,decoder_late,-2.7619724
NYU_test_ID,decoder_late,-10.3021965
NYU_test_ID,decoder_late,-5.3003817
NYU_test_ID,decoder_late,-13.501495
NYU_test_ID,decoder_late,-10.762027
NYU_test_ID,decoder_late,-9.731443
NYU_test_ID,decoder_late,-10.798593
NYU_test_ID,decoder_late,-11.75488
NYU_test_ID,decoder_late,-11.678174
NYU_test_ID,decoder_late,-3.4906158
NYU_test_ID,decoder_late,-1.735397
NYU_test_ID,decoder_late,-12.280067
NYU_test_ID,decoder_late,-2.6862183
NYU_test_ID,decoder_late,-6.5889645
NYU_test_ID,decoder_late,-9.150972
NYU_test_ID,decoder_late,-8.139347
NYU_test_ID,decoder_late,-11.601258
NYU_test_ID,decoder_late,-8.19182
NYU_test_ID,decoder_late,-16.666752
NYU_test_ID,decoder_late,-12.502052
NYU_test_ID,decoder_late,-11.155208
NYU_test_ID,decoder_late,-12.861933
NYU_test_ID,decoder_late,-11.49504
NYU_test_ID,decoder_late,-12.569802
NYU_test_ID,decoder_late,-2.9373784
NYU_test_ID,decoder_late,-1.4365591
NYU_test_ID,decoder_late,-3.3079407
NYU_test_ID,decoder_late,-10.020155
NYU_test_ID,decoder_late,-9.917197
NYU_test_ID,decoder_late,-10.990243
NYU_test_ID,decoder_late,-9.776541
NYU_test_ID,decoder_late,-15.775889
NYU_test_ID,decoder_late,-1.855444
NYU_test_ID,decoder_late,-11.852893
NYU_test_ID,decoder_late,-10.318233
NYU_test_ID,decoder_late,-11.13893
NYU_test_ID,decoder_late,-13.450732
NYU_test_ID,decoder_late,-3.559873
NYU_test_ID,decoder_late,-11.179696
NYU_test_ID,decoder_late,-3.8187153
NYU_test_ID,decoder_late,-4.9868484
NYU_test_ID,decoder_late,-10.016814
NYU_test_ID,decoder_late,-4.6752863
NYU_test_ID,decoder_late,-10.754468
NYU_test_ID,decoder_late,-9.751377
NYU_test_ID,decoder_late,-11.136792
NYU_test_ID,decoder_late,-13.315193
NYU_test_ID,decoder_late,-6.1163707
NYU_test_ID,decoder_late,-5.0916944
NYU_test_ID,decoder_late,-5.483851
NYU_test_ID,decoder_late,-4.106887
NYU_test_ID,decoder_late,-16.014957
NYU_test_ID,decoder_late,-13.289217
NYU_test_ID,decoder_late,-11.445922
NYU_test_ID,decoder_late,-6.607438
NYU_test_ID,decoder_late,-2.7496471
NYU_test_ID,decoder_late,-14.512886
NYU_test_ID,decoder_late,-7.8195314
NYU_test_ID,decoder_late,-1.3953134
NYU_test_ID,decoder_late,-10.219423
NYU_test_ID,decoder_late,-2.9607775
NYU_test_ID,decoder_late,0.100676894
NYU_test_ID,decoder_late,-7.998771
NYU_test_ID,decoder_late,-3.83946
NYU_test_ID,decoder_late,-3.2385645
NYU_test_ID,decoder_late,-10.1917925
NYU_test_ID,decoder_late,-12.307239
NYU_test_ID,decoder_late,-4.5997143
NYU_test_ID,decoder_late,-0.08440298
NYU_test_ID,decoder_late,-10.078546
NYU_test_ID,decoder_late,-3.7493377
NYU_test_ID,decoder_late,-10.656831
NYU_test_ID,decoder_late,-9.139526
NYU_test_ID,decoder_late,-10.210042
NYU_test_ID,decoder_late,-9.993221
NYU_test_ID,decoder_late,-10.037032
KITTI_OOD,encoder_early,20.932487
KITTI_OOD,encoder_early,22.139217
KITTI_OOD,encoder_early,19.458939
KITTI_OOD,encoder_early,18.19963
KITTI_OOD,encoder_early,18.710152
KITTI_OOD,encoder_early,19.299292
KITTI_OOD,encoder_early,20.363474
KITTI_OOD,encoder_early,19.330736
KITTI_OOD,encoder_early,19.42894
KITTI_OOD,encoder_early,19.019083
KITTI_OOD,encoder_early,19.6058
KITTI_OOD,encoder_early,18.345877
KITTI_OOD,encoder_early,19.60498
KITTI_OOD,encoder_early,19.705564
KITTI_OOD,encoder_early,20.864351
KITTI_OOD,encoder_early,20.09465
KITTI_OOD,encoder_early,20.438873
KITTI_OOD,encoder_early,20.940832
KITTI_OOD,encoder_early,21.952726
KITTI_OOD,encoder_early,22.65632
KITTI_OOD,encoder_early,21.920244
KITTI_OOD,encoder_early,23.594011
KITTI_OOD,encoder_early,23.361828
KITTI_OOD,encoder_early,16.29859
KITTI_OOD,encoder_early,18.089336
KITTI_OOD,encoder_early,20.376446
KITTI_OOD,encoder_early,21.994852
KITTI_OOD,encoder_early,19.408344
KITTI_OOD,encoder_early,21.3762
KITTI_OOD,encoder_early,20.688547
KITTI_OOD,encoder_early,22.006157
KITTI_OOD,encoder_early,20.051476
KITTI_OOD,encoder_early,22.412712
KITTI_OOD,encoder_early,20.921833
KITTI_OOD,encoder_early,24.188688
KITTI_OOD,encoder_early,23.107246
KITTI_OOD,encoder_early,24.829523
KITTI_OOD,encoder_early,25.166508
KITTI_OOD,encoder_early,26.434437
KITTI_OOD,encoder_early,26.352554
KITTI_OOD,encoder_early,27.872902
KITTI_OOD,encoder_early,27.640009
KITTI_OOD,encoder_early,26.854137
KITTI_OOD,encoder_early,26.237345
KITTI_OOD,encoder_early,25.741089
KITTI_OOD,encoder_early,24.349888
KITTI_OOD,encoder_early,24.312416
KITTI_OOD,encoder_early,23.197083
KITTI_OOD,encoder_early,24.092014
KITTI_OOD,encoder_early,23.631443
KITTI_OOD,encoder_early,23.303888
KITTI_OOD,encoder_early,22.560326
KITTI_OOD,encoder_early,24.983873
KITTI_OOD,encoder_early,23.223179
KITTI_OOD,encoder_early,24.95076
KITTI_OOD,encoder_early,25.267462
KITTI_OOD,encoder_early,25.205597
KITTI_OOD,encoder_early,24.261808
KITTI_OOD,encoder_early,24.898586
KITTI_OOD,encoder_early,22.860367
KITTI_OOD,encoder_early,24.61072
KITTI_OOD,encoder_early,23.228754
KITTI_OOD,encoder_early,25.008154
KITTI_OOD,encoder_early,23.12352
KITTI_OOD,encoder_early,25.095104
KITTI_OOD,encoder_early,22.284168
KITTI_OOD,encoder_early,23.869884
KITTI_OOD,encoder_early,22.1961
KITTI_OOD,encoder_early,24.881582
KITTI_OOD,encoder_early,23.359344
KITTI_OOD,encoder_early,25.826551
KITTI_OOD,encoder_early,27.257914
KITTI_OOD,encoder_early,27.706446
KITTI_OOD,encoder_early,24.231956
KITTI_OOD,encoder_early,23.303871
KITTI_OOD,encoder_early,22.678408
KITTI_OOD,encoder_early,24.692348
KITTI_OOD,encoder_early,24.51442
KITTI_OOD,encoder_early,24.44786
KITTI_OOD,encoder_early,24.59981
KITTI_OOD,encoder_early,24.109503
KITTI_OOD,encoder_early,26.687208
KITTI_OOD,encoder_early,26.305645
KITTI_OOD,encoder_early,26.145771
KITTI_OOD,encoder_early,27.019651
KITTI_OOD,encoder_early,26.107258
KITTI_OOD,encoder_early,25.84247
KITTI_OOD,encoder_early,26.12547
KITTI_OOD,encoder_early,25.445368
KITTI_OOD,encoder_early,25.8509
KITTI_OOD,encoder_early,25.948729
KITTI_OOD,encoder_early,24.429146
KITTI_OOD,encoder_early,24.153536
KITTI_OOD,encoder_early,21.765196
KITTI_OOD,encoder_early,23.971386
KITTI_OOD,encoder_early,23.64856
KITTI_OOD,encoder_early,21.88078
KITTI_OOD,encoder_early,19.996357
KITTI_OOD,encoder_early,22.022186
KITTI_OOD,encoder_early,21.717854
KITTI_OOD,encoder_early,22.235172
KITTI_OOD,encoder_early,23.183048
KITTI_OOD,encoder_early,23.738615
KITTI_OOD,encoder_early,21.305458
KITTI_OOD,encoder_early,20.590193
KITTI_OOD,encoder_early,21.907595
KITTI_OOD,encoder_early,22.348043
KITTI_OOD,encoder_early,21.661772
KITTI_OOD,encoder_early,23.700703
KITTI_OOD,encoder_early,21.544516
KITTI_OOD,encoder_early,26.27051
KITTI_OOD,encoder_early,25.827211
KITTI_OOD,encoder_early,25.942684
KITTI_OOD,encoder_early,24.102034
KITTI_OOD,encoder_early,24.394314
KITTI_OOD,encoder_early,20.727203
KITTI_OOD,encoder_early,23.799961
KITTI_OOD,encoder_early,22.085892
KITTI_OOD,encoder_early,23.247093
KITTI_OOD,encoder_early,20.122477
KITTI_OOD,encoder_early,22.729103
KITTI_OOD,encoder_early,20.655201
KITTI_OOD,encoder_early,23.36663
KITTI_OOD,encoder_early,19.141783
KITTI_OOD,encoder_early,22.278896
KITTI_OOD,encoder_early,18.972351
KITTI_OOD,encoder_early,19.061237
KITTI_OOD,encoder_early,16.419094
KITTI_OOD,encoder_early,20.26331
KITTI_OOD,encoder_early,16.456392
KITTI_OOD,encoder_early,21.863392
KITTI_OOD,encoder_early,18.060297
KITTI_OOD,encoder_early,21.644884
KITTI_OOD,encoder_early,25.434217
KITTI_OOD,encoder_early,25.533945
KITTI_OOD,encoder_early,25.8492
KITTI_OOD,encoder_early,27.097301
KITTI_OOD,encoder_early,27.625607
KITTI_OOD,encoder_early,28.460701
KITTI_OOD,encoder_early,27.210354
KITTI_OOD,encoder_early,28.252523
KITTI_OOD,encoder_early,28.02732
KITTI_OOD,encoder_early,27.103815
KITTI_OOD,encoder_early,25.237803
KITTI_OOD,encoder_early,26.40097
KITTI_OOD,encoder_early,26.203741
KITTI_OOD,encoder_early,27.934578
KITTI_OOD,encoder_early,27.706131
KITTI_OOD,encoder_early,27.002937
KITTI_OOD,encoder_early,22.836014
KITTI_OOD,encoder_early,20.771334
KITTI_OOD,encoder_early,19.262
KITTI_OOD,encoder_early,22.404465
KITTI_OOD,encoder_early,17.136255
KITTI_OOD,encoder_early,18.689796
KITTI_OOD,encoder_early,17.71371
KITTI_OOD,encoder_early,18.608002
KITTI_OOD,encoder_early,19.525288
KITTI_OOD,encoder_early,21.028027
KITTI_OOD,encoder_early,19.460842
KITTI_OOD,encoder_early,20.245113
KITTI_OOD,encoder_early,22.700548
KITTI_OOD,encoder_early,23.872963
KITTI_OOD,encoder_early,24.306467
KITTI_OOD,encoder_early,26.692097
KITTI_OOD,encoder_early,28.537199
KITTI_OOD,encoder_early,26.06645
KITTI_OOD,encoder_early,22.150478
KITTI_OOD,encoder_early,24.30389
KITTI_OOD,encoder_early,24.570164
KITTI_OOD,encoder_early,24.997889
KITTI_OOD,encoder_early,25.13922
KITTI_OOD,encoder_early,26.439724
KITTI_OOD,encoder_early,27.082014
KITTI_OOD,encoder_early,27.929996
KITTI_OOD,encoder_early,25.543787
KITTI_OOD,encoder_early,24.482449
KITTI_OOD,encoder_early,24.862242
KITTI_OOD,encoder_early,27.313477
KITTI_OOD,encoder_early,26.132408
KITTI_OOD,encoder_early,28.659058
KITTI_OOD,encoder_early,25.09176
KITTI_OOD,encoder_early,27.319023
KITTI_OOD,encoder_early,24.913107
KITTI_OOD,encoder_early,25.129765
KITTI_OOD,encoder_early,22.975456
KITTI_OOD,encoder_early,25.494564
KITTI_OOD,encoder_early,25.34988
KITTI_OOD,encoder_early,25.687862
KITTI_OOD,encoder_early,24.112978
KITTI_OOD,encoder_early,23.928482
KITTI_OOD,encoder_early,23.140497
KITTI_OOD,encoder_early,24.667198
KITTI_OOD,encoder_early,24.738419
KITTI_OOD,encoder_early,26.693655
KITTI_OOD,encoder_early,27.41356
KITTI_OOD,encoder_early,29.20135
KITTI_OOD,encoder_early,28.242474
KITTI_OOD,encoder_early,27.657398
KITTI_OOD,encoder_early,23.78248
KITTI_OOD,encoder_early,24.560722
KITTI_OOD,encoder_early,24.512386
KITTI_OOD,encoder_early,26.114492
KITTI_OOD,encoder_early,24.497679
KITTI_OOD,encoder_early,26.514816
KITTI_OOD,encoder_early,27.729717
KITTI_OOD,encoder_early,29.859867
KITTI_OOD,encoder_early,29.191584
KITTI_OOD,encoder_early,29.541521
KITTI_OOD,encoder_early,24.839535
KITTI_OOD,encoder_early,28.01464
KITTI_OOD,encoder_early,26.661499
KITTI_OOD,encoder_early,26.55992
KITTI_OOD,encoder_early,25.975029
KITTI_OOD,encoder_early,28.202393
KITTI_OOD,encoder_early,27.117847
KITTI_OOD,encoder_early,26.615017
KITTI_OOD,encoder_early,26.611269
KITTI_OOD,encoder_early,28.258783
KITTI_OOD,encoder_early,26.547707
KITTI_OOD,encoder_early,27.892326
KITTI_OOD,encoder_early,24.747614
KITTI_OOD,encoder_early,23.068146
KITTI_OOD,encoder_early,19.570158
KITTI_OOD,encoder_early,20.867916
KITTI_OOD,encoder_early,21.88522
KITTI_OOD,encoder_early,25.77957
KITTI_OOD,encoder_early,25.811298
KITTI_OOD,encoder_early,22.267256
KITTI_OOD,encoder_early,20.372557
KITTI_OOD,encoder_early,24.334137
KITTI_OOD,encoder_early,24.07934
KITTI_OOD,encoder_early,26.910439
KITTI_OOD,encoder_early,25.067688
KITTI_OOD,encoder_early,26.510687
KITTI_OOD,encoder_early,24.942059
KITTI_OOD,encoder_early,24.785995
KITTI_OOD,encoder_early,23.165253
KITTI_OOD,encoder_early,22.79547
KITTI_OOD,encoder_early,24.517256
KITTI_OOD,encoder_early,25.033623
KITTI_OOD,encoder_early,23.120214
KITTI_OOD,encoder_early,25.360193
KITTI_OOD,encoder_early,24.60362
KITTI_OOD,encoder_early,26.565916
KITTI_OOD,encoder_early,23.784016
KITTI_OOD,encoder_early,22.919153
KITTI_OOD,encoder_early,20.69846
KITTI_OOD,encoder_early,25.07711
KITTI_OOD,encoder_early,24.60867
KITTI_OOD,encoder_early,25.469477
KITTI_OOD,encoder_early,25.413288
KITTI_OOD,encoder_early,26.747595
KITTI_OOD,encoder_early,24.344769
KITTI_OOD,encoder_early,23.074543
KITTI_OOD,encoder_early,25.868076
KITTI_OOD,encoder_early,26.294418
KITTI_OOD,encoder_early,27.132303
KITTI_OOD,encoder_early,26.186312
KITTI_OOD,encoder_early,25.324348
KITTI_OOD,encoder_early,28.0637
KITTI_OOD,encoder_early,26.358564
KITTI_OOD,encoder_early,25.257742
KITTI_OOD,encoder_early,24.0843
KITTI_OOD,encoder_early,23.968195
KITTI_OOD,encoder_early,25.712395
KITTI_OOD,encoder_early,27.339062
KITTI_OOD,encoder_early,23.87225
KITTI_OOD,encoder_early,25.239748
KITTI_OOD,encoder_early,25.270449
KITTI_OOD,encoder_early,26.062176
KITTI_OOD,encoder_early,23.025152
KITTI_OOD,encoder_early,24.759132
KITTI_OOD,encoder_early,23.446432
KITTI_OOD,encoder_early,25.42482
KITTI_OOD,encoder_early,22.827507
KITTI_OOD,encoder_early,26.05605
KITTI_OOD,encoder_early,23.852394
KITTI_OOD,encoder_early,25.88551
KITTI_OOD,encoder_early,24.428322
KITTI_OOD,encoder_early,25.703978
KITTI_OOD,encoder_early,25.590069
KITTI_OOD,encoder_early,25.655952
KITTI_OOD,encoder_early,25.53255
KITTI_OOD,encoder_early,28.009724
KITTI_OOD,encoder_early,27.124807
KITTI_OOD,encoder_early,26.382242
KITTI_OOD,encoder_early,25.099247
KITTI_OOD,encoder_early,25.012291
KITTI_OOD,encoder_early,25.964903
KITTI_OOD,encoder_early,27.30842
KITTI_OOD,encoder_early,25.52344
KITTI_OOD,encoder_early,28.340063
KITTI_OOD,encoder_early,24.878407
KITTI_OOD,encoder_early,23.326126
KITTI_OOD,encoder_early,23.477238
KITTI_OOD,encoder_early,26.084747
KITTI_OOD,encoder_early,26.275023
KITTI_OOD,encoder_early,27.038366
KITTI_OOD,encoder_early,23.261541
KITTI_OOD,encoder_early,23.326853
KITTI_OOD,encoder_early,22.919865
KITTI_OOD,encoder_early,21.6515
KITTI_OOD,encoder_early,21.2813
KITTI_OOD,encoder_early,21.018461
KITTI_OOD,encoder_early,20.391506
KITTI_OOD,encoder_early,21.666197
KITTI_OOD,encoder_early,19.33192
KITTI_OOD,encoder_early,23.317867
KITTI_OOD,encoder_early,19.73091
KITTI_OOD,encoder_early,21.845076
KITTI_OOD,encoder_early,22.693342
KITTI_OOD,encoder_early,24.810274
KITTI_OOD,encoder_early,22.273493
KITTI_OOD,encoder_early,25.792086
KITTI_OOD,encoder_early,24.045483
KITTI_OOD,encoder_early,25.698837
KITTI_OOD,encoder_early,23.308905
KITTI_OOD,encoder_early,23.682041
KITTI_OOD,encoder_early,21.781044
KITTI_OOD,encoder_early,22.78412
KITTI_OOD,encoder_early,22.46015
KITTI_OOD,encoder_early,23.06667
KITTI_OOD,encoder_early,23.58721
KITTI_OOD,encoder_early,24.46141
KITTI_OOD,encoder_early,23.323069
KITTI_OOD,encoder_early,24.246708
KITTI_OOD,encoder_early,22.455784
KITTI_OOD,encoder_early,22.946716
KITTI_OOD,encoder_early,23.919538
KITTI_OOD,encoder_early,23.654732
KITTI_OOD,encoder_early,21.751127
KITTI_OOD,encoder_early,24.593754
KITTI_OOD,encoder_early,23.844643
KITTI_OOD,encoder_early,24.69156
KITTI_OOD,encoder_early,23.726688
KITTI_OOD,encoder_early,23.981941
KITTI_OOD,encoder_early,24.010065
KITTI_OOD,encoder_early,25.244846
KITTI_OOD,encoder_early,24.75288
KITTI_OOD,encoder_early,25.71234
KITTI_OOD,encoder_early,23.61864
KITTI_OOD,encoder_early,25.115742
KITTI_OOD,encoder_early,25.366737
KITTI_OOD,encoder_early,26.101578
KITTI_OOD,encoder_early,26.16175
KITTI_OOD,encoder_early,26.73691
KITTI_OOD,encoder_early,28.022099
KITTI_OOD,encoder_early,29.339117
KITTI_OOD,encoder_early,26.89577
KITTI_OOD,encoder_early,27.559078
KITTI_OOD,encoder_early,27.218184
KITTI_OOD,encoder_early,28.341433
KITTI_OOD,encoder_early,27.464035
KITTI_OOD,encoder_early,28.126472
KITTI_OOD,encoder_early,27.58632
KITTI_OOD,encoder_early,28.397387
KITTI_OOD,encoder_early,27.702255
KITTI_OOD,encoder_early,29.019018
KITTI_OOD,encoder_early,27.522781
KITTI_OOD,encoder_early,28.524967
KITTI_OOD,encoder_early,27.211386
KITTI_OOD,encoder_early,27.621271
KITTI_OOD,encoder_early,26.07505
KITTI_OOD,encoder_early,28.251877
KITTI_OOD,encoder_early,27.71415
KITTI_OOD,encoder_early,29.193096
KITTI_OOD,encoder_early,29.242857
KITTI_OOD,encoder_early,29.662151
KITTI_OOD,encoder_early,28.935564
KITTI_OOD,encoder_early,28.484035
KITTI_OOD,encoder_early,26.248478
KITTI_OOD,encoder_early,27.257
KITTI_OOD,encoder_early,25.246704
KITTI_OOD,encoder_early,25.881718
KITTI_OOD,encoder_early,25.476059
KITTI_OOD,encoder_early,26.702332
KITTI_OOD,encoder_early,24.654902
KITTI_OOD,encoder_early,23.788301
KITTI_OOD,encoder_early,22.536163
KITTI_OOD,encoder_early,24.002626
KITTI_OOD,encoder_early,21.863743
KITTI_OOD,encoder_early,23.56942
KITTI_OOD,encoder_early,22.904808
KITTI_OOD,encoder_early,23.861595
KITTI_OOD,encoder_early,22.561752
KITTI_OOD,encoder_early,22.23776
KITTI_OOD,encoder_early,22.247467
KITTI_OOD,encoder_early,23.398039
KITTI_OOD,encoder_early,23.376736
KITTI_OOD,encoder_early,22.372728
KITTI_OOD,encoder_early,21.912449
KITTI_OOD,encoder_early,22.132008
KITTI_OOD,encoder_early,21.2743
KITTI_OOD,encoder_early,17.7621
KITTI_OOD,encoder_early,19.041286
KITTI_OOD,encoder_early,22.77304
KITTI_OOD,encoder_early,20.883745
KITTI_OOD,encoder_early,23.227169
KITTI_OOD,encoder_early,23.077898
KITTI_OOD,encoder_early,24.196056
KITTI_OOD,encoder_early,23.497873
KITTI_OOD,encoder_early,24.818155
KITTI_OOD,encoder_early,22.607546
KITTI_OOD,encoder_early,22.854631
KITTI_OOD,encoder_early,22.397032
KITTI_OOD,encoder_early,23.767374
KITTI_OOD,encoder_early,21.447752
KITTI_OOD,encoder_early,23.880867
KITTI_OOD,encoder_early,23.440659
KITTI_OOD,encoder_early,26.257551
KITTI_OOD,encoder_early,24.95891
KITTI_OOD,encoder_early,24.850325
KITTI_OOD,encoder_early,22.382086
KITTI_OOD,encoder_early,21.219753
KITTI_OOD,encoder_early,20.036245
KITTI_OOD,encoder_early,21.672434
KITTI_OOD,encoder_early,18.460789
KITTI_OOD,encoder_early,22.183998
KITTI_OOD,encoder_early,21.042927
KITTI_OOD,encoder_early,19.840937
KITTI_OOD,encoder_early,19.734001
KITTI_OOD,encoder_early,20.351927
KITTI_OOD,encoder_early,18.798122
KITTI_OOD,encoder_early,18.63988
KITTI_OOD,encoder_early,19.66139
KITTI_OOD,encoder_early,21.998207
KITTI_OOD,encoder_early,16.16981
KITTI_OOD,encoder_early,19.052507
KITTI_OOD,encoder_early,17.231035
KITTI_OOD,encoder_early,19.914232
KITTI_OOD,encoder_early,14.440393
KITTI_OOD,encoder_early,19.477198
KITTI_OOD,encoder_early,18.119257
KITTI_OOD,encoder_early,19.61398
KITTI_OOD,encoder_early,19.14278
KITTI_OOD,encoder_early,17.553705
KITTI_OOD,encoder_early,13.644128
KITTI_OOD,encoder_early,16.552475
KITTI_OOD,encoder_early,15.203183
KITTI_OOD,encoder_early,13.828707
KITTI_OOD,encoder_early,15.915719
KITTI_OOD,encoder_early,19.46108
KITTI_OOD,encoder_early,12.569892
KITTI_OOD,encoder_early,12.754219
KITTI_OOD,encoder_early,13.458823
KITTI_OOD,encoder_early,17.757177
KITTI_OOD,encoder_early,16.62231
KITTI_OOD,encoder_early,18.95826
KITTI_OOD,encoder_early,14.104648
KITTI_OOD,encoder_early,15.128466
KITTI_OOD,encoder_early,16.03189
KITTI_OOD,encoder_early,17.29874
KITTI_OOD,encoder_early,18.49153
KITTI_OOD,encoder_early,18.374212
KITTI_OOD,encoder_early,17.538837
KITTI_OOD,encoder_early,18.353268
KITTI_OOD,encoder_early,17.051872
KITTI_OOD,encoder_early,20.945225
KITTI_OOD,encoder_early,19.989258
KITTI_OOD,encoder_early,19.377737
KITTI_OOD,encoder_early,19.43389
KITTI_OOD,encoder_early,20.368473
KITTI_OOD,encoder_early,21.586246
KITTI_OOD,encoder_early,22.786495
KITTI_OOD,encoder_early,24.314316
KITTI_OOD,encoder_early,27.627174
KITTI_OOD,encoder_early,24.225246
KITTI_OOD,encoder_early,23.571064
KITTI_OOD,encoder_early,23.02275
KITTI_OOD,encoder_early,23.967947
KITTI_OOD,encoder_early,23.815948
KITTI_OOD,encoder_early,21.921015
KITTI_OOD,encoder_early,22.554806
KITTI_OOD,encoder_early,24.73417
KITTI_OOD,encoder_early,25.737461
KITTI_OOD,encoder_early,25.687489
KITTI_OOD,encoder_early,24.926842
KITTI_OOD,encoder_early,25.89669
KITTI_OOD,encoder_early,25.04626
KITTI_OOD,encoder_early,25.636835
KITTI_OOD,encoder_early,25.282429
KITTI_OOD,encoder_early,25.813532
KITTI_OOD,encoder_early,24.741613
KITTI_OOD,encoder_early,26.60814
KITTI_OOD,encoder_early,26.426798
KITTI_OOD,encoder_early,27.225618
KITTI_OOD,encoder_early,27.409933
KITTI_OOD,encoder_early,27.55987
KITTI_OOD,encoder_early,26.330318
KITTI_OOD,encoder_early,27.142296
KITTI_OOD,encoder_early,24.112728
KITTI_OOD,encoder_early,24.670666
KITTI_OOD,encoder_early,22.923595
KITTI_OOD,encoder_early,21.19992
KITTI_OOD,encoder_early,20.458466
KITTI_OOD,encoder_early,21.163033
KITTI_OOD,encoder_early,17.608768
KITTI_OOD,encoder_early,18.554857
KITTI_OOD,encoder_early,18.457027
KITTI_OOD,encoder_early,19.959581
KITTI_OOD,encoder_early,20.520397
KITTI_OOD,encoder_early,21.84105
KITTI_OOD,encoder_early,21.07616
KITTI_OOD,encoder_early,22.254728
KITTI_OOD,encoder_early,20.89517
KITTI_OOD,encoder_early,20.800817
KITTI_OOD,encoder_early,19.38353
KITTI_OOD,encoder_early,19.652603
KITTI_OOD,encoder_early,18.349623
KITTI_OOD,encoder_early,19.315308
KITTI_OOD,encoder_early,17.21239
KITTI_OOD,encoder_early,18.757786
KITTI_OOD,encoder_early,18.193914
KITTI_OOD,encoder_early,17.5747
KITTI_OOD,encoder_early,17.11631
KITTI_OOD,encoder_early,18.735071
KITTI_OOD,encoder_early,24.715515
KITTI_OOD,encoder_early,25.96201
KITTI_OOD,encoder_early,25.211954
KITTI_OOD,encoder_early,24.576736
KITTI_OOD,encoder_early,24.319653
KITTI_OOD,encoder_early,25.746754
KITTI_OOD,encoder_early,23.820496
KITTI_OOD,encoder_early,25.418764
KITTI_OOD,encoder_early,23.792046
KITTI_OOD,encoder_early,24.32774
KITTI_OOD,encoder_early,21.587456
KITTI_OOD,encoder_early,21.991892
KITTI_OOD,encoder_early,17.55563
KITTI_OOD,encoder_early,19.41609
KITTI_OOD,encoder_early,20.848068
KITTI_OOD,encoder_early,23.157944
KITTI_OOD,encoder_early,22.91546
KITTI_OOD,encoder_early,22.95768
KITTI_OOD,encoder_early,24.338606
KITTI_OOD,encoder_early,23.243666
KITTI_OOD,encoder_early,22.14397
KITTI_OOD,encoder_early,22.802095
KITTI_OOD,encoder_early,23.308945
KITTI_OOD,encoder_early,24.604237
KITTI_OOD,encoder_early,25.339228
KITTI_OOD,encoder_early,28.597414
KITTI_OOD,encoder_early,26.10258
KITTI_OOD,encoder_early,25.836172
KITTI_OOD,encoder_early,23.464203
KITTI_OOD,encoder_early,27.253893
KITTI_OOD,encoder_early,26.550379
KITTI_OOD,encoder_early,27.390114
KITTI_OOD,encoder_early,26.639647
KITTI_OOD,encoder_early,26.797909
KITTI_OOD,encoder_early,25.833866
KITTI_OOD,encoder_early,27.561977
KITTI_OOD,encoder_early,25.272152
KITTI_OOD,encoder_early,24.885283
KITTI_OOD,encoder_early,24.841854
KITTI_OOD,encoder_early,28.410168
KITTI_OOD,encoder_early,28.358532
KITTI_OOD,encoder_early,27.698507
KITTI_OOD,encoder_early,27.765894
KITTI_OOD,encoder_early,28.394566
KITTI_OOD,encoder_early,25.807308
KITTI_OOD,encoder_early,27.99778
KITTI_OOD,encoder_early,26.680984
KITTI_OOD,encoder_early,27.494835
KITTI_OOD,encoder_early,25.338264
KITTI_OOD,encoder_early,28.474491
KITTI_OOD,encoder_early,25.12716
KITTI_OOD,encoder_early,25.962423
KITTI_OOD,encoder_early,24.86106
KITTI_OOD,encoder_early,26.913004
KITTI_OOD,encoder_early,24.140133
KITTI_OOD,encoder_early,23.103233
KITTI_OOD,encoder_early,22.966066
KITTI_OOD,encoder_early,24.77541
KITTI_OOD,encoder_early,23.86965
KITTI_OOD,encoder_early,23.886866
KITTI_OOD,encoder_early,22.45921
KITTI_OOD,encoder_early,23.689537
KITTI_OOD,encoder_early,22.852308
KITTI_OOD,encoder_early,25.129938
KITTI_OOD,encoder_early,25.547646
KITTI_OOD,encoder_early,27.37605
KITTI_OOD,encoder_early,26.708519
KITTI_OOD,encoder_early,25.783339
KITTI_OOD,encoder_early,23.289942
KITTI_OOD,encoder_early,24.884022
KITTI_OOD,encoder_early,24.46429
KITTI_OOD,encoder_early,25.035955
KITTI_OOD,encoder_early,23.180237
KITTI_OOD,encoder_early,24.809172
KITTI_OOD,encoder_early,23.244116
KITTI_OOD,encoder_early,24.303213
KITTI_OOD,encoder_early,23.977644
KITTI_OOD,encoder_early,23.181644
KITTI_OOD,encoder_early,24.035225
KITTI_OOD,encoder_early,23.199686
KITTI_OOD,encoder_early,21.56716
KITTI_OOD,encoder_early,22.39717
KITTI_OOD,encoder_early,22.9109
KITTI_OOD,encoder_early,25.337013
KITTI_OOD,encoder_early,25.583494
KITTI_OOD,encoder_early,22.626194
KITTI_OOD,encoder_early,25.24707
KITTI_OOD,encoder_early,24.267303
KITTI_OOD,encoder_early,21.110912
KITTI_OOD,encoder_early,22.650475
KITTI_OOD,encoder_early,22.319279
KITTI_OOD,encoder_early,20.607635
KITTI_OOD,encoder_early,20.036848
KITTI_OOD,encoder_early,21.008371
KITTI_OOD,encoder_early,20.435125
KITTI_OOD,encoder_early,21.335312
KITTI_OOD,encoder_early,21.22798
KITTI_OOD,encoder_early,20.220238
KITTI_OOD,encoder_early,20.2454
KITTI_OOD,encoder_early,20.78046
KITTI_OOD,encoder_early,19.971386
KITTI_OOD,encoder_early,21.658253
KITTI_OOD,encoder_early,20.811255
KITTI_OOD,encoder_early,21.22286
KITTI_OOD,encoder_early,20.594673
KITTI_OOD,encoder_early,20.559338
KITTI_OOD,encoder_early,19.228262
KITTI_OOD,encoder_early,15.305165
KITTI_OOD,encoder_early,12.611725
KITTI_OOD,encoder_early,14.6726675
KITTI_OOD,encoder_early,12.12867
KITTI_OOD,encoder_early,14.743798
KITTI_OOD,encoder_early,20.999638
KITTI_OOD,encoder_early,23.656618
KITTI_OOD,encoder_early,20.153288
KITTI_OOD,encoder_early,24.2603
KITTI_OOD,encoder_early,19.695269
KITTI_OOD,encoder_early,21.687366
KITTI_OOD,encoder_early,18.529175
KITTI_OOD,encoder_early,22.061985
KITTI_OOD,encoder_early,20.12463
KITTI_OOD,encoder_early,22.658447
KITTI_OOD,encoder_early,24.732244
KITTI_OOD,encoder_early,25.782127
KITTI_OOD,encoder_early,27.895685
KITTI_OOD,encoder_early,29.933422
KITTI_OOD,encoder_early,26.989716
KITTI_OOD,encoder_early,24.886906
KITTI_OOD,encoder_early,23.341831
KITTI_OOD,encoder_early,24.585585
KITTI_OOD,encoder_early,23.609251
KITTI_OOD,encoder_early,25.46188
KITTI_OOD,encoder_early,21.290398
KITTI_OOD,encoder_early,24.29813
KITTI_OOD,encoder_early,23.60552
KITTI_OOD,encoder_early,25.868893
KITTI_OOD,encoder_early,22.492271
KITTI_OOD,encoder_early,26.257507
KITTI_OOD,encoder_early,24.493288
KITTI_OOD,encoder_early,23.623388
KITTI_OOD,encoder_early,20.935406
KITTI_OOD,encoder_early,21.152916
KITTI_OOD,encoder_early,19.857515
KITTI_OOD,encoder_early,22.402653
KITTI_OOD,encoder_early,20.567398
KITTI_OOD,encoder_early,24.209839
KITTI_OOD,encoder_early,22.08183
KITTI_OOD,encoder_early,23.04481
KITTI_OOD,encoder_early,21.053452
KITTI_OOD,encoder_early,21.77612
KITTI_OOD,encoder_early,20.220358
KITTI_OOD,encoder_early,21.11831
KITTI_OOD,encoder_early,21.353104
KITTI_OOD,encoder_early,23.945414
KITTI_OOD,encoder_early,24.685472
KITTI_OOD,encoder_early,21.941217
KITTI_OOD,encoder_early,20.18549
KITTI_OOD,encoder_early,22.345827
KITTI_OOD,encoder_early,19.660933
KITTI_OOD,encoder_early,20.455688
KITTI_OOD,encoder_early,19.43489
KITTI_OOD,encoder_early,20.334003
KITTI_OOD,encoder_early,17.112614
KITTI_OOD,encoder_early,18.564245
KITTI_OOD,encoder_early,17.768368
KITTI_OOD,encoder_early,16.722246
KITTI_OOD,encoder_early,15.835053
KITTI_OOD,encoder_early,17.533232
KITTI_OOD,encoder_early,17.946152
KITTI_OOD,encoder_early,22.316278
KITTI_OOD,encoder_early,18.590382
KITTI_OOD,encoder_early,20.687899
KITTI_OOD,encoder_early,19.670708
KITTI_OOD,encoder_early,21.4721
KITTI_OOD,encoder_early,21.898664
KITTI_OOD,encoder_early,23.819004
KITTI_OOD,encoder_early,21.794838
KITTI_OOD,encoder_early,24.238138
KITTI_OOD,encoder_early,23.256493
KITTI_OOD,encoder_early,21.965847
KITTI_OOD,encoder_early,19.879648
KITTI_OOD,encoder_early,16.368446
KITTI_OOD,encoder_early,15.262378
KITTI_OOD,encoder_early,17.798439
KITTI_OOD,encoder_early,17.313852
KITTI_OOD,encoder_early,18.492458
KITTI_OOD,encoder_early,15.808064
KITTI_OOD,encoder_early,17.44833
KITTI_OOD,encoder_early,16.531422
KITTI_OOD,encoder_early,17.270458
KITTI_OOD,encoder_early,16.580618
KITTI_OOD,encoder_early,18.264559
KITTI_OOD,encoder_early,16.983608
KITTI_OOD,encoder_early,16.411016
KITTI_OOD,encoder_early,14.585594
KITTI_OOD,encoder_early,17.083567
KITTI_OOD,encoder_early,18.040176
KITTI_OOD,encoder_early,20.170385
KITTI_OOD,encoder_early,16.233044
KITTI_OOD,encoder_early,18.15594
KITTI_OOD,encoder_early,18.472355
KITTI_OOD,encoder_early,18.163494
KITTI_OOD,encoder_early,11.771774
KITTI_OOD,encoder_early,13.773764
KITTI_OOD,encoder_early,15.661947
KITTI_OOD,encoder_early,15.976886
KITTI_OOD,encoder_early,20.67936
KITTI_OOD,encoder_early,21.993895
KITTI_OOD,encoder_early,18.78615
KITTI_OOD,encoder_early,23.750912
KITTI_OOD,encoder_early,23.41322
KITTI_OOD,encoder_early,21.980587
KITTI_OOD,encoder_early,22.54686
KITTI_OOD,encoder_early,21.381046
KITTI_OOD,encoder_early,22.260778
KITTI_OOD,encoder_early,22.024128
KITTI_OOD,encoder_early,20.821308
KITTI_OOD,encoder_early,21.427086
KITTI_OOD,encoder_early,21.886484
KITTI_OOD,encoder_early,23.744387
KITTI_OOD,encoder_early,23.798935
KITTI_OOD,encoder_early,24.208952
KITTI_OOD,encoder_early,21.315775
KITTI_OOD,encoder_early,25.297234
KITTI_OOD,encoder_early,24.565596
KITTI_OOD,encoder_early,23.9962
KITTI_OOD,encoder_early,27.640528
KITTI_OOD,encoder_early,24.20182
KITTI_OOD,encoder_early,27.09604
KITTI_OOD,encoder_early,14.43124
KITTI_OOD,encoder_early,17.138802
KITTI_OOD,encoder_early,19.705227
KITTI_OOD,encoder_early,21.872042
KITTI_OOD,encoder_early,24.604706
KITTI_OOD,encoder_early,22.595697
KITTI_OOD,encoder_early,23.496124
KITTI_OOD,encoder_early,21.010748
KITTI_OOD,encoder_early,22.187275
KITTI_OOD,encoder_early,22.064783
KITTI_OOD,encoder_early,22.658356
KITTI_OOD,encoder_early,21.451338
KITTI_OOD,encoder_early,22.92509
KITTI_OOD,encoder_early,23.396416
KITTI_OOD,encoder_early,23.61946
KITTI_OOD,encoder_early,22.418003
KITTI_OOD,encoder_early,23.739235
KITTI_OOD,encoder_early,23.646044
KITTI_OOD,encoder_early,24.005127
KITTI_OOD,encoder_early,22.868797
KITTI_OOD,encoder_early,25.2906
KITTI_OOD,encoder_early,22.706465
KITTI_OOD,encoder_early,23.498766
KITTI_OOD,encoder_early,21.561708
KITTI_OOD,encoder_early,22.90009
KITTI_OOD,encoder_early,21.516993
KITTI_OOD,encoder_early,22.605099
KITTI_OOD,encoder_early,21.183578
KITTI_OOD,encoder_early,22.86764
KITTI_OOD,encoder_early,22.847546
KITTI_OOD,encoder_early,23.675283
KITTI_OOD,encoder_early,23.018871
KITTI_OOD,encoder_early,24.489237
KITTI_OOD,encoder_early,22.286562
KITTI_OOD,encoder_early,24.39651
KITTI_OOD,encoder_early,22.479118
KITTI_OOD,encoder_early,23.957037
KITTI_OOD,encoder_early,22.533577
KITTI_OOD,encoder_early,24.15754
KITTI_OOD,encoder_early,23.272953
KITTI_OOD,encoder_early,25.26564
KITTI_OOD,encoder_early,23.189514
KITTI_OOD,encoder_early,25.392447
KITTI_OOD,encoder_early,24.781761
KITTI_OOD,encoder_early,26.69511
KITTI_OOD,encoder_early,24.585556
KITTI_OOD,encoder_early,25.007011
KITTI_OOD,encoder_early,24.543093
KITTI_OOD,encoder_early,25.11489
KITTI_OOD,encoder_early,22.604248
KITTI_OOD,encoder_early,24.415049
KITTI_OOD,encoder_early,26.065784
KITTI_OOD,encoder_early,25.798794
KITTI_OOD,encoder_early,20.271164
KITTI_OOD,encoder_early,23.0602
KITTI_OOD,encoder_early,22.027922
KITTI_OOD,encoder_early,22.664959
KITTI_OOD,encoder_early,22.934166
KITTI_OOD,encoder_early,22.242086
KITTI_OOD,encoder_early,20.55601
KITTI_OOD,encoder_early,21.694975
KITTI_OOD,encoder_early,20.836105
KITTI_OOD,encoder_early,22.385254
KITTI_OOD,encoder_early,20.215607
KITTI_OOD,encoder_early,23.007719
KITTI_OOD,encoder_early,21.940231
KITTI_OOD,encoder_early,25.291348
KITTI_OOD,encoder_early,21.311174
KITTI_OOD,encoder_early,22.573423
KITTI_OOD,encoder_early,20.991905
KITTI_OOD,encoder_early,22.511269
KITTI_OOD,encoder_early,19.597565
KITTI_OOD,encoder_early,19.317118
KITTI_OOD,encoder_early,17.450064
KITTI_OOD,encoder_early,19.293293
KITTI_OOD,encoder_early,20.568562
KITTI_OOD,encoder_early,23.370008
KITTI_OOD,encoder_early,20.517384
KITTI_OOD,encoder_early,24.095564
KITTI_OOD,encoder_early,19.537663
KITTI_OOD,encoder_early,22.83912
KITTI_OOD,encoder_early,18.99504
KITTI_OOD,encoder_early,19.782543
KITTI_OOD,encoder_early,18.540085
KITTI_OOD,encoder_early,19.63079
KITTI_OOD,encoder_early,19.785614
KITTI_OOD,encoder_early,23.6221
KITTI_OOD,encoder_early,21.223211
KITTI_OOD,encoder_early,23.82336
KITTI_OOD,encoder_early,21.328941
KITTI_OOD,encoder_early,23.175535
KITTI_OOD,encoder_early,21.582277
KITTI_OOD,encoder_early,23.890242
KITTI_OOD,encoder_early,25.276636
KITTI_OOD,encoder_early,26.344885
KITTI_OOD,encoder_early,25.170729
KITTI_OOD,encoder_early,25.889742
KITTI_OOD,encoder_early,25.337166
KITTI_OOD,encoder_early,24.29774
KITTI_OOD,encoder_early,23.729332
KITTI_OOD,encoder_early,24.864708
KITTI_OOD,encoder_early,25.125063
KITTI_OOD,encoder_early,25.742474
KITTI_OOD,encoder_early,25.331724
KITTI_OOD,encoder_early,25.194511
KITTI_OOD,encoder_early,24.436024
KITTI_OOD,encoder_early,25.503052
KITTI_OOD,encoder_early,22.796268
KITTI_OOD,encoder_early,24.007792
KITTI_OOD,encoder_early,21.662956
KITTI_OOD,encoder_early,24.873383
KITTI_OOD,encoder_early,22.39123
KITTI_OOD,encoder_early,24.205404
KITTI_OOD,encoder_early,23.679691
KITTI_OOD,encoder_early,24.029436
KITTI_OOD,encoder_early,22.778402
KITTI_OOD,encoder_early,23.003475
KITTI_OOD,encoder_early,21.917166
KITTI_OOD,encoder_early,23.572948
KITTI_OOD,encoder_early,22.67323
KITTI_OOD,encoder_early,22.121391
KITTI_OOD,encoder_early,19.980307
KITTI_OOD,encoder_early,25.1104
KITTI_OOD,encoder_early,22.055199
KITTI_OOD,encoder_early,24.517097
KITTI_OOD,encoder_early,23.291708
KITTI_OOD,encoder_early,22.420902
KITTI_OOD,encoder_early,21.924894
KITTI_OOD,encoder_early,23.322916
KITTI_OOD,encoder_early,20.088036
KITTI_OOD,encoder_early,21.243666
KITTI_OOD,encoder_early,20.199705
KITTI_OOD,encoder_early,23.771376
KITTI_OOD,encoder_early,24.122982
KITTI_OOD,encoder_early,26.664627
KITTI_OOD,encoder_early,22.024467
KITTI_OOD,encoder_early,23.147781
KITTI_OOD,encoder_early,21.04084
KITTI_OOD,encoder_early,24.961979
KITTI_OOD,encoder_early,23.463345
KITTI_OOD,encoder_early,24.319572
KITTI_OOD,encoder_early,20.384533
KITTI_OOD,encoder_early,24.521664
KITTI_OOD,encoder_early,22.564789
KITTI_OOD,encoder_early,24.50549
KITTI_OOD,encoder_early,25.32713
KITTI_OOD,encoder_early,22.749954
KITTI_OOD,encoder_early,20.528408
KITTI_OOD,encoder_early,23.411322
KITTI_OOD,encoder_early,20.94658
KITTI_OOD,encoder_early,21.289343
KITTI_OOD,encoder_early,20.49752
KITTI_OOD,encoder_early,22.083788
KITTI_OOD,encoder_early,21.987389
KITTI_OOD,encoder_early,22.749475
KITTI_OOD,encoder_early,21.586937
KITTI_OOD,encoder_early,21.57825
KITTI_OOD,encoder_early,21.51793
KITTI_OOD,encoder_early,22.46433
KITTI_OOD,encoder_early,22.100962
KITTI_OOD,encoder_early,23.300869
KITTI_OOD,encoder_early,21.90755
KITTI_OOD,encoder_early,24.65181
KITTI_OOD,encoder_early,22.246014
KITTI_OOD,encoder_early,24.026005
KITTI_OOD,encoder_early,22.496727
KITTI_OOD,encoder_early,20.177975
KITTI_OOD,encoder_early,19.506413
KITTI_OOD,encoder_early,19.983902
KITTI_OOD,encoder_early,20.485424
KITTI_OOD,encoder_early,23.299725
KITTI_OOD,encoder_early,21.709568
KITTI_OOD,encoder_early,24.537394
KITTI_OOD,encoder_early,23.206102
KITTI_OOD,encoder_early,25.499634
KITTI_OOD,encoder_early,22.304585
KITTI_OOD,encoder_early,24.640741
KITTI_OOD,encoder_early,22.164955
KITTI_OOD,encoder_early,24.883913
KITTI_OOD,encoder_early,20.620255
KITTI_OOD,encoder_early,22.167316
KITTI_OOD,encoder_early,23.04645
KITTI_OOD,encoder_early,23.265951
KITTI_OOD,encoder_early,25.734465
KITTI_OOD,encoder_early,24.370312
KITTI_OOD,encoder_early,22.901417
KITTI_OOD,encoder_early,24.135452
KITTI_OOD,encoder_early,21.718813
KITTI_OOD,encoder_early,23.762447
KITTI_OOD,encoder_early,24.300072
KITTI_OOD,encoder_early,28.211409
KITTI_OOD,encoder_early,30.340654
KITTI_OOD,encoder_early,29.164755
KITTI_OOD,encoder_early,24.33384
KITTI_OOD,encoder_early,23.755386
KITTI_OOD,encoder_early,25.233961
KITTI_OOD,encoder_early,25.496336
KITTI_OOD,encoder_early,25.025063
KITTI_OOD,encoder_early,25.006273
KITTI_OOD,encoder_early,24.646475
KITTI_OOD,encoder_early,25.28146
KITTI_OOD,encoder_early,12.990887
KITTI_OOD,encoder_early,14.352555
KITTI_OOD,encoder_early,15.201768
KITTI_OOD,encoder_early,16.828348
KITTI_OOD,encoder_early,16.431124
KITTI_OOD,encoder_early,17.695602
KITTI_OOD,encoder_early,15.656466
KITTI_OOD,encoder_early,13.786007
KITTI_OOD,encoder_early,14.645539
KITTI_OOD,encoder_early,14.473245
KITTI_OOD,encoder_early,13.099324
KITTI_OOD,encoder_early,14.120686
KITTI_OOD,encoder_early,12.266276
KITTI_OOD,encoder_early,11.9100485
KITTI_OOD,encoder_early,13.215827
KITTI_OOD,encoder_early,15.053639
KITTI_OOD,encoder_early,11.481008
KITTI_OOD,encoder_early,14.736113
KITTI_OOD,encoder_early,9.798457
KITTI_OOD,encoder_early,11.093232
KITTI_OOD,encoder_early,12.910039
KITTI_OOD,encoder_early,13.824154
KITTI_OOD,encoder_early,16.501318
KITTI_OOD,encoder_early,18.844515
KITTI_OOD,encoder_early,18.920649
KITTI_OOD,encoder_early,21.262712
KITTI_OOD,encoder_early,18.574234
KITTI_OOD,encoder_early,21.617996
KITTI_OOD,encoder_early,18.438408
KITTI_OOD,encoder_early,21.036905
KITTI_OOD,encoder_early,20.310118
KITTI_OOD,encoder_early,21.658678
KITTI_OOD,encoder_early,21.983267
KITTI_OOD,encoder_early,21.163727
KITTI_OOD,encoder_early,21.846197
KITTI_OOD,encoder_early,24.139051
KITTI_OOD,encoder_early,21.180614
KITTI_OOD,encoder_early,22.587269
KITTI_OOD,encoder_early,19.940863
KITTI_OOD,encoder_early,22.63267
KITTI_OOD,encoder_early,21.469398
KITTI_OOD,encoder_early,22.80239
KITTI_OOD,encoder_early,21.689428
KITTI_OOD,encoder_early,23.598488
KITTI_OOD,encoder_early,22.181944
KITTI_OOD,encoder_early,22.804266
KITTI_OOD,encoder_early,24.055986
KITTI_OOD,encoder_early,26.108452
KITTI_OOD,encoder_early,24.970503
KITTI_OOD,encoder_early,25.274668
KITTI_OOD,encoder_early,24.241428
KITTI_OOD,encoder_early,24.73597
KITTI_OOD,encoder_early,23.982767
KITTI_OOD,encoder_middle,-65.36127
KITTI_OOD,encoder_middle,-65.31416
KITTI_OOD,encoder_middle,-63.0872
KITTI_OOD,encoder_middle,-55.452995
KITTI_OOD,encoder_middle,-52.940987
KITTI_OOD,encoder_middle,-54.084873
KITTI_OOD,encoder_middle,-52.49068
KITTI_OOD,encoder_middle,-48.131466
KITTI_OOD,encoder_middle,-49.70807
KITTI_OOD,encoder_middle,-51.19157
KITTI_OOD,encoder_middle,-54.160255
KITTI_OOD,encoder_middle,-53.951096
KITTI_OOD,encoder_middle,-56.82596
KITTI_OOD,encoder_middle,-61.310852
KITTI_OOD,encoder_middle,-59.7605
KITTI_OOD,encoder_middle,-56.75284
KITTI_OOD,encoder_middle,-51.208202
KITTI_OOD,encoder_middle,-50.797462
KITTI_OOD,encoder_middle,-52.805428
KITTI_OOD,encoder_middle,-51.219017
KITTI_OOD,encoder_middle,-46.840427
KITTI_OOD,encoder_middle,-54.785545
KITTI_OOD,encoder_middle,-50.96976
KITTI_OOD,encoder_middle,-61.43048
KITTI_OOD,encoder_middle,-61.095676
KITTI_OOD,encoder_middle,-53.563446
KITTI_OOD,encoder_middle,-57.075367
KITTI_OOD,encoder_middle,-53.307583
KITTI_OOD,encoder_middle,-52.792984
KITTI_OOD,encoder_middle,-53.112583
KITTI_OOD,encoder_middle,-57.391777
KITTI_OOD,encoder_middle,-63.413574
KITTI_OOD,encoder_middle,-62.95008
KITTI_OOD,encoder_middle,-58.47825
KITTI_OOD,encoder_middle,-63.24106
KITTI_OOD,encoder_middle,-71.26311
KITTI_OOD,encoder_middle,-66.22215
KITTI_OOD,encoder_middle,-58.008076
KITTI_OOD,encoder_middle,-61.75717
KITTI_OOD,encoder_middle,-61.3514
KITTI_OOD,encoder_middle,-60.87403
KITTI_OOD,encoder_middle,-58.162624
KITTI_OOD,encoder_middle,-58.135414
KITTI_OOD,encoder_middle,-59.794292
KITTI_OOD,encoder_middle,-58.625587
KITTI_OOD,encoder_middle,-64.20846
KITTI_OOD,encoder_middle,-64.824554
KITTI_OOD,encoder_middle,-52.873962
KITTI_OOD,encoder_middle,-57.97974
KITTI_OOD,encoder_middle,-53.99804
KITTI_OOD,encoder_middle,-52.348286
KITTI_OOD,encoder_middle,-49.391476
KITTI_OOD,encoder_middle,-50.648376
KITTI_OOD,encoder_middle,-49.671616
KITTI_OOD,encoder_middle,-48.47715
KITTI_OOD,encoder_middle,-43.26567
KITTI_OOD,encoder_middle,-44.510387
KITTI_OOD,encoder_middle,-39.35799
KITTI_OOD,encoder_middle,-42.022167
KITTI_OOD,encoder_middle,-53.026745
KITTI_OOD,encoder_middle,-59.260166
KITTI_OOD,encoder_middle,-50.797157
KITTI_OOD,encoder_middle,-55.077473
KITTI_OOD,encoder_middle,-49.49703
KITTI_OOD,encoder_middle,-45.54483
KITTI_OOD,encoder_middle,-44.436806
KITTI_OOD,encoder_middle,-40.69251
KITTI_OOD,encoder_middle,-41.343475
KITTI_OOD,encoder_middle,-35.680447
KITTI_OOD,encoder_middle,-39.6911
KITTI_OOD,encoder_middle,-42.346786
KITTI_OOD,encoder_middle,-49.77426
KITTI_OOD,encoder_middle,-50.024357
KITTI_OOD,encoder_middle,-47.66237
KITTI_OOD,encoder_middle,-53.71376
KITTI_OOD,encoder_middle,-55.043648
KITTI_OOD,encoder_middle,-52.68278
KITTI_OOD,encoder_middle,-51.58262
KITTI_OOD,encoder_middle,-50.379524
KITTI_OOD,encoder_middle,-45.669598
KITTI_OOD,encoder_middle,-50.801464
KITTI_OOD,encoder_middle,-48.9307
KITTI_OOD,encoder_middle,-50.57811
KITTI_OOD,encoder_middle,-50.58597
KITTI_OOD,encoder_middle,-49.66069
KITTI_OOD,encoder_middle,-51.21133
KITTI_OOD,encoder_middle,-48.16705
KITTI_OOD,encoder_middle,-52.589947
KITTI_OOD,encoder_middle,-51.3266
KITTI_OOD,encoder_middle,-51.166103
KITTI_OOD,encoder_middle,-47.260246
KITTI_OOD,encoder_middle,-48.555653
KITTI_OOD,encoder_middle,-57.79384
KITTI_OOD,encoder_middle,-65.45168
KITTI_OOD,encoder_middle,-53.114662
KITTI_OOD,encoder_middle,-58.32003
KITTI_OOD,encoder_middle,-69.3642
KITTI_OOD,encoder_middle,-72.2155
KITTI_OOD,encoder_middle,-68.90053
KITTI_OOD,encoder_middle,-60.501926
KITTI_OOD,encoder_middle,-53.732517
KITTI_OOD,encoder_middle,-65.44026
KITTI_OOD,encoder_middle,-62.201283
KITTI_OOD,encoder_middle,-56.315132
KITTI_OOD,encoder_middle,-80.40498
KITTI_OOD,encoder_middle,-77.70489
KITTI_OOD,encoder_middle,-86.00254
KITTI_OOD,encoder_middle,-82.93927
KITTI_OOD,encoder_middle,-84.39173
KITTI_OOD,encoder_middle,-84.18713
KITTI_OOD,encoder_middle,-78.68899
KITTI_OOD,encoder_middle,-78.5146
KITTI_OOD,encoder_middle,-76.79678
KITTI_OOD,encoder_middle,-86.70363
KITTI_OOD,encoder_middle,-68.210724
KITTI_OOD,encoder_middle,-70.241165
KITTI_OOD,encoder_middle,-46.29489
KITTI_OOD,encoder_middle,-48.621864
KITTI_OOD,encoder_middle,-43.787426
KITTI_OOD,encoder_middle,-73.526245
KITTI_OOD,encoder_middle,-59.789375
KITTI_OOD,encoder_middle,-61.438057
KITTI_OOD,encoder_middle,-54.510197
KITTI_OOD,encoder_middle,-68.21965
KITTI_OOD,encoder_middle,-58.510063
KITTI_OOD,encoder_middle,-61.571896
KITTI_OOD,encoder_middle,-72.8655
KITTI_OOD,encoder_middle,-79.789444
KITTI_OOD,encoder_middle,-66.58154
KITTI_OOD,encoder_middle,-65.740074
KITTI_OOD,encoder_middle,-68.19348
KITTI_OOD,encoder_middle,-65.883316
KITTI_OOD,encoder_middle,-67.96056
KITTI_OOD,encoder_middle,-68.79422
KITTI_OOD,encoder_middle,-67.68109
KITTI_OOD,encoder_middle,-61.85003
KITTI_OOD,encoder_middle,-58.06021
KITTI_OOD,encoder_middle,-53.078
KITTI_OOD,encoder_middle,-48.533146
KITTI_OOD,encoder_middle,-40.564064
KITTI_OOD,encoder_middle,-39.52333
KITTI_OOD,encoder_middle,-49.905064
KITTI_OOD,encoder_middle,-60.466446
KITTI_OOD,encoder_middle,-60.627796
KITTI_OOD,encoder_middle,-57.54869
KITTI_OOD,encoder_middle,-53.19913
KITTI_OOD,encoder_middle,-44.538013
KITTI_OOD,encoder_middle,-45.53083
KITTI_OOD,encoder_middle,-47.70777
KITTI_OOD,encoder_middle,-64.676926
KITTI_OOD,encoder_middle,-62.49639
KITTI_OOD,encoder_middle,-64.547585
KITTI_OOD,encoder_middle,-61.71789
KITTI_OOD,encoder_middle,-54.58915
KITTI_OOD,encoder_middle,-53.039284
KITTI_OOD,encoder_middle,-60.363827
KITTI_OOD,encoder_middle,-61.56726
KITTI_OOD,encoder_middle,-49.942677
KITTI_OOD,encoder_middle,-52.065544
KITTI_OOD,encoder_middle,-52.054535
KITTI_OOD,encoder_middle,-54.536716
KITTI_OOD,encoder_middle,-56.503956
KITTI_OOD,encoder_middle,-66.66481
KITTI_OOD,encoder_middle,-56.66222
KITTI_OOD,encoder_middle,-52.33465
KITTI_OOD,encoder_middle,-39.783833
KITTI_OOD,encoder_middle,-44.10336
KITTI_OOD,encoder_middle,-51.816475
KITTI_OOD,encoder_middle,-53.353867
KITTI_OOD,encoder_middle,-62.530174
KITTI_OOD,encoder_middle,-55.354218
KITTI_OOD,encoder_middle,-54.098526
KITTI_OOD,encoder_middle,-53.650925
KITTI_OOD,encoder_middle,-44.630066
KITTI_OOD,encoder_middle,-44.029198
KITTI_OOD,encoder_middle,-44.357582
KITTI_OOD,encoder_middle,-61.128548
KITTI_OOD,encoder_middle,-59.916157
KITTI_OOD,encoder_middle,-56.19425
KITTI_OOD,encoder_middle,-43.046017
KITTI_OOD,encoder_middle,-43.977272
KITTI_OOD,encoder_middle,-44.702686
KITTI_OOD,encoder_middle,-42.457542
KITTI_OOD,encoder_middle,-40.74938
KITTI_OOD,encoder_middle,-39.18766
KITTI_OOD,encoder_middle,-46.74038
KITTI_OOD,encoder_middle,-47.093067
KITTI_OOD,encoder_middle,-49.062454
KITTI_OOD,encoder_middle,-45.003796
KITTI_OOD,encoder_middle,-58.09271
KITTI_OOD,encoder_middle,-56.083107
KITTI_OOD,encoder_middle,-56.316536
KITTI_OOD,encoder_middle,-54.41861
KITTI_OOD,encoder_middle,-51.366776
KITTI_OOD,encoder_middle,-45.27906
KITTI_OOD,encoder_middle,-45.76451
KITTI_OOD,encoder_middle,-42.915115
KITTI_OOD,encoder_middle,-47.119453
KITTI_OOD,encoder_middle,-41.104084
KITTI_OOD,encoder_middle,-53.64139
KITTI_OOD,encoder_middle,-42.432655
KITTI_OOD,encoder_middle,-58.809845
KITTI_OOD,encoder_middle,-40.973312
KITTI_OOD,encoder_middle,-57.805206
KITTI_OOD,encoder_middle,-42.301216
KITTI_OOD,encoder_middle,-41.570694
KITTI_OOD,encoder_middle,-37.89069
KITTI_OOD,encoder_middle,-47.68211
KITTI_OOD,encoder_middle,-44.07667
KITTI_OOD,encoder_middle,-44.83195
KITTI_OOD,encoder_middle,-45.928608
KITTI_OOD,encoder_middle,-47.692833
KITTI_OOD,encoder_middle,-62.913837
KITTI_OOD,encoder_middle,-54.020935
KITTI_OOD,encoder_middle,-41.36486
KITTI_OOD,encoder_middle,-37.01113
KITTI_OOD,encoder_middle,-47.03715
KITTI_OOD,encoder_middle,-46.18705
KITTI_OOD,encoder_middle,-41.4321
KITTI_OOD,encoder_middle,-39.465187
KITTI_OOD,encoder_middle,-41.325226
KITTI_OOD,encoder_middle,-45.999702
KITTI_OOD,encoder_middle,-43.751102
KITTI_OOD,encoder_middle,-52.77707
KITTI_OOD,encoder_middle,-51.229153
KITTI_OOD,encoder_middle,-54.348076
KITTI_OOD,encoder_middle,-52.8982
KITTI_OOD,encoder_middle,-43.726475
KITTI_OOD,encoder_middle,-53.6707
KITTI_OOD,encoder_middle,-61.268127
KITTI_OOD,encoder_middle,-56.133724
KITTI_OOD,encoder_middle,-52.762875
KITTI_OOD,encoder_middle,-55.390938
KITTI_OOD,encoder_middle,-49.06045
KITTI_OOD,encoder_middle,-47.188957
KITTI_OOD,encoder_middle,-45.83412
KITTI_OOD,encoder_middle,-48.749767
KITTI_OOD,encoder_middle,-52.09021
KITTI_OOD,encoder_middle,-49.20196
KITTI_OOD,encoder_middle,-44.19317
KITTI_OOD,encoder_middle,-53.333397
KITTI_OOD,encoder_middle,-50.2485
KITTI_OOD,encoder_middle,-53.743267
KITTI_OOD,encoder_middle,-53.654667
KITTI_OOD,encoder_middle,-52.296455
KITTI_OOD,encoder_middle,-56.961617
KITTI_OOD,encoder_middle,-51.486107
KITTI_OOD,encoder_middle,-52.701714
KITTI_OOD,encoder_middle,-53.080418
KITTI_OOD,encoder_middle,-50.1972
KITTI_OOD,encoder_middle,-50.54569
KITTI_OOD,encoder_middle,-45.57671
KITTI_OOD,encoder_middle,-42.07501
KITTI_OOD,encoder_middle,-42.921864
KITTI_OOD,encoder_middle,-42.507347
KITTI_OOD,encoder_middle,-49.138027
KITTI_OOD,encoder_middle,-49.770844
KITTI_OOD,encoder_middle,-49.529255
KITTI_OOD,encoder_middle,-50.90208
KITTI_OOD,encoder_middle,-46.434723
KITTI_OOD,encoder_middle,-42.125454
KITTI_OOD,encoder_middle,-38.759262
KITTI_OOD,encoder_middle,-57.88008
KITTI_OOD,encoder_middle,-51.773083
KITTI_OOD,encoder_middle,-53.686848
KITTI_OOD,encoder_middle,-53.84353
KITTI_OOD,encoder_middle,-48.579502
KITTI_OOD,encoder_middle,-63.46898
KITTI_OOD,encoder_middle,-59.238365
KITTI_OOD,encoder_middle,-51.93482
KITTI_OOD,encoder_middle,-42.98319
KITTI_OOD,encoder_middle,-61.9337
KITTI_OOD,encoder_middle,-64.53234
KITTI_OOD,encoder_middle,-63.726734
KITTI_OOD,encoder_middle,-52.8897
KITTI_OOD,encoder_middle,-55.282135
KITTI_OOD,encoder_middle,-45.970356
KITTI_OOD,encoder_middle,-56.295097
KITTI_OOD,encoder_middle,-55.468754
KITTI_OOD,encoder_middle,-56.91684
KITTI_OOD,encoder_middle,-43.370674
KITTI_OOD,encoder_middle,-62.808346
KITTI_OOD,encoder_middle,-60.930794
KITTI_OOD,encoder_middle,-51.163807
KITTI_OOD,encoder_middle,-42.433964
KITTI_OOD,encoder_middle,-46.29903
KITTI_OOD,encoder_middle,-45.885204
KITTI_OOD,encoder_middle,-50.60022
KITTI_OOD,encoder_middle,-44.775494
KITTI_OOD,encoder_middle,-39.41653
KITTI_OOD,encoder_middle,-45.172676
KITTI_OOD,encoder_middle,-50.570377
KITTI_OOD,encoder_middle,-50.130352
KITTI_OOD,encoder_middle,-42.528824
KITTI_OOD,encoder_middle,-50.576145
KITTI_OOD,encoder_middle,-45.802006
KITTI_OOD,encoder_middle,-50.802498
KITTI_OOD,encoder_middle,-46.72969
KITTI_OOD,encoder_middle,-43.034565
KITTI_OOD,encoder_middle,-45.87754
KITTI_OOD,encoder_middle,-46.184666
KITTI_OOD,encoder_middle,-47.850796
KITTI_OOD,encoder_middle,-47.803993
KITTI_OOD,encoder_middle,-46.227177
KITTI_OOD,encoder_middle,-48.05929
KITTI_OOD,encoder_middle,-52.255592
KITTI_OOD,encoder_middle,-47.99997
KITTI_OOD,encoder_middle,-46.34005
KITTI_OOD,encoder_middle,-44.070766
KITTI_OOD,encoder_middle,-50.381584
KITTI_OOD,encoder_middle,-54.38745
KITTI_OOD,encoder_middle,-49.433598
KITTI_OOD,encoder_middle,-45.840267
KITTI_OOD,encoder_middle,-52.60006
KITTI_OOD,encoder_middle,-42.731365
KITTI_OOD,encoder_middle,-45.843906
KITTI_OOD,encoder_middle,-41.71585
KITTI_OOD,encoder_middle,-36.39538
KITTI_OOD,encoder_middle,-36.98694
KITTI_OOD,encoder_middle,-37.64546
KITTI_OOD,encoder_middle,-48.41901
KITTI_OOD,encoder_middle,-54.226833
KITTI_OOD,encoder_middle,-50.283894
KITTI_OOD,encoder_middle,-42.350315
KITTI_OOD,encoder_middle,-47.280136
KITTI_OOD,encoder_middle,-35.86495
KITTI_OOD,encoder_middle,-39.202293
KITTI_OOD,encoder_middle,-48.018894
KITTI_OOD,encoder_middle,-49.20119
KITTI_OOD,encoder_middle,-48.86744
KITTI_OOD,encoder_middle,-49.15221
KITTI_OOD,encoder_middle,-56.480103
KITTI_OOD,encoder_middle,-56.61417
KITTI_OOD,encoder_middle,-49.403027
KITTI_OOD,encoder_middle,-42.997063
KITTI_OOD,encoder_middle,-48.667946
KITTI_OOD,encoder_middle,-44.742012
KITTI_OOD,encoder_middle,-39.775867
KITTI_OOD,encoder_middle,-48.02418
KITTI_OOD,encoder_middle,-45.839787
KITTI_OOD,encoder_middle,-40.44682
KITTI_OOD,encoder_middle,-47.271976
KITTI_OOD,encoder_middle,-49.829586
KITTI_OOD,encoder_middle,-43.645306
KITTI_OOD,encoder_middle,-49.25828
KITTI_OOD,encoder_middle,-39.669525
KITTI_OOD,encoder_middle,-43.93467
KITTI_OOD,encoder_middle,-42.448215
KITTI_OOD,encoder_middle,-44.93516
KITTI_OOD,encoder_middle,-46.15693
KITTI_OOD,encoder_middle,-42.308456
KITTI_OOD,encoder_middle,-43.86888
KITTI_OOD,encoder_middle,-49.844437
KITTI_OOD,encoder_middle,-49.92576
KITTI_OOD,encoder_middle,-43.344402
KITTI_OOD,encoder_middle,-51.789906
KITTI_OOD,encoder_middle,-43.714912
KITTI_OOD,encoder_middle,-44.094284
KITTI_OOD,encoder_middle,-38.7485
KITTI_OOD,encoder_middle,-49.772808
KITTI_OOD,encoder_middle,-52.063698
KITTI_OOD,encoder_middle,-50.74245
KITTI_OOD,encoder_middle,-49.090824
KITTI_OOD,encoder_middle,-49.228558
KITTI_OOD,encoder_middle,-39.362774
KITTI_OOD,encoder_middle,-45.721012
KITTI_OOD,encoder_middle,-44.05261
KITTI_OOD,encoder_middle,-37.757755
KITTI_OOD,encoder_middle,-39.099655
KITTI_OOD,encoder_middle,-36.766293
KITTI_OOD,encoder_middle,-40.190407
KITTI_OOD,encoder_middle,-37.170162
KITTI_OOD,encoder_middle,-36.560177
KITTI_OOD,encoder_middle,-40.902588
KITTI_OOD,encoder_middle,-39.105396
KITTI_OOD,encoder_middle,-38.320473
KITTI_OOD,encoder_middle,-34.741676
KITTI_OOD,encoder_middle,-49.207973
KITTI_OOD,encoder_middle,-54.329605
KITTI_OOD,encoder_middle,-54.928593
KITTI_OOD,encoder_middle,-52.226524
KITTI_OOD,encoder_middle,-53.804512
KITTI_OOD,encoder_middle,-53.684998
KITTI_OOD,encoder_middle,-55.423016
KITTI_OOD,encoder_middle,-58.4306
KITTI_OOD,encoder_middle,-60.876602
KITTI_OOD,encoder_middle,-64.76443
KITTI_OOD,encoder_middle,-67.06853
KITTI_OOD,encoder_middle,-62.4316
KITTI_OOD,encoder_middle,-59.029613
KITTI_OOD,encoder_middle,-69.372116
KITTI_OOD,encoder_middle,-66.62663
KITTI_OOD,encoder_middle,-67.16109
KITTI_OOD,encoder_middle,-62.36433
KITTI_OOD,encoder_middle,-60.832195
KITTI_OOD,encoder_middle,-60.874557
KITTI_OOD,encoder_middle,-58.82857
KITTI_OOD,encoder_middle,-57.351788
KITTI_OOD,encoder_middle,-53.899544
KITTI_OOD,encoder_middle,-50.38728
KITTI_OOD,encoder_middle,-51.532078
KITTI_OOD,encoder_middle,-65.26941
KITTI_OOD,encoder_middle,-62.55204
KITTI_OOD,encoder_middle,-61.71121
KITTI_OOD,encoder_middle,-61.27052
KITTI_OOD,encoder_middle,-62.92375
KITTI_OOD,encoder_middle,-59.384026
KITTI_OOD,encoder_middle,-58.67755
KITTI_OOD,encoder_middle,-56.62672
KITTI_OOD,encoder_middle,-58.91261
KITTI_OOD,encoder_middle,-64.37665
KITTI_OOD,encoder_middle,-59.514378
KITTI_OOD,encoder_middle,-56.634686
KITTI_OOD,encoder_middle,-57.69396
KITTI_OOD,encoder_middle,-57.253895
KITTI_OOD,encoder_middle,-56.542862
KITTI_OOD,encoder_middle,-53.605576
KITTI_OOD,encoder_middle,-55.732765
KITTI_OOD,encoder_middle,-53.238422
KITTI_OOD,encoder_middle,-56.17199
KITTI_OOD,encoder_middle,-50.573948
KITTI_OOD,encoder_middle,-52.61872
KITTI_OOD,encoder_middle,-53.007263
KITTI_OOD,encoder_middle,-58.39661
KITTI_OOD,encoder_middle,-53.048576
KITTI_OOD,encoder_middle,-56.218384
KITTI_OOD,encoder_middle,-55.05127
KITTI_OOD,encoder_middle,-55.067284
KITTI_OOD,encoder_middle,-56.557148
KITTI_OOD,encoder_middle,-61.679924
KITTI_OOD,encoder_middle,-52.29087
KITTI_OOD,encoder_middle,-59.266468
KITTI_OOD,encoder_middle,-60.5446
KITTI_OOD,encoder_middle,-55.84088
KITTI_OOD,encoder_middle,-58.81608
KITTI_OOD,encoder_middle,-54.38184
KITTI_OOD,encoder_middle,-54.36195
KITTI_OOD,encoder_middle,-54.949486
KITTI_OOD,encoder_middle,-50.316906
KITTI_OOD,encoder_middle,-52.12343
KITTI_OOD,encoder_middle,-53.038372
KITTI_OOD,encoder_middle,-54.350616
KITTI_OOD,encoder_middle,-54.287186
KITTI_OOD,encoder_middle,-63.26424
KITTI_OOD,encoder_middle,-67.68565
KITTI_OOD,encoder_middle,-66.62649
KITTI_OOD,encoder_middle,-64.621574
KITTI_OOD,encoder_middle,-64.33749
KITTI_OOD,encoder_middle,-60.136616
KITTI_OOD,encoder_middle,-67.26629
KITTI_OOD,encoder_middle,-68.08234
KITTI_OOD,encoder_middle,-71.9485
KITTI_OOD,encoder_middle,-62.095684
KITTI_OOD,encoder_middle,-67.203255
KITTI_OOD,encoder_middle,-64.18034
KITTI_OOD,encoder_middle,-61.929058
KITTI_OOD,encoder_middle,-60.16055
KITTI_OOD,encoder_middle,-63.59907
KITTI_OOD,encoder_middle,-56.447258
KITTI_OOD,encoder_middle,-56.000977
KITTI_OOD,encoder_middle,-58.680576
KITTI_OOD,encoder_middle,-58.03247
KITTI_OOD,encoder_middle,-54.91306
KITTI_OOD,encoder_middle,-56.68557
KITTI_OOD,encoder_middle,-53.828407
KITTI_OOD,encoder_middle,-49.42362
KITTI_OOD,encoder_middle,-45.38059
KITTI_OOD,encoder_middle,-50.459835
KITTI_OOD,encoder_middle,-49.836582
KITTI_OOD,encoder_middle,-50.434704
KITTI_OOD,encoder_middle,-52.979485
KITTI_OOD,encoder_middle,-58.844902
KITTI_OOD,encoder_middle,-54.635197
KITTI_OOD,encoder_middle,-55.923576
KITTI_OOD,encoder_middle,-55.959755
KITTI_OOD,encoder_middle,-55.041595
KITTI_OOD,encoder_middle,-53.908653
KITTI_OOD,encoder_middle,-56.143837
KITTI_OOD,encoder_middle,-55.176643
KITTI_OOD,encoder_middle,-57.49997
KITTI_OOD,encoder_middle,-58.618248
KITTI_OOD,encoder_middle,-57.063183
KITTI_OOD,encoder_middle,-58.928204
KITTI_OOD,encoder_middle,-59.24931
KITTI_OOD,encoder_middle,-57.534306
KITTI_OOD,encoder_middle,-55.07285
KITTI_OOD,encoder_middle,-56.45915
KITTI_OOD,encoder_middle,-56.698383
KITTI_OOD,encoder_middle,-57.16397
KITTI_OOD,encoder_middle,-54.582134
KITTI_OOD,encoder_middle,-53.537434
KITTI_OOD,encoder_middle,-44.584404
KITTI_OOD,encoder_middle,-42.609684
KITTI_OOD,encoder_middle,-44.382217
KITTI_OOD,encoder_middle,-50.828247
KITTI_OOD,encoder_middle,-51.56385
KITTI_OOD,encoder_middle,-53.812733
KITTI_OOD,encoder_middle,-53.36053
KITTI_OOD,encoder_middle,-55.55295
KITTI_OOD,encoder_middle,-55.08668
KITTI_OOD,encoder_middle,-54.66234
KITTI_OOD,encoder_middle,-55.914516
KITTI_OOD,encoder_middle,-54.762417
KITTI_OOD,encoder_middle,-55.750618
KITTI_OOD,encoder_middle,-57.001286
KITTI_OOD,encoder_middle,-55.76503
KITTI_OOD,encoder_middle,-54.952953
KITTI_OOD,encoder_middle,-51.9736
KITTI_OOD,encoder_middle,-51.341866
KITTI_OOD,encoder_middle,-49.816452
KITTI_OOD,encoder_middle,-47.268402
KITTI_OOD,encoder_middle,-51.350746
KITTI_OOD,encoder_middle,-52.52156
KITTI_OOD,encoder_middle,-54.058617
KITTI_OOD,encoder_middle,-49.303635
KITTI_OOD,encoder_middle,-48.629673
KITTI_OOD,encoder_middle,-44.819725
KITTI_OOD,encoder_middle,-45.646915
KITTI_OOD,encoder_middle,-39.693897
KITTI_OOD,encoder_middle,-36.4168
KITTI_OOD,encoder_middle,-42.73188
KITTI_OOD,encoder_middle,-50.94432
KITTI_OOD,encoder_middle,-50.13121
KITTI_OOD,encoder_middle,-49.78387
KITTI_OOD,encoder_middle,-39.293484
KITTI_OOD,encoder_middle,-48.609577
KITTI_OOD,encoder_middle,-42.88839
KITTI_OOD,encoder_middle,-40.84757
KITTI_OOD,encoder_middle,-42.47293
KITTI_OOD,encoder_middle,-41.97416
KITTI_OOD,encoder_middle,-48.306034
KITTI_OOD,encoder_middle,-49.653515
KITTI_OOD,encoder_middle,-47.090153
KITTI_OOD,encoder_middle,-46.313385
KITTI_OOD,encoder_middle,-52.32914
KITTI_OOD,encoder_middle,-46.343185
KITTI_OOD,encoder_middle,-46.428738
KITTI_OOD,encoder_middle,-44.284763
KITTI_OOD,encoder_middle,-56.83122
KITTI_OOD,encoder_middle,-57.594574
KITTI_OOD,encoder_middle,-51.461163
KITTI_OOD,encoder_middle,-52.79765
KITTI_OOD,encoder_middle,-44.561043
KITTI_OOD,encoder_middle,-43.914764
KITTI_OOD,encoder_middle,-54.57561
KITTI_OOD,encoder_middle,-53.47438
KITTI_OOD,encoder_middle,-47.046963
KITTI_OOD,encoder_middle,-50.353596
KITTI_OOD,encoder_middle,-46.17033
KITTI_OOD,encoder_middle,-53.96591
KITTI_OOD,encoder_middle,-42.713165
KITTI_OOD,encoder_middle,-41.872738
KITTI_OOD,encoder_middle,-41.81841
KITTI_OOD,encoder_middle,-45.62221
KITTI_OOD,encoder_middle,-54.469067
KITTI_OOD,encoder_middle,-50.923595
KITTI_OOD,encoder_middle,-41.824867
KITTI_OOD,encoder_middle,-39.944344
KITTI_OOD,encoder_middle,-55.299656
KITTI_OOD,encoder_middle,-52.967014
KITTI_OOD,encoder_middle,-48.73983
KITTI_OOD,encoder_middle,-56.645386
KITTI_OOD,encoder_middle,-48.151627
KITTI_OOD,encoder_middle,-45.224644
KITTI_OOD,encoder_middle,-44.99202
KITTI_OOD,encoder_middle,-46.451046
KITTI_OOD,encoder_middle,-42.46196
KITTI_OOD,encoder_middle,-50.419216
KITTI_OOD,encoder_middle,-43.87646
KITTI_OOD,encoder_middle,-47.19573
KITTI_OOD,encoder_middle,-40.33226
KITTI_OOD,encoder_middle,-41.591846
KITTI_OOD,encoder_middle,-45.897446
KITTI_OOD,encoder_middle,-49.136837
KITTI_OOD,encoder_middle,-40.77548
KITTI_OOD,encoder_middle,-42.044422
KITTI_OOD,encoder_middle,-40.692104
KITTI_OOD,encoder_middle,-43.96971
KITTI_OOD,encoder_middle,-58.478107
KITTI_OOD,encoder_middle,-53.879086
KITTI_OOD,encoder_middle,-57.477684
KITTI_OOD,encoder_middle,-51.570415
KITTI_OOD,encoder_middle,-49.27514
KITTI_OOD,encoder_middle,-44.225754
KITTI_OOD,encoder_middle,-48.45955
KITTI_OOD,encoder_middle,-48.56635
KITTI_OOD,encoder_middle,-42.658493
KITTI_OOD,encoder_middle,-47.311127
KITTI_OOD,encoder_middle,-46.29408
KITTI_OOD,encoder_middle,-47.154854
KITTI_OOD,encoder_middle,-43.845955
KITTI_OOD,encoder_middle,-42.27047
KITTI_OOD,encoder_middle,-41.467285
KITTI_OOD,encoder_middle,-42.112503
KITTI_OOD,encoder_middle,-50.561768
KITTI_OOD,encoder_middle,-51.665245
KITTI_OOD,encoder_middle,-53.745853
KITTI_OOD,encoder_middle,-53.95555
KITTI_OOD,encoder_middle,-47.552338
KITTI_OOD,encoder_middle,-43.9081
KITTI_OOD,encoder_middle,-40.912094
KITTI_OOD,encoder_middle,-53.236103
KITTI_OOD,encoder_middle,-47.84979
KITTI_OOD,encoder_middle,-48.299816
KITTI_OOD,encoder_middle,-46.632397
KITTI_OOD,encoder_middle,-55.54406
KITTI_OOD,encoder_middle,-50.80591
KITTI_OOD,encoder_middle,-51.74436
KITTI_OOD,encoder_middle,-58.858624
KITTI_OOD,encoder_middle,-66.402336
KITTI_OOD,encoder_middle,-64.76221
KITTI_OOD,encoder_middle,-72.50237
KITTI_OOD,encoder_middle,-76.304924
KITTI_OOD,encoder_middle,-72.85754
KITTI_OOD,encoder_middle,-75.34189
KITTI_OOD,encoder_middle,-71.57842
KITTI_OOD,encoder_middle,-66.366394
KITTI_OOD,encoder_middle,-65.84452
KITTI_OOD,encoder_middle,-62.464947
KITTI_OOD,encoder_middle,-64.48182
KITTI_OOD,encoder_middle,-60.872604
KITTI_OOD,encoder_middle,-64.31295
KITTI_OOD,encoder_middle,-50.949825
KITTI_OOD,encoder_middle,-48.300343
KITTI_OOD,encoder_middle,-50.59015
KITTI_OOD,encoder_middle,-56.377193
KITTI_OOD,encoder_middle,-57.203457
KITTI_OOD,encoder_middle,-57.991505
KITTI_OOD,encoder_middle,-56.644543
KITTI_OOD,encoder_middle,-58.07656
KITTI_OOD,encoder_middle,-60.17298
KITTI_OOD,encoder_middle,-60.118973
KITTI_OOD,encoder_middle,-57.56794
KITTI_OOD,encoder_middle,-59.216694
KITTI_OOD,encoder_middle,-57.680595
KITTI_OOD,encoder_middle,-66.6637
KITTI_OOD,encoder_middle,-66.227776
KITTI_OOD,encoder_middle,-70.20723
KITTI_OOD,encoder_middle,-79.913666
KITTI_OOD,encoder_middle,-63.597054
KITTI_OOD,encoder_middle,-48.754444
KITTI_OOD,encoder_middle,-47.184193
KITTI_OOD,encoder_middle,-45.156013
KITTI_OOD,encoder_middle,-44.843994
KITTI_OOD,encoder_middle,-41.739994
KITTI_OOD,encoder_middle,-43.514935
KITTI_OOD,encoder_middle,-42.754284
KITTI_OOD,encoder_middle,-41.81158
KITTI_OOD,encoder_middle,-42.187393
KITTI_OOD,encoder_middle,-52.885468
KITTI_OOD,encoder_middle,-50.01931
KITTI_OOD,encoder_middle,-53.969482
KITTI_OOD,encoder_middle,-41.698
KITTI_OOD,encoder_middle,-46.644375
KITTI_OOD,encoder_middle,-50.656055
KITTI_OOD,encoder_middle,-55.67941
KITTI_OOD,encoder_middle,-55.583492
KITTI_OOD,encoder_middle,-60.077217
KITTI_OOD,encoder_middle,-57.65271
KITTI_OOD,encoder_middle,-63.50777
KITTI_OOD,encoder_middle,-61.060482
KITTI_OOD,encoder_middle,-53.111023
KITTI_OOD,encoder_middle,-58.81653
KITTI_OOD,encoder_middle,-61.83278
KITTI_OOD,encoder_middle,-57.622574
KITTI_OOD,encoder_middle,-62.510452
KITTI_OOD,encoder_middle,-55.704338
KITTI_OOD,encoder_middle,-62.81559
KITTI_OOD,encoder_middle,-61.911743
KITTI_OOD,encoder_middle,-51.225777
KITTI_OOD,encoder_middle,-51.896927
KITTI_OOD,encoder_middle,-48.29404
KITTI_OOD,encoder_middle,-57.32688
KITTI_OOD,encoder_middle,-56.746574
KITTI_OOD,encoder_middle,-48.356148
KITTI_OOD,encoder_middle,-55.57756
KITTI_OOD,encoder_middle,-54.95023
KITTI_OOD,encoder_middle,-57.271614
KITTI_OOD,encoder_middle,-56.748344
KITTI_OOD,encoder_middle,-69.95619
KITTI_OOD,encoder_middle,-67.20324
KITTI_OOD,encoder_middle,-75.64661
KITTI_OOD,encoder_middle,-62.41937
KITTI_OOD,encoder_middle,-67.64858
KITTI_OOD,encoder_middle,-64.417885
KITTI_OOD,encoder_middle,-61.543358
KITTI_OOD,encoder_middle,-58.597446
KITTI_OOD,encoder_middle,-62.985203
KITTI_OOD,encoder_middle,-58.191063
KITTI_OOD,encoder_middle,-54.338493
KITTI_OOD,encoder_middle,-60.809868
KITTI_OOD,encoder_middle,-61.385704
KITTI_OOD,encoder_middle,-47.99906
KITTI_OOD,encoder_middle,-58.879326
KITTI_OOD,encoder_middle,-58.22254
KITTI_OOD,encoder_middle,-50.081207
KITTI_OOD,encoder_middle,-46.191643
KITTI_OOD,encoder_middle,-45.929745
KITTI_OOD,encoder_middle,-48.767307
KITTI_OOD,encoder_middle,-58.312763
KITTI_OOD,encoder_middle,-52.989197
KITTI_OOD,encoder_middle,-57.996567
KITTI_OOD,encoder_middle,-61.402256
KITTI_OOD,encoder_middle,-62.37775
KITTI_OOD,encoder_middle,-57.637142
KITTI_OOD,encoder_middle,-61.52458
KITTI_OOD,encoder_middle,-54.174614
KITTI_OOD,encoder_middle,-58.338932
KITTI_OOD,encoder_middle,-56.14031
KITTI_OOD,encoder_middle,-58.169506
KITTI_OOD,encoder_middle,-55.437073
KITTI_OOD,encoder_middle,-58.94172
KITTI_OOD,encoder_middle,-59.749832
KITTI_OOD,encoder_middle,-61.031048
KITTI_OOD,encoder_middle,-60.68264
KITTI_OOD,encoder_middle,-58.244026
KITTI_OOD,encoder_middle,-56.67504
KITTI_OOD,encoder_middle,-57.701126
KITTI_OOD,encoder_middle,-54.894955
KITTI_OOD,encoder_middle,-66.453
KITTI_OOD,encoder_middle,-69.46243
KITTI_OOD,encoder_middle,-67.78243
KITTI_OOD,encoder_middle,-65.91217
KITTI_OOD,encoder_middle,-66.017136
KITTI_OOD,encoder_middle,-66.376175
KITTI_OOD,encoder_middle,-70.32144
KITTI_OOD,encoder_middle,-65.02445
KITTI_OOD,encoder_middle,-45.044624
KITTI_OOD,encoder_middle,-66.174484
KITTI_OOD,encoder_middle,-62.81889
KITTI_OOD,encoder_middle,-62.69376
KITTI_OOD,encoder_middle,-59.250656
KITTI_OOD,encoder_middle,-54.97937
KITTI_OOD,encoder_middle,-52.89411
KITTI_OOD,encoder_middle,-51.186348
KITTI_OOD,encoder_middle,-54.745087
KITTI_OOD,encoder_middle,-47.08121
KITTI_OOD,encoder_middle,-52.751305
KITTI_OOD,encoder_middle,-56.286194
KITTI_OOD,encoder_middle,-60.461205
KITTI_OOD,encoder_middle,-55.73432
KITTI_OOD,encoder_middle,-53.77042
KITTI_OOD,encoder_middle,-53.353413
KITTI_OOD,encoder_middle,-46.612648
KITTI_OOD,encoder_middle,-52.766655
KITTI_OOD,encoder_middle,-45.01915
KITTI_OOD,encoder_middle,-49.71882
KITTI_OOD,encoder_middle,-65.747665
KITTI_OOD,encoder_middle,-53.741653
KITTI_OOD,encoder_middle,-49.20368
KITTI_OOD,encoder_middle,-44.019737
KITTI_OOD,encoder_middle,-49.303833
KITTI_OOD,encoder_middle,-45.694912
KITTI_OOD,encoder_middle,-53.83856
KITTI_OOD,encoder_middle,-51.478718
KITTI_OOD,encoder_middle,-49.292835
KITTI_OOD,encoder_middle,-48.91155
KITTI_OOD,encoder_middle,-50.873543
KITTI_OOD,encoder_middle,-50.593727
KITTI_OOD,encoder_middle,-45.84724
KITTI_OOD,encoder_middle,-51.092243
KITTI_OOD,encoder_middle,-49.86022
KITTI_OOD,encoder_middle,-50.692772
KITTI_OOD,encoder_middle,-47.01843
KITTI_OOD,encoder_middle,-44.38207
KITTI_OOD,encoder_middle,-42.70407
KITTI_OOD,encoder_middle,-41.756313
KITTI_OOD,encoder_middle,-39.58635
KITTI_OOD,encoder_middle,-32.32127
KITTI_OOD,encoder_middle,-56.26289
KITTI_OOD,encoder_middle,-50.886097
KITTI_OOD,encoder_middle,-54.147034
KITTI_OOD,encoder_middle,-51.075184
KITTI_OOD,encoder_middle,-47.349655
KITTI_OOD,encoder_middle,-47.57704
KITTI_OOD,encoder_middle,-46.571423
KITTI_OOD,encoder_middle,-46.173973
KITTI_OOD,encoder_middle,-49.763073
KITTI_OOD,encoder_middle,-49.236984
KITTI_OOD,encoder_middle,-48.07703
KITTI_OOD,encoder_middle,-49.126945
KITTI_OOD,encoder_middle,-49.370583
KITTI_OOD,encoder_middle,-51.85736
KITTI_OOD,encoder_middle,-52.699818
KITTI_OOD,encoder_middle,-49.345222
KITTI_OOD,encoder_middle,-45.906265
KITTI_OOD,encoder_middle,-47.302853
KITTI_OOD,encoder_middle,-44.021465
KITTI_OOD,encoder_middle,-39.77546
KITTI_OOD,encoder_middle,-34.380123
KITTI_OOD,encoder_middle,-39.95687
KITTI_OOD,encoder_middle,-44.38362
KITTI_OOD,encoder_middle,-39.984245
KITTI_OOD,encoder_middle,-39.634308
KITTI_OOD,encoder_middle,-38.13747
KITTI_OOD,encoder_middle,-42.558968
KITTI_OOD,encoder_middle,-44.646084
KITTI_OOD,encoder_middle,-45.42036
KITTI_OOD,encoder_middle,-45.663094
KITTI_OOD,encoder_middle,-42.690346
KITTI_OOD,encoder_middle,-41.44866
KITTI_OOD,encoder_middle,-44.380787
KITTI_OOD,encoder_middle,-40.48199
KITTI_OOD,encoder_middle,-39.398285
KITTI_OOD,encoder_middle,-40.679874
KITTI_OOD,encoder_middle,-44.698593
KITTI_OOD,encoder_middle,-45.785255
KITTI_OOD,encoder_middle,-45.63631
KITTI_OOD,encoder_middle,-40.172363
KITTI_OOD,encoder_middle,-42.19258
KITTI_OOD,encoder_middle,-37.245506
KITTI_OOD,encoder_middle,-35.305683
KITTI_OOD,encoder_middle,-39.885437
KITTI_OOD,encoder_middle,-40.644405
KITTI_OOD,encoder_middle,-39.620415
KITTI_OOD,encoder_middle,-40.104855
KITTI_OOD,encoder_middle,-37.295757
KITTI_OOD,encoder_middle,-39.52007
KITTI_OOD,encoder_middle,-38.27696
KITTI_OOD,encoder_middle,-42.246696
KITTI_OOD,encoder_middle,-33.16085
KITTI_OOD,encoder_middle,-36.410168
KITTI_OOD,encoder_middle,-36.515938
KITTI_OOD,encoder_middle,-40.65513
KITTI_OOD,encoder_middle,-32.97487
KITTI_OOD,encoder_middle,-39.333023
KITTI_OOD,encoder_middle,-36.23655
KITTI_OOD,encoder_middle,-43.892124
KITTI_OOD,encoder_middle,-36.07853
KITTI_OOD,encoder_middle,-39.115993
KITTI_OOD,encoder_middle,-33.19173
KITTI_OOD,encoder_middle,-37.781788
KITTI_OOD,encoder_middle,-34.029713
KITTI_OOD,encoder_middle,-37.778343
KITTI_OOD,encoder_middle,-32.01259
KITTI_OOD,encoder_middle,-35.84058
KITTI_OOD,encoder_middle,-36.865562
KITTI_OOD,encoder_middle,-35.0155
KITTI_OOD,encoder_middle,-28.931053
KITTI_OOD,encoder_middle,-39.800716
KITTI_OOD,encoder_middle,-37.57994
KITTI_OOD,encoder_middle,-36.64872
KITTI_OOD,encoder_middle,-37.78996
KITTI_OOD,encoder_middle,-43.078945
KITTI_OOD,encoder_middle,-43.56346
KITTI_OOD,encoder_middle,-41.03612
KITTI_OOD,encoder_middle,-34.84291
KITTI_OOD,encoder_middle,-42.84452
KITTI_OOD,encoder_middle,-35.0003
KITTI_OOD,encoder_middle,-42.540688
KITTI_OOD,encoder_middle,-38.138863
KITTI_OOD,encoder_middle,-49.32039
KITTI_OOD,encoder_middle,-37.216194
KITTI_OOD,encoder_middle,-42.143673
KITTI_OOD,encoder_middle,-34.175602
KITTI_OOD,encoder_middle,-49.373173
KITTI_OOD,encoder_middle,-38.97676
KITTI_OOD,encoder_middle,-43.573826
KITTI_OOD,encoder_middle,-34.020954
KITTI_OOD,encoder_middle,-49.362263
KITTI_OOD,encoder_middle,-43.11459
KITTI_OOD,encoder_middle,-44.834324
KITTI_OOD,encoder_middle,-37.416214
KITTI_OOD,encoder_middle,-49.120296
KITTI_OOD,encoder_middle,-41.37225
KITTI_OOD,encoder_middle,-42.095287
KITTI_OOD,encoder_middle,-36.66783
KITTI_OOD,encoder_middle,-47.069756
KITTI_OOD,encoder_middle,-37.583427
KITTI_OOD,encoder_middle,-45.95308
KITTI_OOD,encoder_middle,-42.385357
KITTI_OOD,encoder_middle,-42.639324
KITTI_OOD,encoder_middle,-40.986877
KITTI_OOD,encoder_middle,-45.31977
KITTI_OOD,encoder_middle,-40.03512
KITTI_OOD,encoder_middle,-42.10787
KITTI_OOD,encoder_middle,-38.866604
KITTI_OOD,encoder_middle,-47.0773
KITTI_OOD,encoder_middle,-41.471943
KITTI_OOD,encoder_middle,-43.010483
KITTI_OOD,encoder_middle,-39.730667
KITTI_OOD,encoder_middle,-38.449337
KITTI_OOD,encoder_middle,-37.885426
KITTI_OOD,encoder_middle,-37.81582
KITTI_OOD,encoder_middle,-34.527225
KITTI_OOD,encoder_middle,-41.05105
KITTI_OOD,encoder_middle,-41.675747
KITTI_OOD,encoder_middle,-43.00765
KITTI_OOD,encoder_middle,-37.993298
KITTI_OOD,encoder_middle,-47.040504
KITTI_OOD,encoder_middle,-39.30338
KITTI_OOD,encoder_middle,-39.02472
KITTI_OOD,encoder_middle,-39.823868
KITTI_OOD,encoder_middle,-41.1388
KITTI_OOD,encoder_middle,-44.91965
KITTI_OOD,encoder_middle,-39.350082
KITTI_OOD,encoder_middle,-42.117065
KITTI_OOD,encoder_middle,-54.47332
KITTI_OOD,encoder_middle,-45.96072
KITTI_OOD,encoder_middle,-43.992523
KITTI_OOD,encoder_middle,-48.68088
KITTI_OOD,encoder_middle,-47.630505
KITTI_OOD,encoder_middle,-52.084465
KITTI_OOD,encoder_middle,-46.764744
KITTI_OOD,encoder_middle,-43.024914
KITTI_OOD,encoder_middle,-53.447647
KITTI_OOD,encoder_middle,-45.385204
KITTI_OOD,encoder_middle,-42.845993
KITTI_OOD,encoder_middle,-48.418526
KITTI_OOD,encoder_middle,-45.999084
KITTI_OOD,encoder_middle,-49.34855
KITTI_OOD,encoder_middle,-45.423176
KITTI_OOD,encoder_middle,-45.678875
KITTI_OOD,encoder_middle,-41.29262
KITTI_OOD,encoder_middle,-57.712334
KITTI_OOD,encoder_middle,-53.72847
KITTI_OOD,encoder_middle,-47.71971
KITTI_OOD,encoder_middle,-48.42253
KITTI_OOD,encoder_middle,-50.56292
KITTI_OOD,encoder_middle,-50.297737
KITTI_OOD,encoder_middle,-46.781967
KITTI_OOD,encoder_middle,-38.39723
KITTI_OOD,encoder_middle,-53.841393
KITTI_OOD,encoder_middle,-51.0356
KITTI_OOD,encoder_middle,-43.432198
KITTI_OOD,encoder_middle,-44.94032
KITTI_OOD,encoder_middle,-55.812218
KITTI_OOD,encoder_middle,-52.41944
KITTI_OOD,encoder_middle,-46.0896
KITTI_OOD,encoder_middle,-42.38513
KITTI_OOD,encoder_middle,-48.445694
KITTI_OOD,encoder_middle,-47.492443
KITTI_OOD,encoder_middle,-44.16336
KITTI_OOD,encoder_middle,-41.762505
KITTI_OOD,encoder_middle,-44.696934
KITTI_OOD,encoder_middle,-45.192097
KITTI_OOD,encoder_middle,-47.20814
KITTI_OOD,encoder_middle,-41.818398
KITTI_OOD,encoder_middle,-48.70107
KITTI_OOD,encoder_middle,-42.658253
KITTI_OOD,encoder_middle,-48.141743
KITTI_OOD,encoder_middle,-46.275803
KITTI_OOD,encoder_middle,-42.766567
KITTI_OOD,encoder_middle,-40.571255
KITTI_OOD,encoder_middle,-39.911594
KITTI_OOD,encoder_middle,-43.991405
KITTI_OOD,encoder_middle,-46.778088
KITTI_OOD,encoder_middle,-53.276478
KITTI_OOD,encoder_middle,-57.958214
KITTI_OOD,encoder_middle,-56.746975
KITTI_OOD,encoder_middle,-55.81388
KITTI_OOD,encoder_middle,-56.35664
KITTI_OOD,encoder_middle,-58.685913
KITTI_OOD,encoder_middle,-58.87812
KITTI_OOD,encoder_middle,-60.078854
KITTI_OOD,encoder_middle,-59.829803
KITTI_OOD,encoder_middle,-64.97094
KITTI_OOD,encoder_middle,-60.764008
KITTI_OOD,encoder_middle,-63.08143
KITTI_OOD,encoder_middle,-65.07406
KITTI_OOD,encoder_middle,-73.08533
KITTI_OOD,encoder_middle,-61.95396
KITTI_OOD,encoder_middle,-60.712708
KITTI_OOD,encoder_middle,-62.88168
KITTI_OOD,encoder_middle,-67.86522
KITTI_OOD,encoder_middle,-62.269764
KITTI_OOD,encoder_middle,-64.01203
KITTI_OOD,encoder_middle,-55.764008
KITTI_OOD,encoder_middle,-58.142395
KITTI_OOD,encoder_middle,-52.022976
KITTI_OOD,encoder_middle,-50.73175
KITTI_OOD,encoder_middle,-52.020157
KITTI_OOD,encoder_middle,-51.42
KITTI_OOD,encoder_middle,-53.066788
KITTI_OOD,encoder_middle,-55.092175
KITTI_OOD,encoder_middle,-53.72202
KITTI_OOD,encoder_middle,-54.892605
KITTI_OOD,encoder_middle,-57.31091
KITTI_OOD,encoder_middle,-51.352676
KITTI_OOD,encoder_middle,-52.82995
KITTI_OOD,encoder_middle,-53.565746
KITTI_OOD,encoder_middle,-55.000805
KITTI_OOD,encoder_middle,-53.827545
KITTI_OOD,encoder_middle,-53.498672
KITTI_OOD,encoder_middle,-55.143673
KITTI_OOD,encoder_middle,-53.193367
KITTI_OOD,encoder_middle,-50.818764
KITTI_OOD,encoder_middle,-51.344997
KITTI_OOD,encoder_middle,-53.013103
KITTI_OOD,encoder_middle,-54.130215
KITTI_OOD,encoder_middle,-52.17024
KITTI_OOD,encoder_middle,-52.163235
KITTI_OOD,encoder_middle,-50.98583
KITTI_OOD,encoder_middle,-51.40224
KITTI_OOD,encoder_middle,-49.59726
KITTI_OOD,encoder_middle,-50.55397
KITTI_OOD,encoder_middle,-45.166336
KITTI_OOD,encoder_middle,-47.131973
KITTI_OOD,encoder_middle,-45.776726
KITTI_OOD,encoder_middle,-43.032562
KITTI_OOD,encoder_late,-85.19785
KITTI_OOD,encoder_late,-89.92944
KITTI_OOD,encoder_late,-86.94949
KITTI_OOD,encoder_late,-91.1612
KITTI_OOD,encoder_late,-78.22807
KITTI_OOD,encoder_late,-81.694855
KITTI_OOD,encoder_late,-83.44814
KITTI_OOD,encoder_late,-84.533226
KITTI_OOD,encoder_late,-74.780914
KITTI_OOD,encoder_late,-77.4949
KITTI_OOD,encoder_late,-81.21178
KITTI_OOD,encoder_late,-85.07191
KITTI_OOD,encoder_late,-84.05258
KITTI_OOD,encoder_late,-85.122055
KITTI_OOD,encoder_late,-88.453865
KITTI_OOD,encoder_late,-79.405106
KITTI_OOD,encoder_late,-88.91759
KITTI_OOD,encoder_late,-76.58105
KITTI_OOD,encoder_late,-83.826096
KITTI_OOD,encoder_late,-76.69209
KITTI_OOD,encoder_late,-83.88456
KITTI_OOD,encoder_late,-82.49261
KITTI_OOD,encoder_late,-82.21484
KITTI_OOD,encoder_late,-96.03096
KITTI_OOD,encoder_late,-95.86339
KITTI_OOD,encoder_late,-91.98381
KITTI_OOD,encoder_late,-88.86229
KITTI_OOD,encoder_late,-93.01061
KITTI_OOD,encoder_late,-87.52512
KITTI_OOD,encoder_late,-90.23995
KITTI_OOD,encoder_late,-90.775955
KITTI_OOD,encoder_late,-78.63937
KITTI_OOD,encoder_late,-84.12947
KITTI_OOD,encoder_late,-77.477585
KITTI_OOD,encoder_late,-77.439865
KITTI_OOD,encoder_late,-83.3719
KITTI_OOD,encoder_late,-80.13789
KITTI_OOD,encoder_late,-80.738625
KITTI_OOD,encoder_late,-79.10354
KITTI_OOD,encoder_late,-76.73699
KITTI_OOD,encoder_late,-84.46523
KITTI_OOD,encoder_late,-89.965904
KITTI_OOD,encoder_late,-89.945114
KITTI_OOD,encoder_late,-92.116905
KITTI_OOD,encoder_late,-89.405495
KITTI_OOD,encoder_late,-92.53362
KITTI_OOD,encoder_late,-86.021866
KITTI_OOD,encoder_late,-90.61344
KITTI_OOD,encoder_late,-90.07601
KITTI_OOD,encoder_late,-86.30617
KITTI_OOD,encoder_late,-85.546974
KITTI_OOD,encoder_late,-85.469795
KITTI_OOD,encoder_late,-85.31052
KITTI_OOD,encoder_late,-83.68989
KITTI_OOD,encoder_late,-88.33005
KITTI_OOD,encoder_late,-85.19941
KITTI_OOD,encoder_late,-80.19186
KITTI_OOD,encoder_late,-82.58836
KITTI_OOD,encoder_late,-77.852104
KITTI_OOD,encoder_late,-88.55869
KITTI_OOD,encoder_late,-93.72385
KITTI_OOD,encoder_late,-94.420906
KITTI_OOD,encoder_late,-91.121445
KITTI_OOD,encoder_late,-81.942055
KITTI_OOD,encoder_late,-83.75357
KITTI_OOD,encoder_late,-81.073715
KITTI_OOD,encoder_late,-80.33387
KITTI_OOD,encoder_late,-84.56842
KITTI_OOD,encoder_late,-86.009865
KITTI_OOD,encoder_late,-93.567825
KITTI_OOD,encoder_late,-82.28371
KITTI_OOD,encoder_late,-80.68534
KITTI_OOD,encoder_late,-74.75542
KITTI_OOD,encoder_late,-81.32094
KITTI_OOD,encoder_late,-79.95378
KITTI_OOD,encoder_late,-85.09821
KITTI_OOD,encoder_late,-83.33865
KITTI_OOD,encoder_late,-76.53829
KITTI_OOD,encoder_late,-75.439545
KITTI_OOD,encoder_late,-83.60986
KITTI_OOD,encoder_late,-82.49817
KITTI_OOD,encoder_late,-83.14488
KITTI_OOD,encoder_late,-85.196526
KITTI_OOD,encoder_late,-88.96736
KITTI_OOD,encoder_late,-85.16606
KITTI_OOD,encoder_late,-79.22013
KITTI_OOD,encoder_late,-86.30326
KITTI_OOD,encoder_late,-80.352844
KITTI_OOD,encoder_late,-91.09368
KITTI_OOD,encoder_late,-85.55989
KITTI_OOD,encoder_late,-90.65995
KITTI_OOD,encoder_late,-84.244446
KITTI_OOD,encoder_late,-84.53073
KITTI_OOD,encoder_late,-77.45679
KITTI_OOD,encoder_late,-86.455376
KITTI_OOD,encoder_late,-89.69405
KITTI_OOD,encoder_late,-81.49541
KITTI_OOD,encoder_late,-78.02132
KITTI_OOD,encoder_late,-73.26722
KITTI_OOD,encoder_late,-76.31881
KITTI_OOD,encoder_late,-72.01308
KITTI_OOD,encoder_late,-75.80272
KITTI_OOD,encoder_late,-75.60223
KITTI_OOD,encoder_late,-70.10204
KITTI_OOD,encoder_late,-65.77905
KITTI_OOD,encoder_late,-64.89912
KITTI_OOD,encoder_late,-68.94285
KITTI_OOD,encoder_late,-71.24457
KITTI_OOD,encoder_late,-70.26094
KITTI_OOD,encoder_late,-70.40566
KITTI_OOD,encoder_late,-68.08257
KITTI_OOD,encoder_late,-71.048035
KITTI_OOD,encoder_late,-61.927536
KITTI_OOD,encoder_late,-65.024124
KITTI_OOD,encoder_late,-71.31199
KITTI_OOD,encoder_late,-65.665276
KITTI_OOD,encoder_late,-83.92004
KITTI_OOD,encoder_late,-83.20744
KITTI_OOD,encoder_late,-83.604355
KITTI_OOD,encoder_late,-81.70659
KITTI_OOD,encoder_late,-83.55466
KITTI_OOD,encoder_late,-80.646576
KITTI_OOD,encoder_late,-77.49911
KITTI_OOD,encoder_late,-78.306046
KITTI_OOD,encoder_late,-74.647964
KITTI_OOD,encoder_late,-75.54458
KITTI_OOD,encoder_late,-77.561646
KITTI_OOD,encoder_late,-76.79784
KITTI_OOD,encoder_late,-73.73842
KITTI_OOD,encoder_late,-79.68736
KITTI_OOD,encoder_late,-78.15016
KITTI_OOD,encoder_late,-79.291435
KITTI_OOD,encoder_late,-74.262115
KITTI_OOD,encoder_late,-77.42566
KITTI_OOD,encoder_late,-86.658714
KITTI_OOD,encoder_late,-86.55426
KITTI_OOD,encoder_late,-86.08162
KITTI_OOD,encoder_late,-85.94702
KITTI_OOD,encoder_late,-87.41987
KITTI_OOD,encoder_late,-84.86966
KITTI_OOD,encoder_late,-88.70212
KITTI_OOD,encoder_late,-92.327
KITTI_OOD,encoder_late,-88.917656
KITTI_OOD,encoder_late,-88.714066
KITTI_OOD,encoder_late,-95.62374
KITTI_OOD,encoder_late,-91.38714
KITTI_OOD,encoder_late,-91.17798
KITTI_OOD,encoder_late,-76.56275
KITTI_OOD,encoder_late,-85.787125
KITTI_OOD,encoder_late,-81.960556
KITTI_OOD,encoder_late,-83.98599
KITTI_OOD,encoder_late,-81.79082
KITTI_OOD,encoder_late,-76.21821
KITTI_OOD,encoder_late,-77.36199
KITTI_OOD,encoder_late,-72.44728
KITTI_OOD,encoder_late,-75.6699
KITTI_OOD,encoder_late,-71.46302
KITTI_OOD,encoder_late,-72.27233
KITTI_OOD,encoder_late,-72.224396
KITTI_OOD,encoder_late,-77.28826
KITTI_OOD,encoder_late,-76.94636
KITTI_OOD,encoder_late,-71.54445
KITTI_OOD,encoder_late,-71.12577
KITTI_OOD,encoder_late,-72.97699
KITTI_OOD,encoder_late,-76.29202
KITTI_OOD,encoder_late,-78.10111
KITTI_OOD,encoder_late,-74.78211
KITTI_OOD,encoder_late,-69.00557
KITTI_OOD,encoder_late,-68.59744
KITTI_OOD,encoder_late,-68.71566
KITTI_OOD,encoder_late,-84.73483
KITTI_OOD,encoder_late,-85.94847
KITTI_OOD,encoder_late,-82.254585
KITTI_OOD,encoder_late,-81.950806
KITTI_OOD,encoder_late,-88.90112
KITTI_OOD,encoder_late,-87.375244
KITTI_OOD,encoder_late,-84.38826
KITTI_OOD,encoder_late,-83.19238
KITTI_OOD,encoder_late,-75.07597
KITTI_OOD,encoder_late,-77.97203
KITTI_OOD,encoder_late,-82.668785
KITTI_OOD,encoder_late,-78.35847
KITTI_OOD,encoder_late,-75.842705
KITTI_OOD,encoder_late,-86.660835
KITTI_OOD,encoder_late,-77.776985
KITTI_OOD,encoder_late,-91.14244
KITTI_OOD,encoder_late,-86.13035
KITTI_OOD,encoder_late,-79.77982
KITTI_OOD,encoder_late,-87.167404
KITTI_OOD,encoder_late,-86.67659
KITTI_OOD,encoder_late,-95.73281
KITTI_OOD,encoder_late,-86.7097
KITTI_OOD,encoder_late,-83.030205
KITTI_OOD,encoder_late,-93.85755
KITTI_OOD,encoder_late,-75.00166
KITTI_OOD,encoder_late,-74.52836
KITTI_OOD,encoder_late,-81.17015
KITTI_OOD,encoder_late,-78.5333
KITTI_OOD,encoder_late,-77.655685
KITTI_OOD,encoder_late,-81.21624
KITTI_OOD,encoder_late,-75.27016
KITTI_OOD,encoder_late,-80.674255
KITTI_OOD,encoder_late,-71.02758
KITTI_OOD,encoder_late,-84.14639
KITTI_OOD,encoder_late,-87.39352
KITTI_OOD,encoder_late,-88.47084
KITTI_OOD,encoder_late,-85.948616
KITTI_OOD,encoder_late,-83.15943
KITTI_OOD,encoder_late,-85.29408
KITTI_OOD,encoder_late,-84.72973
KITTI_OOD,encoder_late,-80.73266
KITTI_OOD,encoder_late,-81.25211
KITTI_OOD,encoder_late,-73.84662
KITTI_OOD,encoder_late,-76.24803
KITTI_OOD,encoder_late,-79.83445
KITTI_OOD,encoder_late,-77.130135
KITTI_OOD,encoder_late,-89.59764
KITTI_OOD,encoder_late,-80.31022
KITTI_OOD,encoder_late,-92.149734
KITTI_OOD,encoder_late,-80.7378
KITTI_OOD,encoder_late,-86.893875
KITTI_OOD,encoder_late,-97.40028
KITTI_OOD,encoder_late,-91.899445
KITTI_OOD,encoder_late,-83.508194
KITTI_OOD,encoder_late,-87.419
KITTI_OOD,encoder_late,-85.18084
KITTI_OOD,encoder_late,-84.710495
KITTI_OOD,encoder_late,-81.37238
KITTI_OOD,encoder_late,-87.79207
KITTI_OOD,encoder_late,-86.88989
KITTI_OOD,encoder_late,-93.454575
KITTI_OOD,encoder_late,-81.25187
KITTI_OOD,encoder_late,-82.68898
KITTI_OOD,encoder_late,-81.70865
KITTI_OOD,encoder_late,-83.13441
KITTI_OOD,encoder_late,-85.42058
KITTI_OOD,encoder_late,-87.08217
KITTI_OOD,encoder_late,-83.91566
KITTI_OOD,encoder_late,-78.15325
KITTI_OOD,encoder_late,-70.91299
KITTI_OOD,encoder_late,-77.66174
KITTI_OOD,encoder_late,-86.86463
KITTI_OOD,encoder_late,-88.0672
KITTI_OOD,encoder_late,-87.623634
KITTI_OOD,encoder_late,-92.32704
KITTI_OOD,encoder_late,-80.66972
KITTI_OOD,encoder_late,-85.9509
KITTI_OOD,encoder_late,-92.61098
KITTI_OOD,encoder_late,-76.60638
KITTI_OOD,encoder_late,-72.98837
KITTI_OOD,encoder_late,-77.40894
KITTI_OOD,encoder_late,-74.21157
KITTI_OOD,encoder_late,-86.308174
KITTI_OOD,encoder_late,-87.3682
KITTI_OOD,encoder_late,-85.45691
KITTI_OOD,encoder_late,-77.243195
KITTI_OOD,encoder_late,-75.53753
KITTI_OOD,encoder_late,-78.59021
KITTI_OOD,encoder_late,-80.24454
KITTI_OOD,encoder_late,-92.127075
KITTI_OOD,encoder_late,-81.488434
KITTI_OOD,encoder_late,-79.66621
KITTI_OOD,encoder_late,-86.88564
KITTI_OOD,encoder_late,-81.9346
KITTI_OOD,encoder_late,-74.74819
KITTI_OOD,encoder_late,-74.47802
KITTI_OOD,encoder_late,-79.6381
KITTI_OOD,encoder_late,-77.06328
KITTI_OOD,encoder_late,-93.32139
KITTI_OOD,encoder_late,-96.61891
KITTI_OOD,encoder_late,-98.08773
KITTI_OOD,encoder_late,-86.07448
KITTI_OOD,encoder_late,-85.30675
KITTI_OOD,encoder_late,-85.896515
KITTI_OOD,encoder_late,-91.90096
KITTI_OOD,encoder_late,-91.42923
KITTI_OOD,encoder_late,-82.982925
KITTI_OOD,encoder_late,-84.89467
KITTI_OOD,encoder_late,-79.17426
KITTI_OOD,encoder_late,-81.4122
KITTI_OOD,encoder_late,-79.226166
KITTI_OOD,encoder_late,-77.42145
KITTI_OOD,encoder_late,-82.72641
KITTI_OOD,encoder_late,-80.315315
KITTI_OOD,encoder_late,-78.47972
KITTI_OOD,encoder_late,-76.661316
KITTI_OOD,encoder_late,-86.68197
KITTI_OOD,encoder_late,-91.45122
KITTI_OOD,encoder_late,-79.61673
KITTI_OOD,encoder_late,-82.31161
KITTI_OOD,encoder_late,-75.84879
KITTI_OOD,encoder_late,-70.86189
KITTI_OOD,encoder_late,-82.471275
KITTI_OOD,encoder_late,-96.745926
KITTI_OOD,encoder_late,-87.26296
KITTI_OOD,encoder_late,-89.80871
KITTI_OOD,encoder_late,-97.51174
KITTI_OOD,encoder_late,-88.98743
KITTI_OOD,encoder_late,-82.567635
KITTI_OOD,encoder_late,-80.34854
KITTI_OOD,encoder_late,-87.49206
KITTI_OOD,encoder_late,-85.644104
KITTI_OOD,encoder_late,-93.55091
KITTI_OOD,encoder_late,-87.60372
KITTI_OOD,encoder_late,-88.14454
KITTI_OOD,encoder_late,-89.364555
KITTI_OOD,encoder_late,-77.600655
KITTI_OOD,encoder_late,-84.442665
KITTI_OOD,encoder_late,-83.64575
KITTI_OOD,encoder_late,-81.11586
KITTI_OOD,encoder_late,-84.424095
KITTI_OOD,encoder_late,-89.06202
KITTI_OOD,encoder_late,-86.13344
KITTI_OOD,encoder_late,-96.17266
KITTI_OOD,encoder_late,-86.95132
KITTI_OOD,encoder_late,-93.85409
KITTI_OOD,encoder_late,-84.09747
KITTI_OOD,encoder_late,-84.83279
KITTI_OOD,encoder_late,-81.8494
KITTI_OOD,encoder_late,-78.20136
KITTI_OOD,encoder_late,-66.99808
KITTI_OOD,encoder_late,-79.00299
KITTI_OOD,encoder_late,-74.38805
KITTI_OOD,encoder_late,-74.26157
KITTI_OOD,encoder_late,-67.80266
KITTI_OOD,encoder_late,-66.63486
KITTI_OOD,encoder_late,-72.63717
KITTI_OOD,encoder_late,-70.4389
KITTI_OOD,encoder_late,-78.03845
KITTI_OOD,encoder_late,-76.15288
KITTI_OOD,encoder_late,-85.44066
KITTI_OOD,encoder_late,-88.57413
KITTI_OOD,encoder_late,-90.48308
KITTI_OOD,encoder_late,-93.60497
KITTI_OOD,encoder_late,-81.98569
KITTI_OOD,encoder_late,-83.61358
KITTI_OOD,encoder_late,-91.17474
KITTI_OOD,encoder_late,-88.08094
KITTI_OOD,encoder_late,-87.40151
KITTI_OOD,encoder_late,-85.95693
KITTI_OOD,encoder_late,-84.0707
KITTI_OOD,encoder_late,-87.21819
KITTI_OOD,encoder_late,-77.806
KITTI_OOD,encoder_late,-80.1529
KITTI_OOD,encoder_late,-70.72853
KITTI_OOD,encoder_late,-79.6087
KITTI_OOD,encoder_late,-77.192116
KITTI_OOD,encoder_late,-82.621284
KITTI_OOD,encoder_late,-91.01508
KITTI_OOD,encoder_late,-93.71572
KITTI_OOD,encoder_late,-78.847206
KITTI_OOD,encoder_late,-74.11476
KITTI_OOD,encoder_late,-88.72759
KITTI_OOD,encoder_late,-86.5453
KITTI_OOD,encoder_late,-81.54226
KITTI_OOD,encoder_late,-82.450455
KITTI_OOD,encoder_late,-83.22156
KITTI_OOD,encoder_late,-87.46059
KITTI_OOD,encoder_late,-75.00369
KITTI_OOD,encoder_late,-96.55766
KITTI_OOD,encoder_late,-85.66953
KITTI_OOD,encoder_late,-83.9908
KITTI_OOD,encoder_late,-85.38929
KITTI_OOD,encoder_late,-85.49194
KITTI_OOD,encoder_late,-86.43764
KITTI_OOD,encoder_late,-83.10715
KITTI_OOD,encoder_late,-78.11773
KITTI_OOD,encoder_late,-79.21528
KITTI_OOD,encoder_late,-87.16752
KITTI_OOD,encoder_late,-87.01589
KITTI_OOD,encoder_late,-85.902214
KITTI_OOD,encoder_late,-82.983444
KITTI_OOD,encoder_late,-82.89569
KITTI_OOD,encoder_late,-85.26522
KITTI_OOD,encoder_late,-88.00696
KITTI_OOD,encoder_late,-84.89554
KITTI_OOD,encoder_late,-83.058304
KITTI_OOD,encoder_late,-85.61163
KITTI_OOD,encoder_late,-84.77776
KITTI_OOD,encoder_late,-86.16448
KITTI_OOD,encoder_late,-89.259
KITTI_OOD,encoder_late,-99.39346
KITTI_OOD,encoder_late,-100.18144
KITTI_OOD,encoder_late,-112.14744
KITTI_OOD,encoder_late,-107.01109
KITTI_OOD,encoder_late,-109.166336
KITTI_OOD,encoder_late,-104.696175
KITTI_OOD,encoder_late,-96.398186
KITTI_OOD,encoder_late,-93.732605
KITTI_OOD,encoder_late,-95.46567
KITTI_OOD,encoder_late,-93.67221
KITTI_OOD,encoder_late,-91.96953
KITTI_OOD,encoder_late,-90.43592
KITTI_OOD,encoder_late,-81.35059
KITTI_OOD,encoder_late,-90.30491
KITTI_OOD,encoder_late,-92.294174
KITTI_OOD,encoder_late,-95.05524
KITTI_OOD,encoder_late,-88.67664
KITTI_OOD,encoder_late,-87.47017
KITTI_OOD,encoder_late,-91.58514
KITTI_OOD,encoder_late,-86.82185
KITTI_OOD,encoder_late,-84.82918
KITTI_OOD,encoder_late,-76.627846
KITTI_OOD,encoder_late,-74.94999
KITTI_OOD,encoder_late,-73.86696
KITTI_OOD,encoder_late,-76.96006
KITTI_OOD,encoder_late,-78.877716
KITTI_OOD,encoder_late,-79.45323
KITTI_OOD,encoder_late,-78.053734
KITTI_OOD,encoder_late,-82.58168
KITTI_OOD,encoder_late,-76.629234
KITTI_OOD,encoder_late,-78.928764
KITTI_OOD,encoder_late,-76.58836
KITTI_OOD,encoder_late,-75.46426
KITTI_OOD,encoder_late,-84.72523
KITTI_OOD,encoder_late,-77.60106
KITTI_OOD,encoder_late,-78.47503
KITTI_OOD,encoder_late,-77.83242
KITTI_OOD,encoder_late,-79.83193
KITTI_OOD,encoder_late,-81.18033
KITTI_OOD,encoder_late,-73.88312
KITTI_OOD,encoder_late,-86.300995
KITTI_OOD,encoder_late,-80.57057
KITTI_OOD,encoder_late,-83.41702
KITTI_OOD,encoder_late,-75.66478
KITTI_OOD,encoder_late,-76.46097
KITTI_OOD,encoder_late,-82.56267
KITTI_OOD,encoder_late,-81.20645
KITTI_OOD,encoder_late,-72.60512
KITTI_OOD,encoder_late,-74.97206
KITTI_OOD,encoder_late,-76.94571
KITTI_OOD,encoder_late,-82.322685
KITTI_OOD,encoder_late,-80.14444
KITTI_OOD,encoder_late,-83.7346
KITTI_OOD,encoder_late,-81.65797
KITTI_OOD,encoder_late,-79.58166
KITTI_OOD,encoder_late,-87.51564
KITTI_OOD,encoder_late,-95.07558
KITTI_OOD,encoder_late,-99.4061
KITTI_OOD,encoder_late,-100.40996
KITTI_OOD,encoder_late,-95.978134
KITTI_OOD,encoder_late,-91.65773
KITTI_OOD,encoder_late,-87.38738
KITTI_OOD,encoder_late,-77.76184
KITTI_OOD,encoder_late,-78.43151
KITTI_OOD,encoder_late,-86.59104
KITTI_OOD,encoder_late,-82.418
KITTI_OOD,encoder_late,-76.871315
KITTI_OOD,encoder_late,-78.265976
KITTI_OOD,encoder_late,-88.4217
KITTI_OOD,encoder_late,-72.74834
KITTI_OOD,encoder_late,-82.05214
KITTI_OOD,encoder_late,-79.18878
KITTI_OOD,encoder_late,-84.22957
KITTI_OOD,encoder_late,-80.08964
KITTI_OOD,encoder_late,-82.499565
KITTI_OOD,encoder_late,-74.79593
KITTI_OOD,encoder_late,-76.5731
KITTI_OOD,encoder_late,-77.943596
KITTI_OOD,encoder_late,-80.73415
KITTI_OOD,encoder_late,-89.43519
KITTI_OOD,encoder_late,-85.51243
KITTI_OOD,encoder_late,-80.758224
KITTI_OOD,encoder_late,-84.17002
KITTI_OOD,encoder_late,-87.83929
KITTI_OOD,encoder_late,-87.85199
KITTI_OOD,encoder_late,-86.31378
KITTI_OOD,encoder_late,-86.799614
KITTI_OOD,encoder_late,-97.99884
KITTI_OOD,encoder_late,-95.66441
KITTI_OOD,encoder_late,-92.93345
KITTI_OOD,encoder_late,-88.91343
KITTI_OOD,encoder_late,-89.27235
KITTI_OOD,encoder_late,-91.841995
KITTI_OOD,encoder_late,-93.060425
KITTI_OOD,encoder_late,-89.50312
KITTI_OOD,encoder_late,-94.771164
KITTI_OOD,encoder_late,-96.15525
KITTI_OOD,encoder_late,-93.57189
KITTI_OOD,encoder_late,-96.2928
KITTI_OOD,encoder_late,-94.78488
KITTI_OOD,encoder_late,-90.08859
KITTI_OOD,encoder_late,-91.64052
KITTI_OOD,encoder_late,-94.91062
KITTI_OOD,encoder_late,-88.10858
KITTI_OOD,encoder_late,-92.875916
KITTI_OOD,encoder_late,-82.66875
KITTI_OOD,encoder_late,-84.74379
KITTI_OOD,encoder_late,-78.59261
KITTI_OOD,encoder_late,-82.68161
KITTI_OOD,encoder_late,-79.843895
KITTI_OOD,encoder_late,-77.260155
KITTI_OOD,encoder_late,-81.795815
KITTI_OOD,encoder_late,-84.09478
KITTI_OOD,encoder_late,-89.6622
KITTI_OOD,encoder_late,-85.89948
KITTI_OOD,encoder_late,-86.33846
KITTI_OOD,encoder_late,-87.33756
KITTI_OOD,encoder_late,-87.23659
KITTI_OOD,encoder_late,-82.519394
KITTI_OOD,encoder_late,-83.0853
KITTI_OOD,encoder_late,-79.75828
KITTI_OOD,encoder_late,-86.52267
KITTI_OOD,encoder_late,-82.61782
KITTI_OOD,encoder_late,-92.50542
KITTI_OOD,encoder_late,-98.68366
KITTI_OOD,encoder_late,-85.61305
KITTI_OOD,encoder_late,-91.43475
KITTI_OOD,encoder_late,-87.05566
KITTI_OOD,encoder_late,-82.8724
KITTI_OOD,encoder_late,-75.756294
KITTI_OOD,encoder_late,-78.001976
KITTI_OOD,encoder_late,-70.14363
KITTI_OOD,encoder_late,-70.84021
KITTI_OOD,encoder_late,-70.84058
KITTI_OOD,encoder_late,-71.40022
KITTI_OOD,encoder_late,-70.14382
KITTI_OOD,encoder_late,-80.21836
KITTI_OOD,encoder_late,-71.057014
KITTI_OOD,encoder_late,-87.807785
KITTI_OOD,encoder_late,-83.60575
KITTI_OOD,encoder_late,-84.71051
KITTI_OOD,encoder_late,-75.606636
KITTI_OOD,encoder_late,-80.955185
KITTI_OOD,encoder_late,-72.82082
KITTI_OOD,encoder_late,-78.91934
KITTI_OOD,encoder_late,-78.03733
KITTI_OOD,encoder_late,-81.949135
KITTI_OOD,encoder_late,-90.16504
KITTI_OOD,encoder_late,-79.64753
KITTI_OOD,encoder_late,-97.105354
KITTI_OOD,encoder_late,-96.56619
KITTI_OOD,encoder_late,-70.08765
KITTI_OOD,encoder_late,-87.347984
KITTI_OOD,encoder_late,-85.460144
KITTI_OOD,encoder_late,-82.00035
KITTI_OOD,encoder_late,-76.41791
KITTI_OOD,encoder_late,-70.90974
KITTI_OOD,encoder_late,-79.66915
KITTI_OOD,encoder_late,-81.54236
KITTI_OOD,encoder_late,-84.17256
KITTI_OOD,encoder_late,-86.48165
KITTI_OOD,encoder_late,-85.324844
KITTI_OOD,encoder_late,-79.06744
KITTI_OOD,encoder_late,-83.82603
KITTI_OOD,encoder_late,-82.95479
KITTI_OOD,encoder_late,-90.47399
KITTI_OOD,encoder_late,-80.2883
KITTI_OOD,encoder_late,-82.62109
KITTI_OOD,encoder_late,-75.502304
KITTI_OOD,encoder_late,-80.7452
KITTI_OOD,encoder_late,-66.546425
KITTI_OOD,encoder_late,-70.67559
KITTI_OOD,encoder_late,-72.40222
KITTI_OOD,encoder_late,-77.90658
KITTI_OOD,encoder_late,-74.29282
KITTI_OOD,encoder_late,-78.55423
KITTI_OOD,encoder_late,-73.40258
KITTI_OOD,encoder_late,-74.11399
KITTI_OOD,encoder_late,-80.36118
KITTI_OOD,encoder_late,-75.22897
KITTI_OOD,encoder_late,-84.00514
KITTI_OOD,encoder_late,-81.95053
KITTI_OOD,encoder_late,-69.74157
KITTI_OOD,encoder_late,-73.574005
KITTI_OOD,encoder_late,-71.494156
KITTI_OOD,encoder_late,-85.570885
KITTI_OOD,encoder_late,-85.36078
KITTI_OOD,encoder_late,-90.340576
KITTI_OOD,encoder_late,-88.840706
KITTI_OOD,encoder_late,-83.98548
KITTI_OOD,encoder_late,-86.811935
KITTI_OOD,encoder_late,-90.39296
KITTI_OOD,encoder_late,-87.3928
KITTI_OOD,encoder_late,-95.43325
KITTI_OOD,encoder_late,-90.84549
KITTI_OOD,encoder_late,-82.6803
KITTI_OOD,encoder_late,-79.16316
KITTI_OOD,encoder_late,-88.388176
KITTI_OOD,encoder_late,-88.73849
KITTI_OOD,encoder_late,-88.516594
KITTI_OOD,encoder_late,-82.50994
KITTI_OOD,encoder_late,-74.203224
KITTI_OOD,encoder_late,-75.25003
KITTI_OOD,encoder_late,-87.27489
KITTI_OOD,encoder_late,-94.16323
KITTI_OOD,encoder_late,-97.27029
KITTI_OOD,encoder_late,-90.02394
KITTI_OOD,encoder_late,-91.89854
KITTI_OOD,encoder_late,-93.69099
KITTI_OOD,encoder_late,-92.69969
KITTI_OOD,encoder_late,-97.78151
KITTI_OOD,encoder_late,-78.154076
KITTI_OOD,encoder_late,-83.71482
KITTI_OOD,encoder_late,-86.28903
KITTI_OOD,encoder_late,-86.07086
KITTI_OOD,encoder_late,-84.76893
KITTI_OOD,encoder_late,-78.39981
KITTI_OOD,encoder_late,-80.036644
KITTI_OOD,encoder_late,-79.15652
KITTI_OOD,encoder_late,-76.61989
KITTI_OOD,encoder_late,-86.444595
KITTI_OOD,encoder_late,-82.58253
KITTI_OOD,encoder_late,-82.74146
KITTI_OOD,encoder_late,-80.58747
KITTI_OOD,encoder_late,-78.90795
KITTI_OOD,encoder_late,-82.212616
KITTI_OOD,encoder_late,-76.34914
KITTI_OOD,encoder_late,-73.455215
KITTI_OOD,encoder_late,-77.83392
KITTI_OOD,encoder_late,-75.714516
KITTI_OOD,encoder_late,-75.31246
KITTI_OOD,encoder_late,-75.37842
KITTI_OOD,encoder_late,-70.76979
KITTI_OOD,encoder_late,-70.855
KITTI_OOD,encoder_late,-71.9602
KITTI_OOD,encoder_late,-71.67007
KITTI_OOD,encoder_late,-70.61968
KITTI_OOD,encoder_late,-67.538704
KITTI_OOD,encoder_late,-68.24174
KITTI_OOD,encoder_late,-71.30952
KITTI_OOD,encoder_late,-74.7628
KITTI_OOD,encoder_late,-77.60566
KITTI_OOD,encoder_late,-82.05798
KITTI_OOD,encoder_late,-73.84321
KITTI_OOD,encoder_late,-76.605354
KITTI_OOD,encoder_late,-82.16996
KITTI_OOD,encoder_late,-87.925705
KITTI_OOD,encoder_late,-88.79616
KITTI_OOD,encoder_late,-85.358116
KITTI_OOD,encoder_late,-88.88374
KITTI_OOD,encoder_late,-85.399925
KITTI_OOD,encoder_late,-84.60858
KITTI_OOD,encoder_late,-83.960686
KITTI_OOD,encoder_late,-84.009186
KITTI_OOD,encoder_late,-88.13712
KITTI_OOD,encoder_late,-88.6415
KITTI_OOD,encoder_late,-85.35813
KITTI_OOD,encoder_late,-91.20776
KITTI_OOD,encoder_late,-85.09782
KITTI_OOD,encoder_late,-77.61592
KITTI_OOD,encoder_late,-68.69003
KITTI_OOD,encoder_late,-67.240005
KITTI_OOD,encoder_late,-67.800545
KITTI_OOD,encoder_late,-74.98247
KITTI_OOD,encoder_late,-72.60402
KITTI_OOD,encoder_late,-73.38822
KITTI_OOD,encoder_late,-74.861176
KITTI_OOD,encoder_late,-74.476974
KITTI_OOD,encoder_late,-93.01472
KITTI_OOD,encoder_late,-85.16872
KITTI_OOD,encoder_late,-80.517494
KITTI_OOD,encoder_late,-79.64336
KITTI_OOD,encoder_late,-86.30502
KITTI_OOD,encoder_late,-86.58682
KITTI_OOD,encoder_late,-86.21935
KITTI_OOD,encoder_late,-82.39862
KITTI_OOD,encoder_late,-84.49169
KITTI_OOD,encoder_late,-80.72505
KITTI_OOD,encoder_late,-81.041435
KITTI_OOD,encoder_late,-80.8904
KITTI_OOD,encoder_late,-81.83067
KITTI_OOD,encoder_late,-80.91778
KITTI_OOD,encoder_late,-81.49197
KITTI_OOD,encoder_late,-80.784
KITTI_OOD,encoder_late,-80.28474
KITTI_OOD,encoder_late,-81.554054
KITTI_OOD,encoder_late,-81.84659
KITTI_OOD,encoder_late,-80.85804
KITTI_OOD,encoder_late,-87.34612
KITTI_OOD,encoder_late,-80.437035
KITTI_OOD,encoder_late,-75.96904
KITTI_OOD,encoder_late,-73.56177
KITTI_OOD,encoder_late,-78.01174
KITTI_OOD,encoder_late,-80.72072
KITTI_OOD,encoder_late,-77.25452
KITTI_OOD,encoder_late,-86.24118
KITTI_OOD,encoder_late,-87.903046
KITTI_OOD,encoder_late,-84.36627
KITTI_OOD,encoder_late,-79.46302
KITTI_OOD,encoder_late,-79.008354
KITTI_OOD,encoder_late,-85.15173
KITTI_OOD,encoder_late,-87.49595
KITTI_OOD,encoder_late,-88.48179
KITTI_OOD,encoder_late,-80.53084
KITTI_OOD,encoder_late,-82.31953
KITTI_OOD,encoder_late,-73.29989
KITTI_OOD,encoder_late,-80.29931
KITTI_OOD,encoder_late,-80.10786
KITTI_OOD,encoder_late,-82.83027
KITTI_OOD,encoder_late,-83.20224
KITTI_OOD,encoder_late,-86.14561
KITTI_OOD,encoder_late,-81.009384
KITTI_OOD,encoder_late,-78.21579
KITTI_OOD,encoder_late,-75.01893
KITTI_OOD,encoder_late,-75.41975
KITTI_OOD,encoder_late,-86.954704
KITTI_OOD,encoder_late,-78.78428
KITTI_OOD,encoder_late,-79.62437
KITTI_OOD,encoder_late,-81.18092
KITTI_OOD,encoder_late,-80.0594
KITTI_OOD,encoder_late,-89.5813
KITTI_OOD,encoder_late,-82.603455
KITTI_OOD,encoder_late,-83.993774
KITTI_OOD,encoder_late,-78.02289
KITTI_OOD,encoder_late,-82.31303
KITTI_OOD,encoder_late,-79.76524
KITTI_OOD,encoder_late,-81.26159
KITTI_OOD,encoder_late,-77.86432
KITTI_OOD,encoder_late,-81.42862
KITTI_OOD,encoder_late,-75.257355
KITTI_OOD,encoder_late,-85.40215
KITTI_OOD,encoder_late,-81.97502
KITTI_OOD,encoder_late,-77.66049
KITTI_OOD,encoder_late,-77.31851
KITTI_OOD,encoder_late,-79.26349
KITTI_OOD,encoder_late,-80.29413
KITTI_OOD,encoder_late,-74.307655
KITTI_OOD,encoder_late,-73.36917
KITTI_OOD,encoder_late,-75.88618
KITTI_OOD,encoder_late,-82.87619
KITTI_OOD,encoder_late,-79.806854
KITTI_OOD,encoder_late,-87.33441
KITTI_OOD,encoder_late,-82.64126
KITTI_OOD,encoder_late,-84.115974
KITTI_OOD,encoder_late,-83.5816
KITTI_OOD,encoder_late,-87.71164
KITTI_OOD,encoder_late,-85.24377
KITTI_OOD,encoder_late,-79.21942
KITTI_OOD,encoder_late,-80.07635
KITTI_OOD,encoder_late,-81.961945
KITTI_OOD,encoder_late,-83.73624
KITTI_OOD,encoder_late,-89.10739
KITTI_OOD,encoder_late,-86.913445
KITTI_OOD,encoder_late,-81.69851
KITTI_OOD,encoder_late,-75.157135
KITTI_OOD,encoder_late,-75.274666
KITTI_OOD,encoder_late,-83.90108
KITTI_OOD,encoder_late,-83.803154
KITTI_OOD,encoder_late,-80.50052
KITTI_OOD,encoder_late,-81.61669
KITTI_OOD,encoder_late,-81.27025
KITTI_OOD,encoder_late,-83.49377
KITTI_OOD,encoder_late,-86.58651
KITTI_OOD,encoder_late,-80.09728
KITTI_OOD,encoder_late,-71.16383
KITTI_OOD,encoder_late,-84.37332
KITTI_OOD,encoder_late,-80.78801
KITTI_OOD,encoder_late,-88.07706
KITTI_OOD,encoder_late,-85.67895
KITTI_OOD,encoder_late,-88.04025
KITTI_OOD,encoder_late,-93.48366
KITTI_OOD,encoder_late,-98.08395
KITTI_OOD,encoder_late,-97.149574
KITTI_OOD,encoder_late,-87.48248
KITTI_OOD,encoder_late,-82.45735
KITTI_OOD,encoder_late,-85.56913
KITTI_OOD,encoder_late,-83.49114
KITTI_OOD,encoder_late,-87.389404
KITTI_OOD,encoder_late,-82.0863
KITTI_OOD,encoder_late,-84.34687
KITTI_OOD,encoder_late,-94.41397
KITTI_OOD,encoder_late,-94.06675
KITTI_OOD,encoder_late,-91.130226
KITTI_OOD,encoder_late,-94.176155
KITTI_OOD,encoder_late,-87.633514
KITTI_OOD,encoder_late,-89.006905
KITTI_OOD,encoder_late,-88.557076
KITTI_OOD,encoder_late,-84.6589
KITTI_OOD,encoder_late,-86.93716
KITTI_OOD,encoder_late,-86.72183
KITTI_OOD,encoder_late,-87.01831
KITTI_OOD,encoder_late,-88.29994
KITTI_OOD,encoder_late,-79.04097
KITTI_OOD,encoder_late,-78.29361
KITTI_OOD,encoder_late,-81.10365
KITTI_OOD,encoder_late,-79.38661
KITTI_OOD,encoder_late,-81.34551
KITTI_OOD,encoder_late,-85.29172
KITTI_OOD,encoder_late,-80.57824
KITTI_OOD,encoder_late,-82.19955
KITTI_OOD,encoder_late,-82.98927
KITTI_OOD,encoder_late,-84.50685
KITTI_OOD,encoder_late,-85.472176
KITTI_OOD,encoder_late,-90.39082
KITTI_OOD,encoder_late,-83.13092
KITTI_OOD,encoder_late,-89.93958
KITTI_OOD,encoder_late,-82.0552
KITTI_OOD,encoder_late,-88.7171
KITTI_OOD,encoder_late,-79.63411
KITTI_OOD,encoder_late,-86.996445
KITTI_OOD,encoder_late,-88.68654
KITTI_OOD,encoder_late,-82.72037
KITTI_OOD,encoder_late,-77.18821
KITTI_OOD,encoder_late,-78.69333
KITTI_OOD,encoder_late,-77.15117
KITTI_OOD,encoder_late,-77.284225
KITTI_OOD,encoder_late,-78.080734
KITTI_OOD,encoder_late,-79.15759
KITTI_OOD,encoder_late,-77.91308
KITTI_OOD,encoder_late,-82.37479
KITTI_OOD,encoder_late,-74.75223
KITTI_OOD,encoder_late,-74.36468
KITTI_OOD,encoder_late,-78.48744
KITTI_OOD,encoder_late,-81.0377
KITTI_OOD,encoder_late,-76.93123
KITTI_OOD,encoder_late,-83.30445
KITTI_OOD,encoder_late,-70.28748
KITTI_OOD,encoder_late,-76.733376
KITTI_OOD,encoder_late,-72.70715
KITTI_OOD,encoder_late,-78.70138
KITTI_OOD,encoder_late,-74.07608
KITTI_OOD,encoder_late,-71.98635
KITTI_OOD,encoder_late,-71.288
KITTI_OOD,encoder_late,-71.67355
KITTI_OOD,encoder_late,-72.37802
KITTI_OOD,encoder_late,-71.54575
KITTI_OOD,encoder_late,-70.88615
KITTI_OOD,encoder_late,-72.19358
KITTI_OOD,encoder_late,-75.146255
KITTI_OOD,encoder_late,-75.34475
KITTI_OOD,encoder_late,-81.42186
KITTI_OOD,encoder_late,-76.84967
KITTI_OOD,encoder_late,-67.59622
KITTI_OOD,encoder_late,-67.05137
KITTI_OOD,encoder_late,-73.57257
KITTI_OOD,encoder_late,-73.71934
KITTI_OOD,encoder_late,-71.38447
KITTI_OOD,encoder_late,-75.56291
KITTI_OOD,encoder_late,-77.8339
KITTI_OOD,encoder_late,-75.80044
KITTI_OOD,encoder_late,-69.22444
KITTI_OOD,encoder_late,-72.0025
KITTI_OOD,encoder_late,-71.7956
KITTI_OOD,encoder_late,-76.09936
KITTI_OOD,encoder_late,-80.4945
KITTI_OOD,encoder_late,-72.19959
KITTI_OOD,encoder_late,-80.1092
KITTI_OOD,encoder_late,-79.122284
KITTI_OOD,encoder_late,-70.70954
KITTI_OOD,encoder_late,-74.34326
KITTI_OOD,encoder_late,-69.867065
KITTI_OOD,encoder_late,-68.24912
KITTI_OOD,encoder_late,-67.31395
KITTI_OOD,encoder_late,-68.52193
KITTI_OOD,encoder_late,-67.02508
KITTI_OOD,encoder_late,-66.57554
KITTI_OOD,encoder_late,-67.25517
KITTI_OOD,encoder_late,-63.677795
KITTI_OOD,encoder_late,-66.1625
KITTI_OOD,encoder_late,-68.168106
KITTI_OOD,encoder_late,-67.61885
KITTI_OOD,encoder_late,-74.1546
KITTI_OOD,encoder_late,-79.65104
KITTI_OOD,encoder_late,-80.2693
KITTI_OOD,encoder_late,-75.56394
KITTI_OOD,encoder_late,-75.87394
KITTI_OOD,encoder_late,-76.25249
KITTI_OOD,encoder_late,-75.66174
KITTI_OOD,encoder_late,-75.352486
KITTI_OOD,encoder_late,-70.42269
KITTI_OOD,encoder_late,-71.40918
KITTI_OOD,encoder_late,-70.06248
KITTI_OOD,encoder_late,-72.2284
KITTI_OOD,encoder_late,-71.9652
KITTI_OOD,encoder_late,-78.44832
KITTI_OOD,encoder_late,-77.40452
KITTI_OOD,encoder_late,-72.87955
KITTI_OOD,encoder_late,-72.683556
KITTI_OOD,encoder_late,-70.71996
KITTI_OOD,encoder_late,-69.07551
KITTI_OOD,encoder_late,-68.24662
KITTI_OOD,encoder_late,-68.516
KITTI_OOD,encoder_late,-71.14365
KITTI_OOD,encoder_late,-73.04738
KITTI_OOD,encoder_late,-70.753555
KITTI_OOD,encoder_late,-70.12327
KITTI_OOD,encoder_late,-68.42491
KITTI_OOD,encoder_late,-70.19593
KITTI_OOD,encoder_late,-82.25976
KITTI_OOD,encoder_late,-70.43815
KITTI_OOD,encoder_late,-70.846664
KITTI_OOD,encoder_late,-71.37762
KITTI_OOD,encoder_late,-74.01001
KITTI_OOD,encoder_late,-74.06536
KITTI_OOD,encoder_late,-71.77402
KITTI_OOD,encoder_late,-74.16228
KITTI_OOD,encoder_late,-71.48618
KITTI_OOD,encoder_late,-69.83144
KITTI_OOD,encoder_late,-65.35812
KITTI_OOD,encoder_late,-71.940956
KITTI_OOD,encoder_late,-69.25417
KITTI_OOD,encoder_late,-75.06021
KITTI_OOD,encoder_late,-75.602516
KITTI_OOD,encoder_late,-78.03293
KITTI_OOD,encoder_late,-75.277214
KITTI_OOD,encoder_late,-82.60695
KITTI_OOD,encoder_late,-87.03789
KITTI_OOD,encoder_late,-81.23583
KITTI_OOD,encoder_late,-83.28365
KITTI_OOD,encoder_late,-83.59141
KITTI_OOD,encoder_late,-86.14847
KITTI_OOD,encoder_late,-92.77073
KITTI_OOD,encoder_late,-92.46025
KITTI_OOD,encoder_late,-81.254814
KITTI_OOD,encoder_late,-84.76814
KITTI_OOD,encoder_late,-77.83477
KITTI_OOD,encoder_late,-83.43243
KITTI_OOD,encoder_late,-90.07285
KITTI_OOD,encoder_late,-79.6017
KITTI_OOD,encoder_late,-81.0228
KITTI_OOD,encoder_late,-85.61486
KITTI_OOD,encoder_late,-89.28862
KITTI_OOD,encoder_late,-84.098656
KITTI_OOD,encoder_late,-85.15516
KITTI_OOD,encoder_late,-78.615135
KITTI_OOD,encoder_late,-85.63114
KITTI_OOD,encoder_late,-84.90944
KITTI_OOD,encoder_late,-88.80487
KITTI_OOD,encoder_late,-79.90004
KITTI_OOD,encoder_late,-81.45815
KITTI_OOD,encoder_late,-79.84491
KITTI_OOD,encoder_late,-82.79042
KITTI_OOD,encoder_late,-78.2703
KITTI_OOD,encoder_late,-88.5755
KITTI_OOD,encoder_late,-85.1314
KITTI_OOD,encoder_late,-86.697266
KITTI_OOD,encoder_late,-79.174126
KITTI_OOD,encoder_late,-76.798134
KITTI_OOD,encoder_late,-75.47123
KITTI_OOD,encoder_late,-78.98128
KITTI_OOD,encoder_late,-76.313644
KITTI_OOD,encoder_late,-78.62269
KITTI_OOD,encoder_late,-79.253876
KITTI_OOD,encoder_late,-82.09682
KITTI_OOD,encoder_late,-86.04877
KITTI_OOD,encoder_late,-82.17519
KITTI_OOD,encoder_late,-85.839775
KITTI_OOD,encoder_late,-79.15498
KITTI_OOD,encoder_late,-86.25133
KITTI_OOD,encoder_late,-88.64112
KITTI_OOD,encoder_late,-89.00801
KITTI_OOD,encoder_late,-84.29413
KITTI_OOD,encoder_late,-84.88431
KITTI_OOD,encoder_late,-83.272285
KITTI_OOD,encoder_late,-83.44079
KITTI_OOD,encoder_late,-85.74155
KITTI_OOD,encoder_late,-89.23742
KITTI_OOD,encoder_late,-87.118164
KITTI_OOD,encoder_late,-84.52365
KITTI_OOD,encoder_late,-83.753746
KITTI_OOD,encoder_late,-80.22331
KITTI_OOD,encoder_late,-87.13757
KITTI_OOD,encoder_late,-83.22265
KITTI_OOD,encoder_late,-85.60259
KITTI_OOD,encoder_late,-85.62517
KITTI_OOD,encoder_late,-81.47054
KITTI_OOD,encoder_late,-82.386635
KITTI_OOD,encoder_late,-81.9796
KITTI_OOD,encoder_late,-79.887054
KITTI_OOD,encoder_late,-78.93085
KITTI_OOD,encoder_late,-81.01689
KITTI_OOD,encoder_late,-78.76841
KITTI_OOD,encoder_late,-78.2623
KITTI_OOD,encoder_late,-76.869736
KITTI_OOD,encoder_late,-77.97457
KITTI_OOD,encoder_late,-72.88998
KITTI_OOD,encoder_late,-78.102036
KITTI_OOD,encoder_late,-78.215195
KITTI_OOD,encoder_late,-84.020615
KITTI_OOD,encoder_late,-88.05431
KITTI_OOD,encoder_late,-85.42019
KITTI_OOD,encoder_late,-97.05608
KITTI_OOD,encoder_late,-87.73939
KITTI_OOD,encoder_late,-83.11714
KITTI_OOD,encoder_late,-86.30087
KITTI_OOD,encoder_late,-86.79528
KITTI_OOD,encoder_late,-85.04224
KITTI_OOD,encoder_late,-88.35857
KITTI_OOD,encoder_late,-83.86703
KITTI_OOD,encoder_late,-80.47923
KITTI_OOD,encoder_late,-88.70024
KITTI_OOD,encoder_late,-82.89492
KITTI_OOD,encoder_late,-84.712814
KITTI_OOD,encoder_late,-89.45218
KITTI_OOD,encoder_late,-89.04574
KITTI_OOD,encoder_late,-89.22094
KITTI_OOD,encoder_late,-90.27267
KITTI_OOD,encoder_late,-94.17525
KITTI_OOD,encoder_late,-92.74508
KITTI_OOD,encoder_late,-89.71855
KITTI_OOD,encoder_late,-87.53005
KITTI_OOD,encoder_late,-87.823975
KITTI_OOD,encoder_late,-85.95754
KITTI_OOD,encoder_late,-85.98512
KITTI_OOD,encoder_late,-73.97189
KITTI_OOD,encoder_late,-75.9325
KITTI_OOD,encoder_late,-76.608826
KITTI_OOD,encoder_late,-77.09855
KITTI_OOD,encoder_late,-76.99973
KITTI_OOD,decoder_late,-8.372853
KITTI_OOD,decoder_late,-7.6201787
KITTI_OOD,decoder_late,-7.7834034
KITTI_OOD,decoder_late,-7.589796
KITTI_OOD,decoder_late,-6.836476
KITTI_OOD,decoder_late,-3.9380836
KITTI_OOD,decoder_late,-6.072072
KITTI_OOD,decoder_late,-6.7590885
KITTI_OOD,decoder_late,-7.8053064
KITTI_OOD,decoder_late,-4.2291517
KITTI_OOD,decoder_late,-9.0529
KITTI_OOD,decoder_late,-5.6971416
KITTI_OOD,decoder_late,-6.2916136
KITTI_OOD,decoder_late,-5.6882477
KITTI_OOD,decoder_late,-5.0966754
KITTI_OOD,decoder_late,-4.9047465
KITTI_OOD,decoder_late,-6.677887
KITTI_OOD,decoder_late,-4.510383
KITTI_OOD,decoder_late,-6.045358
KITTI_OOD,decoder_late,-7.040838
KITTI_OOD,decoder_late,-8.060205
KITTI_OOD,decoder_late,-8.853332
KITTI_OOD,decoder_late,-11.078765
KITTI_OOD,decoder_late,-10.494446
KITTI_OOD,decoder_late,-11.3186
KITTI_OOD,decoder_late,-10.820955
KITTI_OOD,decoder_late,-10.832255
KITTI_OOD,decoder_late,-11.000884
KITTI_OOD,decoder_late,-11.112879
KITTI_OOD,decoder_late,-10.973903
KITTI_OOD,decoder_late,-10.602787
KITTI_OOD,decoder_late,-10.53096
KITTI_OOD,decoder_late,-10.545536
KITTI_OOD,decoder_late,-10.143137
KITTI_OOD,decoder_late,-7.570073
KITTI_OOD,decoder_late,-8.887354
KITTI_OOD,decoder_late,-7.181713
KITTI_OOD,decoder_late,-6.3063564
KITTI_OOD,decoder_late,-6.864988
KITTI_OOD,decoder_late,-5.7437367
KITTI_OOD,decoder_late,-8.052479
KITTI_OOD,decoder_late,-10.6744795
KITTI_OOD,decoder_late,-10.505156
KITTI_OOD,decoder_late,-11.038641
KITTI_OOD,decoder_late,-12.068184
KITTI_OOD,decoder_late,-12.673313
KITTI_OOD,decoder_late,-12.595379
KITTI_OOD,decoder_late,-12.329669
KITTI_OOD,decoder_late,-12.11751
KITTI_OOD,decoder_late,-11.743121
KITTI_OOD,decoder_late,-12.212738
KITTI_OOD,decoder_late,-11.406591
KITTI_OOD,decoder_late,-10.351459
KITTI_OOD,decoder_late,-7.170798
KITTI_OOD,decoder_late,-9.025211
KITTI_OOD,decoder_late,-11.151099
KITTI_OOD,decoder_late,-7.340709
KITTI_OOD,decoder_late,-3.268197
KITTI_OOD,decoder_late,-4.6486716
KITTI_OOD,decoder_late,-8.280219
KITTI_OOD,decoder_late,-10.436596
KITTI_OOD,decoder_late,-8.410952
KITTI_OOD,decoder_late,-9.472119
KITTI_OOD,decoder_late,-6.799288
KITTI_OOD,decoder_late,-10.624406
KITTI_OOD,decoder_late,-9.507261
KITTI_OOD,decoder_late,-8.569684
KITTI_OOD,decoder_late,-7.6744723
KITTI_OOD,decoder_late,-9.570098
KITTI_OOD,decoder_late,-7.025586
KITTI_OOD,decoder_late,-10.752377
KITTI_OOD,decoder_late,-9.732963
KITTI_OOD,decoder_late,-8.118969
KITTI_OOD,decoder_late,-6.4681673
KITTI_OOD,decoder_late,-6.339942
KITTI_OOD,decoder_late,-3.8777027
KITTI_OOD,decoder_late,-9.424207
KITTI_OOD,decoder_late,-7.615992
KITTI_OOD,decoder_late,-7.302429
KITTI_OOD,decoder_late,-8.218603
KITTI_OOD,decoder_late,-5.270478
KITTI_OOD,decoder_late,-10.156721
KITTI_OOD,decoder_late,-4.759322
KITTI_OOD,decoder_late,-4.409137
KITTI_OOD,decoder_late,-5.753783
KITTI_OOD,decoder_late,-8.729513
KITTI_OOD,decoder_late,-5.7447166
KITTI_OOD,decoder_late,-7.20415
KITTI_OOD,decoder_late,-9.050615
KITTI_OOD,decoder_late,-11.370453
KITTI_OOD,decoder_late,-11.005815
KITTI_OOD,decoder_late,-9.779161
KITTI_OOD,decoder_late,-10.199305
KITTI_OOD,decoder_late,-7.306718
KITTI_OOD,decoder_late,-9.469367
KITTI_OOD,decoder_late,-10.246632
KITTI_OOD,decoder_late,-9.561259
KITTI_OOD,decoder_late,-4.4386716
KITTI_OOD,decoder_late,-6.164614
KITTI_OOD,decoder_late,-5.430417
KITTI_OOD,decoder_late,-7.8821573
KITTI_OOD,decoder_late,-5.613219
KITTI_OOD,decoder_late,-10.423224
KITTI_OOD,decoder_late,-6.865877
KITTI_OOD,decoder_late,-6.986583
KITTI_OOD,decoder_late,-2.8479426
KITTI_OOD,decoder_late,-5.2419677
KITTI_OOD,decoder_late,-5.2388897
KITTI_OOD,decoder_late,-8.507109
KITTI_OOD,decoder_late,-5.0671625
KITTI_OOD,decoder_late,-6.3949137
KITTI_OOD,decoder_late,-5.465218
KITTI_OOD,decoder_late,-9.09624
KITTI_OOD,decoder_late,-5.403632
KITTI_OOD,decoder_late,-5.836933
KITTI_OOD,decoder_late,-1.9216527
KITTI_OOD,decoder_late,-5.737438
KITTI_OOD,decoder_late,-3.643808
KITTI_OOD,decoder_late,-6.527544
KITTI_OOD,decoder_late,-3.811718
KITTI_OOD,decoder_late,-5.6954513
KITTI_OOD,decoder_late,-5.8447475
KITTI_OOD,decoder_late,-4.5073576
KITTI_OOD,decoder_late,-3.1962247
KITTI_OOD,decoder_late,-3.8597133
KITTI_OOD,decoder_late,-4.352441
KITTI_OOD,decoder_late,-2.7425828
KITTI_OOD,decoder_late,-2.0583558
KITTI_OOD,decoder_late,-2.3411443
KITTI_OOD,decoder_late,-2.411548
KITTI_OOD,decoder_late,-3.5297692
KITTI_OOD,decoder_late,-2.4051893
KITTI_OOD,decoder_late,-3.7695892
KITTI_OOD,decoder_late,-7.3164873
KITTI_OOD,decoder_late,-10.931682
KITTI_OOD,decoder_late,-10.100137
KITTI_OOD,decoder_late,-10.015366
KITTI_OOD,decoder_late,-10.676305
KITTI_OOD,decoder_late,-9.681503
KITTI_OOD,decoder_late,-6.425743
KITTI_OOD,decoder_late,-5.570884
KITTI_OOD,decoder_late,-8.04499
KITTI_OOD,decoder_late,-10.1570015
KITTI_OOD,decoder_late,-10.195713
KITTI_OOD,decoder_late,-10.296518
KITTI_OOD,decoder_late,-9.786228
KITTI_OOD,decoder_late,-10.078041
KITTI_OOD,decoder_late,-7.2089844
KITTI_OOD,decoder_late,-9.296895
KITTI_OOD,decoder_late,-9.841627
KITTI_OOD,decoder_late,-10.492195
KITTI_OOD,decoder_late,-9.373859
KITTI_OOD,decoder_late,-8.616979
KITTI_OOD,decoder_late,-5.960385
KITTI_OOD,decoder_late,-9.765478
KITTI_OOD,decoder_late,-6.3369493
KITTI_OOD,decoder_late,-5.64839
KITTI_OOD,decoder_late,-5.3295884
KITTI_OOD,decoder_late,-6.764845
KITTI_OOD,decoder_late,-4.8282714
KITTI_OOD,decoder_late,-8.728172
KITTI_OOD,decoder_late,-6.112218
KITTI_OOD,decoder_late,-7.1857657
KITTI_OOD,decoder_late,-3.5534244
KITTI_OOD,decoder_late,-5.5233054
KITTI_OOD,decoder_late,-7.6472816
KITTI_OOD,decoder_late,-8.78472
KITTI_OOD,decoder_late,-4.5530715
KITTI_OOD,decoder_late,-3.7774992
KITTI_OOD,decoder_late,-3.4525778
KITTI_OOD,decoder_late,-10.678002
KITTI_OOD,decoder_late,-10.716321
KITTI_OOD,decoder_late,-10.65372
KITTI_OOD,decoder_late,-9.535216
KITTI_OOD,decoder_late,-9.953877
KITTI_OOD,decoder_late,-10.626549
KITTI_OOD,decoder_late,-9.549133
KITTI_OOD,decoder_late,-8.6131935
KITTI_OOD,decoder_late,-9.845164
KITTI_OOD,decoder_late,-6.7963905
KITTI_OOD,decoder_late,-7.988762
KITTI_OOD,decoder_late,-6.2862177
KITTI_OOD,decoder_late,-8.280042
KITTI_OOD,decoder_late,-8.9323635
KITTI_OOD,decoder_late,-9.682734
KITTI_OOD,decoder_late,-9.223543
KITTI_OOD,decoder_late,-9.033295
KITTI_OOD,decoder_late,-7.1109133
KITTI_OOD,decoder_late,-10.3116
KITTI_OOD,decoder_late,-9.451629
KITTI_OOD,decoder_late,-10.073354
KITTI_OOD,decoder_late,-9.047824
KITTI_OOD,decoder_late,-10.069221
KITTI_OOD,decoder_late,-10.478067
KITTI_OOD,decoder_late,-7.50934
KITTI_OOD,decoder_late,-7.100944
KITTI_OOD,decoder_late,-7.583054
KITTI_OOD,decoder_late,-5.800562
KITTI_OOD,decoder_late,-7.234356
KITTI_OOD,decoder_late,-6.482651
KITTI_OOD,decoder_late,-7.804397
KITTI_OOD,decoder_late,-5.532363
KITTI_OOD,decoder_late,-9.984681
KITTI_OOD,decoder_late,-7.9889865
KITTI_OOD,decoder_late,-10.062548
KITTI_OOD,decoder_late,-5.5597363
KITTI_OOD,decoder_late,-8.3743305
KITTI_OOD,decoder_late,-6.114666
KITTI_OOD,decoder_late,-8.402866
KITTI_OOD,decoder_late,-10.351612
KITTI_OOD,decoder_late,-10.469076
KITTI_OOD,decoder_late,-7.9416904
KITTI_OOD,decoder_late,-8.1060095
KITTI_OOD,decoder_late,-5.392647
KITTI_OOD,decoder_late,-10.473537
KITTI_OOD,decoder_late,-6.0571084
KITTI_OOD,decoder_late,-7.57454
KITTI_OOD,decoder_late,-8.86572
KITTI_OOD,decoder_late,-10.244952
KITTI_OOD,decoder_late,-8.003711
KITTI_OOD,decoder_late,-10.152808
KITTI_OOD,decoder_late,-9.213974
KITTI_OOD,decoder_late,-8.39945
KITTI_OOD,decoder_late,-8.597378
KITTI_OOD,decoder_late,-9.797727
KITTI_OOD,decoder_late,-9.264593
KITTI_OOD,decoder_late,-9.706293
KITTI_OOD,decoder_late,-8.937203
KITTI_OOD,decoder_late,-10.410457
KITTI_OOD,decoder_late,-10.089988
KITTI_OOD,decoder_late,-10.42692
KITTI_OOD,decoder_late,-10.241549
KITTI_OOD,decoder_late,-10.762766
KITTI_OOD,decoder_late,-7.9927464
KITTI_OOD,decoder_late,-6.6952977
KITTI_OOD,decoder_late,-6.5478487
KITTI_OOD,decoder_late,-11.180737
KITTI_OOD,decoder_late,-10.974574
KITTI_OOD,decoder_late,-6.8342905
KITTI_OOD,decoder_late,-8.963614
KITTI_OOD,decoder_late,-10.246585
KITTI_OOD,decoder_late,-10.427684
KITTI_OOD,decoder_late,-10.181403
KITTI_OOD,decoder_late,-10.87415
KITTI_OOD,decoder_late,-9.789914
KITTI_OOD,decoder_late,-8.829457
KITTI_OOD,decoder_late,-8.901765
KITTI_OOD,decoder_late,-4.277666
KITTI_OOD,decoder_late,-5.4279394
KITTI_OOD,decoder_late,-4.4404745
KITTI_OOD,decoder_late,-9.047708
KITTI_OOD,decoder_late,-3.5544548
KITTI_OOD,decoder_late,-8.282573
KITTI_OOD,decoder_late,-3.119916
KITTI_OOD,decoder_late,-3.6399972
KITTI_OOD,decoder_late,-3.513901
KITTI_OOD,decoder_late,-6.0091677
KITTI_OOD,decoder_late,-6.1958323
KITTI_OOD,decoder_late,-7.906792
KITTI_OOD,decoder_late,-10.302648
KITTI_OOD,decoder_late,-8.708559
KITTI_OOD,decoder_late,-9.251399
KITTI_OOD,decoder_late,-10.59089
KITTI_OOD,decoder_late,-10.262863
KITTI_OOD,decoder_late,-10.00363
KITTI_OOD,decoder_late,-9.18236
KITTI_OOD,decoder_late,-9.37494
KITTI_OOD,decoder_late,-9.921894
KITTI_OOD,decoder_late,-10.183886
KITTI_OOD,decoder_late,-10.131878
KITTI_OOD,decoder_late,-9.871386
KITTI_OOD,decoder_late,-9.376355
KITTI_OOD,decoder_late,-10.006128
KITTI_OOD,decoder_late,-9.649694
KITTI_OOD,decoder_late,-9.782257
KITTI_OOD,decoder_late,-9.549336
KITTI_OOD,decoder_late,-6.705969
KITTI_OOD,decoder_late,-6.4299273
KITTI_OOD,decoder_late,-9.055854
KITTI_OOD,decoder_late,-8.975362
KITTI_OOD,decoder_late,-8.098264
KITTI_OOD,decoder_late,-6.7993817
KITTI_OOD,decoder_late,-7.0005083
KITTI_OOD,decoder_late,-8.006584
KITTI_OOD,decoder_late,-4.5878224
KITTI_OOD,decoder_late,-4.874668
KITTI_OOD,decoder_late,-9.562367
KITTI_OOD,decoder_late,-10.14421
KITTI_OOD,decoder_late,-8.914956
KITTI_OOD,decoder_late,-8.5956955
KITTI_OOD,decoder_late,-9.743547
KITTI_OOD,decoder_late,-3.263843
KITTI_OOD,decoder_late,-4.3471265
KITTI_OOD,decoder_late,-8.855382
KITTI_OOD,decoder_late,-9.969732
KITTI_OOD,decoder_late,-10.503373
KITTI_OOD,decoder_late,-10.794913
KITTI_OOD,decoder_late,-9.34013
KITTI_OOD,decoder_late,-10.187405
KITTI_OOD,decoder_late,-10.652597
KITTI_OOD,decoder_late,-9.634328
KITTI_OOD,decoder_late,-10.332848
KITTI_OOD,decoder_late,-11.833369
KITTI_OOD,decoder_late,-12.027559
KITTI_OOD,decoder_late,-11.132567
KITTI_OOD,decoder_late,-10.607198
KITTI_OOD,decoder_late,-9.657274
KITTI_OOD,decoder_late,-10.428381
KITTI_OOD,decoder_late,-9.337719
KITTI_OOD,decoder_late,-10.681905
KITTI_OOD,decoder_late,-10.953646
KITTI_OOD,decoder_late,-10.7944355
KITTI_OOD,decoder_late,-10.379047
KITTI_OOD,decoder_late,-10.04546
KITTI_OOD,decoder_late,-9.391324
KITTI_OOD,decoder_late,-10.375779
KITTI_OOD,decoder_late,-10.316744
KITTI_OOD,decoder_late,-4.77645
KITTI_OOD,decoder_late,-4.159607
KITTI_OOD,decoder_late,-3.7905693
KITTI_OOD,decoder_late,-4.602193
KITTI_OOD,decoder_late,-9.4667
KITTI_OOD,decoder_late,-7.278567
KITTI_OOD,decoder_late,-5.9960093
KITTI_OOD,decoder_late,-4.744709
KITTI_OOD,decoder_late,-6.8886833
KITTI_OOD,decoder_late,-8.060577
KITTI_OOD,decoder_late,-9.257573
KITTI_OOD,decoder_late,-8.5963125
KITTI_OOD,decoder_late,-7.343627
KITTI_OOD,decoder_late,-9.668935
KITTI_OOD,decoder_late,-10.204606
KITTI_OOD,decoder_late,-10.444605
KITTI_OOD,decoder_late,-10.346443
KITTI_OOD,decoder_late,-10.795658
KITTI_OOD,decoder_late,-10.163558
KITTI_OOD,decoder_late,-9.72246
KITTI_OOD,decoder_late,-10.231897
KITTI_OOD,decoder_late,-10.174448
KITTI_OOD,decoder_late,-9.022366
KITTI_OOD,decoder_late,-9.256223
KITTI_OOD,decoder_late,-7.383438
KITTI_OOD,decoder_late,-7.179303
KITTI_OOD,decoder_late,-7.559102
KITTI_OOD,decoder_late,-7.898025
KITTI_OOD,decoder_late,-9.611467
KITTI_OOD,decoder_late,-11.034493
KITTI_OOD,decoder_late,-8.912225
KITTI_OOD,decoder_late,-10.710227
KITTI_OOD,decoder_late,-10.828268
KITTI_OOD,decoder_late,-8.052413
KITTI_OOD,decoder_late,-9.356421
KITTI_OOD,decoder_late,-10.426352
KITTI_OOD,decoder_late,-10.157601
KITTI_OOD,decoder_late,-8.476048
KITTI_OOD,decoder_late,-10.065939
KITTI_OOD,decoder_late,-7.61938
KITTI_OOD,decoder_late,-7.598091
KITTI_OOD,decoder_late,-7.0871277
KITTI_OOD,decoder_late,-10.287905
KITTI_OOD,decoder_late,-10.220427
KITTI_OOD,decoder_late,-9.783535
KITTI_OOD,decoder_late,-9.634226
KITTI_OOD,decoder_late,-10.266926
KITTI_OOD,decoder_late,-8.080417
KITTI_OOD,decoder_late,-10.025183
KITTI_OOD,decoder_late,-9.901688
KITTI_OOD,decoder_late,-8.47473
KITTI_OOD,decoder_late,-8.944905
KITTI_OOD,decoder_late,-6.818459
KITTI_OOD,decoder_late,-5.367514
KITTI_OOD,decoder_late,-7.7321234
KITTI_OOD,decoder_late,-8.274545
KITTI_OOD,decoder_late,-9.940363
KITTI_OOD,decoder_late,-8.852763
KITTI_OOD,decoder_late,-6.624378
KITTI_OOD,decoder_late,-3.603359
KITTI_OOD,decoder_late,-1.807767
KITTI_OOD,decoder_late,-2.1598697
KITTI_OOD,decoder_late,-2.5725932
KITTI_OOD,decoder_late,-4.641446
KITTI_OOD,decoder_late,-9.708645
KITTI_OOD,decoder_late,-9.172504
KITTI_OOD,decoder_late,-9.711092
KITTI_OOD,decoder_late,-7.7581244
KITTI_OOD,decoder_late,-8.53138
KITTI_OOD,decoder_late,-9.083403
KITTI_OOD,decoder_late,-7.7660103
KITTI_OOD,decoder_late,-7.724191
KITTI_OOD,decoder_late,-5.957396
KITTI_OOD,decoder_late,-6.985873
KITTI_OOD,decoder_late,-4.203598
KITTI_OOD,decoder_late,-3.0908937
KITTI_OOD,decoder_late,-5.0087943
KITTI_OOD,decoder_late,-4.45746
KITTI_OOD,decoder_late,-3.5627477
KITTI_OOD,decoder_late,-3.823834
KITTI_OOD,decoder_late,-3.929018
KITTI_OOD,decoder_late,-4.6514025
KITTI_OOD,decoder_late,-4.074305
KITTI_OOD,decoder_late,-3.530026
KITTI_OOD,decoder_late,-4.422598
KITTI_OOD,decoder_late,-3.549914
KITTI_OOD,decoder_late,-3.187221
KITTI_OOD,decoder_late,-3.1440053
KITTI_OOD,decoder_late,-2.983276
KITTI_OOD,decoder_late,-2.7045333
KITTI_OOD,decoder_late,-1.6686761
KITTI_OOD,decoder_late,-2.7809129
KITTI_OOD,decoder_late,-2.4544597
KITTI_OOD,decoder_late,-1.8079593
KITTI_OOD,decoder_late,-2.9559352
KITTI_OOD,decoder_late,-2.792906
KITTI_OOD,decoder_late,-2.063237
KITTI_OOD,decoder_late,-1.6255847
KITTI_OOD,decoder_late,-2.1388988
KITTI_OOD,decoder_late,-3.338428
KITTI_OOD,decoder_late,-1.0185485
KITTI_OOD,decoder_late,-3.2169905
KITTI_OOD,decoder_late,-2.4335885
KITTI_OOD,decoder_late,-2.3352861
KITTI_OOD,decoder_late,-1.2682198
KITTI_OOD,decoder_late,-1.1656075
KITTI_OOD,decoder_late,-1.5081075
KITTI_OOD,decoder_late,-1.6069834
KITTI_OOD,decoder_late,-1.4794958
KITTI_OOD,decoder_late,-2.2100883
KITTI_OOD,decoder_late,-0.95483154
KITTI_OOD,decoder_late,-2.0215607
KITTI_OOD,decoder_late,-0.5839591
KITTI_OOD,decoder_late,-1.2956574
KITTI_OOD,decoder_late,-4.5716267
KITTI_OOD,decoder_late,-2.1384234
KITTI_OOD,decoder_late,-3.1252317
KITTI_OOD,decoder_late,-4.3587456
KITTI_OOD,decoder_late,-4.658991
KITTI_OOD,decoder_late,-4.478985
KITTI_OOD,decoder_late,-3.7212553
KITTI_OOD,decoder_late,-3.8670545
KITTI_OOD,decoder_late,-2.4495244
KITTI_OOD,decoder_late,-5.125004
KITTI_OOD,decoder_late,-3.3450341
KITTI_OOD,decoder_late,-3.053509
KITTI_OOD,decoder_late,-3.0876267
KITTI_OOD,decoder_late,-2.3712993
KITTI_OOD,decoder_late,-2.6606326
KITTI_OOD,decoder_late,-2.4823046
KITTI_OOD,decoder_late,-1.846132
KITTI_OOD,decoder_late,-1.7590541
KITTI_OOD,decoder_late,-2.3079894
KITTI_OOD,decoder_late,-2.438756
KITTI_OOD,decoder_late,-2.485595
KITTI_OOD,decoder_late,-2.3280308
KITTI_OOD,decoder_late,-1.6166129
KITTI_OOD,decoder_late,-2.1504297
KITTI_OOD,decoder_late,-3.359682
KITTI_OOD,decoder_late,-2.880458
KITTI_OOD,decoder_late,-3.1428332
KITTI_OOD,decoder_late,-1.9116875
KITTI_OOD,decoder_late,-1.6910052
KITTI_OOD,decoder_late,-2.5089602
KITTI_OOD,decoder_late,-1.721703
KITTI_OOD,decoder_late,-1.8346139
KITTI_OOD,decoder_late,-2.3685017
KITTI_OOD,decoder_late,-2.0824323
KITTI_OOD,decoder_late,-3.6656322
KITTI_OOD,decoder_late,-3.0202894
KITTI_OOD,decoder_late,-5.3026752
KITTI_OOD,decoder_late,-7.428342
KITTI_OOD,decoder_late,-8.666241
KITTI_OOD,decoder_late,-8.356661
KITTI_OOD,decoder_late,-7.640193
KITTI_OOD,decoder_late,-8.953767
KITTI_OOD,decoder_late,-9.275366
KITTI_OOD,decoder_late,-7.389661
KITTI_OOD,decoder_late,-7.983308
KITTI_OOD,decoder_late,-7.096117
KITTI_OOD,decoder_late,-7.7593946
KITTI_OOD,decoder_late,-8.172501
KITTI_OOD,decoder_late,-9.15019
KITTI_OOD,decoder_late,-8.727987
KITTI_OOD,decoder_late,-6.793163
KITTI_OOD,decoder_late,-5.906392
KITTI_OOD,decoder_late,-5.300779
KITTI_OOD,decoder_late,-5.5107827
KITTI_OOD,decoder_late,-6.6503067
KITTI_OOD,decoder_late,-5.3231506
KITTI_OOD,decoder_late,-5.6396985
KITTI_OOD,decoder_late,-6.0882025
KITTI_OOD,decoder_late,-6.728918
KITTI_OOD,decoder_late,-7.4039264
KITTI_OOD,decoder_late,-8.09364
KITTI_OOD,decoder_late,-10.573445
KITTI_OOD,decoder_late,-10.216518
KITTI_OOD,decoder_late,-10.717532
KITTI_OOD,decoder_late,-9.230207
KITTI_OOD,decoder_late,-9.123262
KITTI_OOD,decoder_late,-9.476159
KITTI_OOD,decoder_late,-9.488257
KITTI_OOD,decoder_late,-6.782152
KITTI_OOD,decoder_late,-9.118596
KITTI_OOD,decoder_late,-7.7607274
KITTI_OOD,decoder_late,-8.968578
KITTI_OOD,decoder_late,-9.695862
KITTI_OOD,decoder_late,-10.493439
KITTI_OOD,decoder_late,-10.744109
KITTI_OOD,decoder_late,-10.165515
KITTI_OOD,decoder_late,-10.406437
KITTI_OOD,decoder_late,-10.921251
KITTI_OOD,decoder_late,-10.201869
KITTI_OOD,decoder_late,-10.251307
KITTI_OOD,decoder_late,-9.232727
KITTI_OOD,decoder_late,-8.371987
KITTI_OOD,decoder_late,-4.1732183
KITTI_OOD,decoder_late,-8.654677
KITTI_OOD,decoder_late,-8.510581
KITTI_OOD,decoder_late,-8.836042
KITTI_OOD,decoder_late,-10.833635
KITTI_OOD,decoder_late,-9.04886
KITTI_OOD,decoder_late,-8.703472
KITTI_OOD,decoder_late,-10.494518
KITTI_OOD,decoder_late,-9.422495
KITTI_OOD,decoder_late,-9.398849
KITTI_OOD,decoder_late,-10.228469
KITTI_OOD,decoder_late,-8.897561
KITTI_OOD,decoder_late,-9.160245
KITTI_OOD,decoder_late,-9.360819
KITTI_OOD,decoder_late,-9.852197
KITTI_OOD,decoder_late,-9.3973675
KITTI_OOD,decoder_late,-7.8919544
KITTI_OOD,decoder_late,-8.295484
KITTI_OOD,decoder_late,-10.519266
KITTI_OOD,decoder_late,-3.7708616
KITTI_OOD,decoder_late,-10.961501
KITTI_OOD,decoder_late,-8.405885
KITTI_OOD,decoder_late,-7.8463664
KITTI_OOD,decoder_late,-8.701851
KITTI_OOD,decoder_late,-8.014166
KITTI_OOD,decoder_late,-7.836093
KITTI_OOD,decoder_late,-5.255301
KITTI_OOD,decoder_late,-7.2822504
KITTI_OOD,decoder_late,-11.146423
KITTI_OOD,decoder_late,-11.174862
KITTI_OOD,decoder_late,-11.611455
KITTI_OOD,decoder_late,-12.229139
KITTI_OOD,decoder_late,-8.666456
KITTI_OOD,decoder_late,-11.870143
KITTI_OOD,decoder_late,-11.069744
KITTI_OOD,decoder_late,-9.708376
KITTI_OOD,decoder_late,-5.358523
KITTI_OOD,decoder_late,-7.076209
KITTI_OOD,decoder_late,-10.004905
KITTI_OOD,decoder_late,-5.3896856
KITTI_OOD,decoder_late,-10.503152
KITTI_OOD,decoder_late,-10.905328
KITTI_OOD,decoder_late,-5.8693438
KITTI_OOD,decoder_late,-7.8464613
KITTI_OOD,decoder_late,-5.304371
KITTI_OOD,decoder_late,-4.7916975
KITTI_OOD,decoder_late,-9.433259
KITTI_OOD,decoder_late,-5.3960238
KITTI_OOD,decoder_late,-8.186097
KITTI_OOD,decoder_late,-9.877637
KITTI_OOD,decoder_late,-3.676856
KITTI_OOD,decoder_late,-4.9270983
KITTI_OOD,decoder_late,-3.7401302
KITTI_OOD,decoder_late,-9.729794
KITTI_OOD,decoder_late,-8.582694
KITTI_OOD,decoder_late,-10.914368
KITTI_OOD,decoder_late,-6.6507998
KITTI_OOD,decoder_late,-8.161691
KITTI_OOD,decoder_late,-7.9663467
KITTI_OOD,decoder_late,-10.459151
KITTI_OOD,decoder_late,-8.237196
KITTI_OOD,decoder_late,-8.958483
KITTI_OOD,decoder_late,-7.5319448
KITTI_OOD,decoder_late,-8.188188
KITTI_OOD,decoder_late,-9.258766
KITTI_OOD,decoder_late,-12.29057
KITTI_OOD,decoder_late,-11.895673
KITTI_OOD,decoder_late,-10.363315
KITTI_OOD,decoder_late,-5.4394426
KITTI_OOD,decoder_late,-5.3661847
KITTI_OOD,decoder_late,-4.7389474
KITTI_OOD,decoder_late,-8.706746
KITTI_OOD,decoder_late,-11.624942
KITTI_OOD,decoder_late,-10.515995
KITTI_OOD,decoder_late,-10.463176
KITTI_OOD,decoder_late,-10.774622
KITTI_OOD,decoder_late,-12.159382
KITTI_OOD,decoder_late,-11.255992
KITTI_OOD,decoder_late,-6.799678
KITTI_OOD,decoder_late,-8.4432125
KITTI_OOD,decoder_late,-9.966438
KITTI_OOD,decoder_late,-7.8367357
KITTI_OOD,decoder_late,-11.16712
KITTI_OOD,decoder_late,-11.1369915
KITTI_OOD,decoder_late,-5.9607267
KITTI_OOD,decoder_late,-8.310611
KITTI_OOD,decoder_late,-4.5170736
KITTI_OOD,decoder_late,-4.6103106
KITTI_OOD,decoder_late,-9.546838
KITTI_OOD,decoder_late,-10.053866
KITTI_OOD,decoder_late,-6.2933674
KITTI_OOD,decoder_late,-8.501597
KITTI_OOD,decoder_late,-6.8328133
KITTI_OOD,decoder_late,-5.8774724
KITTI_OOD,decoder_late,-6.047354
KITTI_OOD,decoder_late,-6.499721
KITTI_OOD,decoder_late,-4.720239
KITTI_OOD,decoder_late,-6.6353474
KITTI_OOD,decoder_late,-5.2229457
KITTI_OOD,decoder_late,-6.1481094
KITTI_OOD,decoder_late,-5.0425477
KITTI_OOD,decoder_late,-5.430591
KITTI_OOD,decoder_late,-5.7340937
KITTI_OOD,decoder_late,-5.9614706
KITTI_OOD,decoder_late,-5.279232
KITTI_OOD,decoder_late,-5.9803247
KITTI_OOD,decoder_late,-6.313062
KITTI_OOD,decoder_late,-5.5009685
KITTI_OOD,decoder_late,-6.3151045
KITTI_OOD,decoder_late,-8.881347
KITTI_OOD,decoder_late,-8.573285
KITTI_OOD,decoder_late,-10.365217
KITTI_OOD,decoder_late,-8.730449
KITTI_OOD,decoder_late,-10.677861
KITTI_OOD,decoder_late,-10.713346
KITTI_OOD,decoder_late,-9.798163
KITTI_OOD,decoder_late,-10.022515
KITTI_OOD,decoder_late,-9.89723
KITTI_OOD,decoder_late,-9.6639
KITTI_OOD,decoder_late,-10.026996
KITTI_OOD,decoder_late,-9.633807
KITTI_OOD,decoder_late,-10.080951
KITTI_OOD,decoder_late,-5.0343194
KITTI_OOD,decoder_late,-10.424542
KITTI_OOD,decoder_late,-11.093793
KITTI_OOD,decoder_late,-11.217444
KITTI_OOD,decoder_late,-10.668833
KITTI_OOD,decoder_late,-6.2998433
KITTI_OOD,decoder_late,-2.2451334
KITTI_OOD,decoder_late,-4.0472016
KITTI_OOD,decoder_late,-5.2355404
KITTI_OOD,decoder_late,-8.904555
KITTI_OOD,decoder_late,-8.649275
KITTI_OOD,decoder_late,-6.031952
KITTI_OOD,decoder_late,-7.454608
KITTI_OOD,decoder_late,-5.1532536
KITTI_OOD,decoder_late,-10.075944
KITTI_OOD,decoder_late,-8.9460535
KITTI_OOD,decoder_late,-6.81721
KITTI_OOD,decoder_late,-5.216945
KITTI_OOD,decoder_late,-3.008956
KITTI_OOD,decoder_late,-4.3187737
KITTI_OOD,decoder_late,-5.0206547
KITTI_OOD,decoder_late,-3.131453
KITTI_OOD,decoder_late,-3.6395316
KITTI_OOD,decoder_late,-2.793161
KITTI_OOD,decoder_late,-3.5978336
KITTI_OOD,decoder_late,-3.2939744
KITTI_OOD,decoder_late,-3.9813383
KITTI_OOD,decoder_late,-3.3907895
KITTI_OOD,decoder_late,-3.7711356
KITTI_OOD,decoder_late,-3.130301
KITTI_OOD,decoder_late,-3.9308329
KITTI_OOD,decoder_late,-3.4348154
KITTI_OOD,decoder_late,-3.846188
KITTI_OOD,decoder_late,-3.3906577
KITTI_OOD,decoder_late,-9.871809
KITTI_OOD,decoder_late,-10.551764
KITTI_OOD,decoder_late,-7.4460974
KITTI_OOD,decoder_late,-4.537079
KITTI_OOD,decoder_late,-4.548642
KITTI_OOD,decoder_late,-6.1826744
KITTI_OOD,decoder_late,-3.0552733
KITTI_OOD,decoder_late,-4.71846
KITTI_OOD,decoder_late,-5.930842
KITTI_OOD,decoder_late,-2.6907616
KITTI_OOD,decoder_late,-2.4807596
KITTI_OOD,decoder_late,-3.5458004
KITTI_OOD,decoder_late,-3.071898
KITTI_OOD,decoder_late,-4.215961
KITTI_OOD,decoder_late,-3.6838279
KITTI_OOD,decoder_late,-4.1980343
KITTI_OOD,decoder_late,-4.397627
KITTI_OOD,decoder_late,-2.9575357
KITTI_OOD,decoder_late,-3.514916
KITTI_OOD,decoder_late,-3.1692772
KITTI_OOD,decoder_late,-3.3879638
KITTI_OOD,decoder_late,-2.5504775
KITTI_OOD,decoder_late,-2.758469
KITTI_OOD,decoder_late,-3.2346783
KITTI_OOD,decoder_late,-2.2438662
KITTI_OOD,decoder_late,-1.8434544
KITTI_OOD,decoder_late,-10.05147
KITTI_OOD,decoder_late,-7.306333
KITTI_OOD,decoder_late,-3.6108422
KITTI_OOD,decoder_late,-5.5523105
KITTI_OOD,decoder_late,-4.7905974
KITTI_OOD,decoder_late,-3.2913854
KITTI_OOD,decoder_late,-2.1199515
KITTI_OOD,decoder_late,-2.4444242
KITTI_OOD,decoder_late,-3.2396529
KITTI_OOD,decoder_late,-2.9701986
KITTI_OOD,decoder_late,-2.9705892
KITTI_OOD,decoder_late,-2.9416137
KITTI_OOD,decoder_late,-2.4088278
KITTI_OOD,decoder_late,-3.5447278
KITTI_OOD,decoder_late,-1.8642064
KITTI_OOD,decoder_late,-1.973145
KITTI_OOD,decoder_late,-2.5065322
KITTI_OOD,decoder_late,-2.7646995
KITTI_OOD,decoder_late,-2.472854
KITTI_OOD,decoder_late,-4.3730254
KITTI_OOD,decoder_late,-2.5571222
KITTI_OOD,decoder_late,-4.3889008
KITTI_OOD,decoder_late,-2.5230594
KITTI_OOD,decoder_late,-2.5635026
KITTI_OOD,decoder_late,-4.261438
KITTI_OOD,decoder_late,-3.5178726
KITTI_OOD,decoder_late,-2.810512
KITTI_OOD,decoder_late,-2.5127246
KITTI_OOD,decoder_late,-2.3054721
KITTI_OOD,decoder_late,-4.9006624
KITTI_OOD,decoder_late,-3.3341863
KITTI_OOD,decoder_late,-3.7536702
KITTI_OOD,decoder_late,-4.654958
KITTI_OOD,decoder_late,-6.8913274
KITTI_OOD,decoder_late,-6.623528
KITTI_OOD,decoder_late,-2.1848783
KITTI_OOD,decoder_late,-5.522443
KITTI_OOD,decoder_late,-9.037447
KITTI_OOD,decoder_late,-9.200592
KITTI_OOD,decoder_late,-7.6409698
KITTI_OOD,decoder_late,-7.1484246
KITTI_OOD,decoder_late,-6.5349684
KITTI_OOD,decoder_late,-8.157055
KITTI_OOD,decoder_late,-9.596856
KITTI_OOD,decoder_late,-8.30094
KITTI_OOD,decoder_late,-6.1361036
KITTI_OOD,decoder_late,-7.0368085
KITTI_OOD,decoder_late,-9.531135
KITTI_OOD,decoder_late,-9.253182
KITTI_OOD,decoder_late,-5.834917
KITTI_OOD,decoder_late,-3.937139
KITTI_OOD,decoder_late,-2.2836514
KITTI_OOD,decoder_late,-3.1045632
KITTI_OOD,decoder_late,-3.2697659
KITTI_OOD,decoder_late,-2.1838305
KITTI_OOD,decoder_late,-3.3045716
KITTI_OOD,decoder_late,-1.8032169
KITTI_OOD,decoder_late,-2.6901448
KITTI_OOD,decoder_late,-1.5774786
KITTI_OOD,decoder_late,-2.5953135
KITTI_OOD,decoder_late,-1.7296818
KITTI_OOD,decoder_late,-2.2606318
KITTI_OOD,decoder_late,-1.917864
KITTI_OOD,decoder_late,-2.0217235
KITTI_OOD,decoder_late,-1.0222337
KITTI_OOD,decoder_late,-2.111805
KITTI_OOD,decoder_late,-1.4022484
KITTI_OOD,decoder_late,-2.6415882
KITTI_OOD,decoder_late,-2.1514027
KITTI_OOD,decoder_late,-3.7254305
KITTI_OOD,decoder_late,-2.6910067
KITTI_OOD,decoder_late,-2.1865256
KITTI_OOD,decoder_late,-1.3171365
KITTI_OOD,decoder_late,-1.4600114
KITTI_OOD,decoder_late,-1.5129327
KITTI_OOD,decoder_late,-1.8175437
KITTI_OOD,decoder_late,-1.4600761
KITTI_OOD,decoder_late,-2.2129703
KITTI_OOD,decoder_late,-1.5841987
KITTI_OOD,decoder_late,-1.6096103
KITTI_OOD,decoder_late,-1.3451922
KITTI_OOD,decoder_late,-2.2006578
KITTI_OOD,decoder_late,-2.9184315
KITTI_OOD,decoder_late,-5.566678
KITTI_OOD,decoder_late,-4.030117
KITTI_OOD,decoder_late,-6.863883
KITTI_OOD,decoder_late,-5.7607565
KITTI_OOD,decoder_late,-8.226338
KITTI_OOD,decoder_late,-7.6584597
KITTI_OOD,decoder_late,-7.816925
KITTI_OOD,decoder_late,-6.046106
KITTI_OOD,decoder_late,-5.740858
KITTI_OOD,decoder_late,-3.2025359
KITTI_OOD,decoder_late,-6.597738
KITTI_OOD,decoder_late,-5.6611695
KITTI_OOD,decoder_late,-8.209072
KITTI_OOD,decoder_late,-3.8817053
KITTI_OOD,decoder_late,-4.073169
KITTI_OOD,decoder_late,-4.4303994
KITTI_OOD,decoder_late,-5.194941
KITTI_OOD,decoder_late,-3.886087
KITTI_OOD,decoder_late,-4.2534866
KITTI_OOD,decoder_late,-2.9421647
KITTI_OOD,decoder_late,-3.2045152
KITTI_OOD,decoder_late,-2.0155234
KITTI_OOD,decoder_late,-2.0373852
KITTI_OOD,decoder_late,-2.1845345
KITTI_OOD,decoder_late,-1.5181936
KITTI_OOD,decoder_late,-1.1176634
KITTI_OOD,decoder_late,-2.345239
KITTI_OOD,decoder_late,-2.424621
KITTI_OOD,decoder_late,-2.139796
KITTI_OOD,decoder_late,-1.200449
KITTI_OOD,decoder_late,-1.5860857
KITTI_OOD,decoder_late,-1.1233587
KITTI_OOD,decoder_late,-1.6790402
KITTI_OOD,decoder_late,-1.4921393
KITTI_OOD,decoder_late,-1.0697039
KITTI_OOD,decoder_late,-1.175097
KITTI_OOD,decoder_late,-1.2865036
KITTI_OOD,decoder_late,-1.3080902
KITTI_OOD,decoder_late,-0.3159982
KITTI_OOD,decoder_late,-1.1190168
KITTI_OOD,decoder_late,-2.2291055
KITTI_OOD,decoder_late,-3.0991015
KITTI_OOD,decoder_late,-2.7612975
KITTI_OOD,decoder_late,-4.9469695
KITTI_OOD,decoder_late,-2.041433
KITTI_OOD,decoder_late,-1.5355018
KITTI_OOD,decoder_late,-1.8130792
KITTI_OOD,decoder_late,-0.9710264
KITTI_OOD,decoder_late,-1.6754504
KITTI_OOD,decoder_late,-0.8439099
KITTI_OOD,decoder_late,-1.10185
KITTI_OOD,decoder_late,-1.4017594
KITTI_OOD,decoder_late,-1.9907575
KITTI_OOD,decoder_late,-1.1771606
KITTI_OOD,decoder_late,-2.8572464
KITTI_OOD,decoder_late,-2.109325
KITTI_OOD,decoder_late,-2.5512128
KITTI_OOD,decoder_late,-2.8255563
KITTI_OOD,decoder_late,-1.3029523
KITTI_OOD,decoder_late,-1.2462585
KITTI_OOD,decoder_late,-2.4086766
KITTI_OOD,decoder_late,-1.7530503
KITTI_OOD,decoder_late,-1.9306219
KITTI_OOD,decoder_late,-1.313966
KITTI_OOD,decoder_late,-1.1108938
KITTI_OOD,decoder_late,-1.6997788
KITTI_OOD,decoder_late,-1.9608228
KITTI_OOD,decoder_late,-1.4395976
KITTI_OOD,decoder_late,-0.5819955
KITTI_OOD,decoder_late,-1.293042
KITTI_OOD,decoder_late,-0.13511705
KITTI_OOD,decoder_late,-1.5996375
KITTI_OOD,decoder_late,-1.4313143
KITTI_OOD,decoder_late,-1.3963113
KITTI_OOD,decoder_late,-1.5969057
KITTI_OOD,decoder_late,-1.3447673
KITTI_OOD,decoder_late,-1.3696402
KITTI_OOD,decoder_late,-1.884928
KITTI_OOD,decoder_late,-1.9304125
KITTI_OOD,decoder_late,-1.5025301
KITTI_OOD,decoder_late,-1.5918218
KITTI_OOD,decoder_late,-1.5599897
KITTI_OOD,decoder_late,-0.826993
KITTI_OOD,decoder_late,-0.79541874
KITTI_OOD,decoder_late,-1.4900818
KITTI_OOD,decoder_late,-1.2218522
KITTI_OOD,decoder_late,-3.0028982
KITTI_OOD,decoder_late,-1.5544806
KITTI_OOD,decoder_late,-2.5783353
KITTI_OOD,decoder_late,-1.5432547
KITTI_OOD,decoder_late,-1.7724228
KITTI_OOD,decoder_late,-0.65537006
KITTI_OOD,decoder_late,-0.2453289
KITTI_OOD,decoder_late,-1.1008856
KITTI_OOD,decoder_late,-1.1611018
KITTI_OOD,decoder_late,-1.4589427
KITTI_OOD,decoder_late,-1.4958429
KITTI_OOD,decoder_late,-1.1446148
KITTI_OOD,decoder_late,-0.31001228
KITTI_OOD,decoder_late,-0.6002059
KITTI_OOD,decoder_late,-1.054268
KITTI_OOD,decoder_late,-1.0113887
KITTI_OOD,decoder_late,-1.5994883
KITTI_OOD,decoder_late,-1.1142619
KITTI_OOD,decoder_late,-1.1187788
KITTI_OOD,decoder_late,-0.80725014
KITTI_OOD,decoder_late,-0.8156296
KITTI_OOD,decoder_late,-1.4397886
KITTI_OOD,decoder_late,-1.1921755
KITTI_OOD,decoder_late,-1.7728219
KITTI_OOD,decoder_late,-1.4924088
KITTI_OOD,decoder_late,-0.7922684
KITTI_OOD,decoder_late,-2.138943
KITTI_OOD,decoder_late,-1.0191951
KITTI_OOD,decoder_late,-1.1470832
KITTI_OOD,decoder_late,-1.1405725
KITTI_OOD,decoder_late,-1.6860125
KITTI_OOD,decoder_late,-1.2411377
KITTI_OOD,decoder_late,-1.3353634
KITTI_OOD,decoder_late,-1.2687395
KITTI_OOD,decoder_late,-1.7888346
KITTI_OOD,decoder_late,-1.6797864
KITTI_OOD,decoder_late,-2.405085
KITTI_OOD,decoder_late,-3.8162131
KITTI_OOD,decoder_late,-5.7376904
KITTI_OOD,decoder_late,-9.1887245
KITTI_OOD,decoder_late,-2.5326004
KITTI_OOD,decoder_late,-3.0436597
KITTI_OOD,decoder_late,-4.745842
KITTI_OOD,decoder_late,-5.65184
KITTI_OOD,decoder_late,-12.010063
KITTI_OOD,decoder_late,-10.009179
KITTI_OOD,decoder_late,-2.2778935
KITTI_OOD,decoder_late,-4.162364
KITTI_OOD,decoder_late,-5.2715282
KITTI_OOD,decoder_late,-1.7023592
KITTI_OOD,decoder_late,-1.7907264
KITTI_OOD,decoder_late,-1.3097284
KITTI_OOD,decoder_late,-2.4445148
KITTI_OOD,decoder_late,-1.5982785
KITTI_OOD,decoder_late,-1.3904204
KITTI_OOD,decoder_late,-1.6082087
KITTI_OOD,decoder_late,-1.1728874
KITTI_OOD,decoder_late,-1.6790946
KITTI_OOD,decoder_late,-1.2119972
KITTI_OOD,decoder_late,-1.130828
KITTI_OOD,decoder_late,-1.8388077
KITTI_OOD,decoder_late,-3.1281252
KITTI_OOD,decoder_late,-2.6275363
KITTI_OOD,decoder_late,-2.0441942
KITTI_OOD,decoder_late,-2.5931296
KITTI_OOD,decoder_late,-1.6483467
KITTI_OOD,decoder_late,-1.4524962
KITTI_OOD,decoder_late,-0.74796945
KITTI_OOD,decoder_late,-0.75768
KITTI_OOD,decoder_late,-0.43352067
KITTI_OOD,decoder_late,-0.55166656
KITTI_OOD,decoder_late,-0.8486387
KITTI_OOD,decoder_late,-1.2514609
KITTI_OOD,decoder_late,-1.3825102
KITTI_OOD,decoder_late,-1.32431
KITTI_OOD,decoder_late,-0.66342837
KITTI_OOD,decoder_late,-2.1706436
KITTI_OOD,decoder_late,-2.1098413
KITTI_OOD,decoder_late,-2.299992
KITTI_OOD,decoder_late,-1.2852054
KITTI_OOD,decoder_late,-1.0494657
KITTI_OOD,decoder_late,-1.2217984
KITTI_OOD,decoder_late,-0.97083765
KITTI_OOD,decoder_late,-1.6697679
KITTI_OOD,decoder_late,-1.9465196
KITTI_OOD,decoder_late,-0.99135363
KITTI_OOD,decoder_late,-1.4444964
KITTI_OOD,decoder_late,-0.46058464
KITTI_OOD,decoder_late,-1.939811
KITTI_OOD,decoder_late,-0.52730745
KITTI_OOD,decoder_late,-1.9771998
KITTI_OOD,decoder_late,-0.65555716
KITTI_OOD,decoder_late,-1.4640498
KITTI_OOD,decoder_late,-0.6435025
KITTI_OOD,decoder_late,-1.4983041
KITTI_OOD,decoder_late,-0.78687
KITTI_OOD,decoder_late,-1.1915693
KITTI_OOD,decoder_late,-0.64407456
KITTI_OOD,decoder_late,-1.8443855
KITTI_OOD,decoder_late,-0.24900931
KITTI_OOD,decoder_late,-1.1336149
KITTI_OOD,decoder_late,-0.9466459
KITTI_OOD,decoder_late,-0.90426606
KITTI_OOD,decoder_late,-0.58700913
KITTI_OOD,decoder_late,-0.8735835
KITTI_OOD,decoder_late,-0.67762095
KITTI_OOD,decoder_late,-2.0380368
KITTI_OOD,decoder_late,-1.5914624
KITTI_OOD,decoder_late,-2.8898268
KITTI_OOD,decoder_late,-1.8793099
KITTI_OOD,decoder_late,-2.525038
KITTI_OOD,decoder_late,-2.6936755
KITTI_OOD,decoder_late,-5.1368523
KITTI_OOD,decoder_late,-2.9941065
KITTI_OOD,decoder_late,-3.483272
KITTI_OOD,decoder_late,-2.2935793
KITTI_OOD,decoder_late,-1.8888835
KITTI_OOD,decoder_late,-2.4684632
KITTI_OOD,decoder_late,-2.109188
KITTI_OOD,decoder_late,-1.9721842
KITTI_OOD,decoder_late,-2.395557
KITTI_OOD,decoder_late,-1.8735449
KITTI_OOD,decoder_late,-2.3095493
KITTI_OOD,decoder_late,-2.8347492
KITTI_OOD,decoder_late,-3.1869733
KITTI_OOD,decoder_late,-2.8628397
KITTI_OOD,decoder_late,-2.7294955
KITTI_OOD,decoder_late,-2.1960878
KITTI_OOD,decoder_late,-2.7747526
KITTI_OOD,decoder_late,-2.184852
KITTI_OOD,decoder_late,-2.6558998
KITTI_OOD,decoder_late,-1.6002364
KITTI_OOD,decoder_late,-1.6953247
KITTI_OOD,decoder_late,-0.6612517
KITTI_OOD,decoder_late,-1.2628728
KITTI_OOD,decoder_late,-0.64246464
