domain,layer,score
NYU_test_ID,encoder_early,17.633034
NYU_test_ID,encoder_early,17.931808
NYU_test_ID,encoder_early,17.994778
NYU_test_ID,encoder_early,17.55648
NYU_test_ID,encoder_early,17.511456
NYU_test_ID,encoder_early,18.009975
NYU_test_ID,encoder_early,17.592686
NYU_test_ID,encoder_early,17.488514
NYU_test_ID,encoder_early,18.880785
NYU_test_ID,encoder_early,17.394062
NYU_test_ID,encoder_early,17.990868
NYU_test_ID,encoder_early,17.931896
NYU_test_ID,encoder_early,17.300354
NYU_test_ID,encoder_early,17.71798
NYU_test_ID,encoder_early,16.779371
NYU_test_ID,encoder_early,18.440113
NYU_test_ID,encoder_early,19.118877
NYU_test_ID,encoder_early,17.393814
NYU_test_ID,encoder_early,17.473372
NYU_test_ID,encoder_early,18.024696
NYU_test_ID,encoder_early,19.189522
NYU_test_ID,encoder_early,18.942425
NYU_test_ID,encoder_early,18.709652
NYU_test_ID,encoder_early,17.92235
NYU_test_ID,encoder_early,18.083542
NYU_test_ID,encoder_early,17.38226
NYU_test_ID,encoder_early,18.95633
NYU_test_ID,encoder_early,17.341
NYU_test_ID,encoder_early,16.56366
NYU_test_ID,encoder_early,17.424973
NYU_test_ID,encoder_early,18.19149
NYU_test_ID,encoder_early,17.487923
NYU_test_ID,encoder_early,17.282253
NYU_test_ID,encoder_early,17.38372
NYU_test_ID,encoder_early,18.418852
NYU_test_ID,encoder_early,16.860462
NYU_test_ID,encoder_early,18.73711
NYU_test_ID,encoder_early,17.614124
NYU_test_ID,encoder_early,19.2394
NYU_test_ID,encoder_early,18.580975
NYU_test_ID,encoder_early,19.535122
NYU_test_ID,encoder_early,19.450346
NYU_test_ID,encoder_early,18.412783
NYU_test_ID,encoder_early,19.312454
NYU_test_ID,encoder_early,18.783321
NYU_test_ID,encoder_early,17.81369
NYU_test_ID,encoder_early,18.473598
NYU_test_ID,encoder_early,19.0058
NYU_test_ID,encoder_early,18.773178
NYU_test_ID,encoder_early,18.120993
NYU_test_ID,encoder_early,18.836569
NYU_test_ID,encoder_early,19.032854
NYU_test_ID,encoder_early,18.833574
NYU_test_ID,encoder_early,17.38774
NYU_test_ID,encoder_early,18.041553
NYU_test_ID,encoder_early,15.930712
NYU_test_ID,encoder_early,15.771403
NYU_test_ID,encoder_early,18.162384
NYU_test_ID,encoder_early,19.447771
NYU_test_ID,encoder_early,17.079681
NYU_test_ID,encoder_early,17.318401
NYU_test_ID,encoder_early,19.756107
NYU_test_ID,encoder_early,17.441833
NYU_test_ID,encoder_early,18.86359
NYU_test_ID,encoder_early,16.950531
NYU_test_ID,encoder_early,19.16852
NYU_test_ID,encoder_early,19.85239
NYU_test_ID,encoder_early,19.692749
NYU_test_ID,encoder_early,19.253834
NYU_test_ID,encoder_early,19.380909
NYU_test_ID,encoder_early,16.835838
NYU_test_ID,encoder_early,16.804329
NYU_test_ID,encoder_early,18.058292
NYU_test_ID,encoder_early,16.142563
NYU_test_ID,encoder_early,17.24831
NYU_test_ID,encoder_early,18.317493
NYU_test_ID,encoder_early,19.130424
NYU_test_ID,encoder_early,18.377789
NYU_test_ID,encoder_early,18.628855
NYU_test_ID,encoder_early,18.423038
NYU_test_ID,encoder_early,17.147512
NYU_test_ID,encoder_early,16.973595
NYU_test_ID,encoder_early,19.342417
NYU_test_ID,encoder_early,19.200401
NYU_test_ID,encoder_early,19.088505
NYU_test_ID,encoder_early,18.835619
NYU_test_ID,encoder_early,17.616447
NYU_test_ID,encoder_early,18.704006
NYU_test_ID,encoder_early,16.149376
NYU_test_ID,encoder_early,17.983452
NYU_test_ID,encoder_early,18.480652
NYU_test_ID,encoder_early,19.875744
NYU_test_ID,encoder_early,19.558634
NYU_test_ID,encoder_early,18.678165
NYU_test_ID,encoder_early,14.018919
NYU_test_ID,encoder_early,17.830639
NYU_test_ID,encoder_early,16.967922
NYU_test_ID,encoder_early,17.856478
NYU_test_ID,encoder_early,17.413488
NYU_test_ID,encoder_early,17.672935
NYU_test_ID,encoder_early,18.7817
NYU_test_ID,encoder_early,16.092293
NYU_test_ID,encoder_early,18.443453
NYU_test_ID,encoder_early,19.176876
NYU_test_ID,encoder_early,18.126192
NYU_test_ID,encoder_early,17.799183
NYU_test_ID,encoder_early,18.58688
NYU_test_ID,encoder_early,19.318584
NYU_test_ID,encoder_early,17.480381
NYU_test_ID,encoder_early,18.122192
NYU_test_ID,encoder_early,18.80318
NYU_test_ID,encoder_early,18.498932
NYU_test_ID,encoder_early,16.828876
NYU_test_ID,encoder_early,17.978098
NYU_test_ID,encoder_early,17.617088
NYU_test_ID,encoder_early,17.809198
NYU_test_ID,encoder_early,18.55962
NYU_test_ID,encoder_early,17.472286
NYU_test_ID,encoder_early,17.237453
NYU_test_ID,encoder_early,17.259478
NYU_test_ID,encoder_early,17.407272
NYU_test_ID,encoder_early,17.57169
NYU_test_ID,encoder_early,18.01162
NYU_test_ID,encoder_early,17.43518
NYU_test_ID,encoder_early,18.403225
NYU_test_ID,encoder_early,16.601044
NYU_test_ID,encoder_early,16.472935
NYU_test_ID,encoder_early,16.109531
NYU_test_ID,encoder_early,19.68919
NYU_test_ID,encoder_early,19.578625
NYU_test_ID,encoder_early,18.522602
NYU_test_ID,encoder_early,18.289448
NYU_test_ID,encoder_early,18.391651
NYU_test_ID,encoder_early,18.299686
NYU_test_ID,encoder_early,18.650345
NYU_test_ID,encoder_early,17.948906
NYU_test_ID,encoder_early,18.35051
NYU_test_ID,encoder_early,17.410624
NYU_test_ID,encoder_early,16.991848
NYU_test_ID,encoder_early,18.368639
NYU_test_ID,encoder_early,17.198406
NYU_test_ID,encoder_early,17.162594
NYU_test_ID,encoder_early,19.233772
NYU_test_ID,encoder_early,18.602467
NYU_test_ID,encoder_early,18.079597
NYU_test_ID,encoder_early,17.891506
NYU_test_ID,encoder_early,17.549812
NYU_test_ID,encoder_early,17.399834
NYU_test_ID,encoder_early,18.15318
NYU_test_ID,encoder_early,18.510822
NYU_test_ID,encoder_early,18.592892
NYU_test_ID,encoder_early,18.055954
NYU_test_ID,encoder_early,17.717045
NYU_test_ID,encoder_early,17.484192
NYU_test_ID,encoder_early,20.469252
NYU_test_ID,encoder_early,20.118343
NYU_test_ID,encoder_early,19.329784
NYU_test_ID,encoder_early,19.320862
NYU_test_ID,encoder_early,18.891628
NYU_test_ID,encoder_early,18.250443
NYU_test_ID,encoder_early,18.363146
NYU_test_ID,encoder_early,18.459347
NYU_test_ID,encoder_early,17.206436
NYU_test_ID,encoder_early,15.518208
NYU_test_ID,encoder_early,18.09312
NYU_test_ID,encoder_early,17.415998
NYU_test_ID,encoder_early,19.030245
NYU_test_ID,encoder_early,19.404392
NYU_test_ID,encoder_early,16.915112
NYU_test_ID,encoder_early,18.20736
NYU_test_ID,encoder_early,19.863758
NYU_test_ID,encoder_early,18.140747
NYU_test_ID,encoder_early,17.368248
NYU_test_ID,encoder_early,19.37101
NYU_test_ID,encoder_early,19.047232
NYU_test_ID,encoder_early,17.645363
NYU_test_ID,encoder_early,18.164442
NYU_test_ID,encoder_early,18.52671
NYU_test_ID,encoder_early,17.16235
NYU_test_ID,encoder_early,18.094574
NYU_test_ID,encoder_early,19.125217
NYU_test_ID,encoder_early,18.469303
NYU_test_ID,encoder_early,18.726986
NYU_test_ID,encoder_early,19.457146
NYU_test_ID,encoder_early,18.303684
NYU_test_ID,encoder_early,19.111256
NYU_test_ID,encoder_early,18.806133
NYU_test_ID,encoder_early,19.420925
NYU_test_ID,encoder_early,18.343483
NYU_test_ID,encoder_early,18.867691
NYU_test_ID,encoder_early,19.803526
NYU_test_ID,encoder_early,19.148764
NYU_test_ID,encoder_early,19.868263
NYU_test_ID,encoder_early,18.779493
NYU_test_ID,encoder_early,18.612404
NYU_test_ID,encoder_early,18.188347
NYU_test_ID,encoder_early,18.616703
NYU_test_ID,encoder_early,18.531103
NYU_test_ID,encoder_early,16.86686
NYU_test_ID,encoder_early,18.23919
NYU_test_ID,encoder_early,18.634628
NYU_test_ID,encoder_early,18.668026
NYU_test_ID,encoder_early,19.775246
NYU_test_ID,encoder_early,19.211252
NYU_test_ID,encoder_early,17.573647
NYU_test_ID,encoder_early,18.09293
NYU_test_ID,encoder_early,17.760372
NYU_test_ID,encoder_early,16.929592
NYU_test_ID,encoder_early,16.741756
NYU_test_ID,encoder_early,18.359362
NYU_test_ID,encoder_early,16.332397
NYU_test_ID,encoder_early,19.305006
NYU_test_ID,encoder_early,17.72565
NYU_test_ID,encoder_early,19.2588
NYU_test_ID,encoder_early,18.560152
NYU_test_ID,encoder_early,17.946278
NYU_test_ID,encoder_early,18.360237
NYU_test_ID,encoder_early,19.096413
NYU_test_ID,encoder_early,18.718674
NYU_test_ID,encoder_early,19.108585
NYU_test_ID,encoder_early,19.93214
NYU_test_ID,encoder_early,19.386553
NYU_test_ID,encoder_early,19.04003
NYU_test_ID,encoder_early,17.967064
NYU_test_ID,encoder_early,17.870384
NYU_test_ID,encoder_early,17.70404
NYU_test_ID,encoder_early,19.015583
NYU_test_ID,encoder_early,19.348938
NYU_test_ID,encoder_early,19.265484
NYU_test_ID,encoder_early,18.599243
NYU_test_ID,encoder_early,17.76263
NYU_test_ID,encoder_early,18.776474
NYU_test_ID,encoder_early,18.468502
NYU_test_ID,encoder_early,18.684134
NYU_test_ID,encoder_early,17.957132
NYU_test_ID,encoder_early,17.639149
NYU_test_ID,encoder_early,18.47506
NYU_test_ID,encoder_early,18.342361
NYU_test_ID,encoder_early,17.98331
NYU_test_ID,encoder_early,18.846012
NYU_test_ID,encoder_early,18.497288
NYU_test_ID,encoder_early,19.042759
NYU_test_ID,encoder_early,15.469622
NYU_test_ID,encoder_early,18.827934
NYU_test_ID,encoder_early,19.368813
NYU_test_ID,encoder_early,19.824528
NYU_test_ID,encoder_early,17.878338
NYU_test_ID,encoder_early,18.278309
NYU_test_ID,encoder_early,18.338364
NYU_test_ID,encoder_early,18.155432
NYU_test_ID,encoder_early,17.21135
NYU_test_ID,encoder_early,16.564482
NYU_test_ID,encoder_early,16.393051
NYU_test_ID,encoder_early,19.05746
NYU_test_ID,encoder_early,18.126036
NYU_test_ID,encoder_early,17.532722
NYU_test_ID,encoder_early,18.149513
NYU_test_ID,encoder_early,19.102146
NYU_test_ID,encoder_early,15.723496
NYU_test_ID,encoder_early,15.481025
NYU_test_ID,encoder_early,15.964807
NYU_test_ID,encoder_early,18.73872
NYU_test_ID,encoder_early,18.454044
NYU_test_ID,encoder_early,18.394451
NYU_test_ID,encoder_early,18.121307
NYU_test_ID,encoder_early,18.777859
NYU_test_ID,encoder_early,18.734592
NYU_test_ID,encoder_early,18.039536
NYU_test_ID,encoder_early,18.749878
NYU_test_ID,encoder_early,18.840736
NYU_test_ID,encoder_early,17.572556
NYU_test_ID,encoder_early,17.376106
NYU_test_ID,encoder_early,17.311043
NYU_test_ID,encoder_early,18.293617
NYU_test_ID,encoder_early,17.491547
NYU_test_ID,encoder_early,18.44878
NYU_test_ID,encoder_early,18.05122
NYU_test_ID,encoder_early,17.151527
NYU_test_ID,encoder_early,17.742237
NYU_test_ID,encoder_early,19.902626
NYU_test_ID,encoder_early,17.669193
NYU_test_ID,encoder_early,19.486355
NYU_test_ID,encoder_early,18.763165
NYU_test_ID,encoder_early,18.266014
NYU_test_ID,encoder_early,19.040745
NYU_test_ID,encoder_early,19.321718
NYU_test_ID,encoder_early,18.19215
NYU_test_ID,encoder_early,17.675907
NYU_test_ID,encoder_early,16.3237
NYU_test_ID,encoder_early,17.495094
NYU_test_ID,encoder_early,19.014706
NYU_test_ID,encoder_early,17.929733
NYU_test_ID,encoder_early,18.34368
NYU_test_ID,encoder_early,18.442438
NYU_test_ID,encoder_early,18.532768
NYU_test_ID,encoder_early,19.254766
NYU_test_ID,encoder_early,18.3637
NYU_test_ID,encoder_early,19.158567
NYU_test_ID,encoder_early,17.403095
NYU_test_ID,encoder_early,17.685276
NYU_test_ID,encoder_early,17.991581
NYU_test_ID,encoder_early,18.008669
NYU_test_ID,encoder_early,17.066135
NYU_test_ID,encoder_early,17.393677
NYU_test_ID,encoder_early,17.289665
NYU_test_ID,encoder_early,16.421669
NYU_test_ID,encoder_early,16.94027
NYU_test_ID,encoder_early,16.941761
NYU_test_ID,encoder_early,17.621735
NYU_test_ID,encoder_early,17.023193
NYU_test_ID,encoder_early,17.024979
NYU_test_ID,encoder_early,18.283665
NYU_test_ID,encoder_early,17.48212
NYU_test_ID,encoder_early,16.574883
NYU_test_ID,encoder_early,18.675198
NYU_test_ID,encoder_early,17.693947
NYU_test_ID,encoder_early,17.7677
NYU_test_ID,encoder_early,19.27266
NYU_test_ID,encoder_early,17.334728
NYU_test_ID,encoder_early,17.582829
NYU_test_ID,encoder_early,19.550838
NYU_test_ID,encoder_early,18.969276
NYU_test_ID,encoder_early,19.62641
NYU_test_ID,encoder_early,18.71983
NYU_test_ID,encoder_early,17.967873
NYU_test_ID,encoder_early,18.176119
NYU_test_ID,encoder_early,19.67211
NYU_test_ID,encoder_early,18.396744
NYU_test_ID,encoder_early,19.35119
NYU_test_ID,encoder_early,18.576546
NYU_test_ID,encoder_early,18.963982
NYU_test_ID,encoder_early,18.677477
NYU_test_ID,encoder_early,19.014927
NYU_test_ID,encoder_early,19.064201
NYU_test_ID,encoder_early,18.689388
NYU_test_ID,encoder_early,18.698017
NYU_test_ID,encoder_early,19.106014
NYU_test_ID,encoder_early,17.37482
NYU_test_ID,encoder_early,18.13132
NYU_test_ID,encoder_early,18.05037
NYU_test_ID,encoder_early,16.510437
NYU_test_ID,encoder_early,16.864334
NYU_test_ID,encoder_early,18.72986
NYU_test_ID,encoder_early,17.510586
NYU_test_ID,encoder_early,18.561779
NYU_test_ID,encoder_early,19.062248
NYU_test_ID,encoder_early,18.299679
NYU_test_ID,encoder_early,16.45093
NYU_test_ID,encoder_early,16.861431
NYU_test_ID,encoder_early,17.417702
NYU_test_ID,encoder_early,18.177395
NYU_test_ID,encoder_early,17.933254
NYU_test_ID,encoder_early,18.318504
NYU_test_ID,encoder_early,18.323578
NYU_test_ID,encoder_early,18.278114
NYU_test_ID,encoder_early,18.657986
NYU_test_ID,encoder_early,19.164997
NYU_test_ID,encoder_early,18.685638
NYU_test_ID,encoder_early,19.560427
NYU_test_ID,encoder_early,19.552572
NYU_test_ID,encoder_early,18.358557
NYU_test_ID,encoder_early,19.755663
NYU_test_ID,encoder_early,19.294525
NYU_test_ID,encoder_early,18.5621
NYU_test_ID,encoder_early,19.347307
NYU_test_ID,encoder_early,17.985357
NYU_test_ID,encoder_early,19.122875
NYU_test_ID,encoder_early,19.413206
NYU_test_ID,encoder_early,18.665474
NYU_test_ID,encoder_early,18.32886
NYU_test_ID,encoder_early,18.265833
NYU_test_ID,encoder_early,18.272224
NYU_test_ID,encoder_early,20.0008
NYU_test_ID,encoder_early,17.541485
NYU_test_ID,encoder_early,18.14195
NYU_test_ID,encoder_early,15.210343
NYU_test_ID,encoder_early,17.753992
NYU_test_ID,encoder_early,18.307398
NYU_test_ID,encoder_early,18.640379
NYU_test_ID,encoder_early,18.627676
NYU_test_ID,encoder_early,16.565273
NYU_test_ID,encoder_early,18.881338
NYU_test_ID,encoder_early,17.139805
NYU_test_ID,encoder_early,17.422794
NYU_test_ID,encoder_early,19.159906
NYU_test_ID,encoder_early,18.232483
NYU_test_ID,encoder_early,18.179657
NYU_test_ID,encoder_early,18.445375
NYU_test_ID,encoder_early,17.065674
NYU_test_ID,encoder_early,18.852875
NYU_test_ID,encoder_early,17.982117
NYU_test_ID,encoder_early,18.246983
NYU_test_ID,encoder_early,19.16372
NYU_test_ID,encoder_early,18.503326
NYU_test_ID,encoder_early,17.79911
NYU_test_ID,encoder_early,18.94691
NYU_test_ID,encoder_early,19.11874
NYU_test_ID,encoder_early,17.449398
NYU_test_ID,encoder_early,16.746414
NYU_test_ID,encoder_early,17.27718
NYU_test_ID,encoder_early,19.012745
NYU_test_ID,encoder_early,17.995453
NYU_test_ID,encoder_early,17.093296
NYU_test_ID,encoder_early,17.790474
NYU_test_ID,encoder_early,17.582111
NYU_test_ID,encoder_early,18.246723
NYU_test_ID,encoder_early,16.92138
NYU_test_ID,encoder_early,16.939129
NYU_test_ID,encoder_early,16.753716
NYU_test_ID,encoder_early,17.200924
NYU_test_ID,encoder_early,18.04449
NYU_test_ID,encoder_early,18.252718
NYU_test_ID,encoder_early,15.898917
NYU_test_ID,encoder_early,15.613048
NYU_test_ID,encoder_early,15.707845
NYU_test_ID,encoder_early,17.962917
NYU_test_ID,encoder_early,17.603674
NYU_test_ID,encoder_early,17.354801
NYU_test_ID,encoder_early,17.329777
NYU_test_ID,encoder_early,18.195454
NYU_test_ID,encoder_early,19.29827
NYU_test_ID,encoder_early,17.792791
NYU_test_ID,encoder_early,18.767239
NYU_test_ID,encoder_early,18.249344
NYU_test_ID,encoder_early,19.139122
NYU_test_ID,encoder_early,18.469946
NYU_test_ID,encoder_early,16.56036
NYU_test_ID,encoder_early,17.736809
NYU_test_ID,encoder_early,17.728315
NYU_test_ID,encoder_early,17.932407
NYU_test_ID,encoder_early,17.167503
NYU_test_ID,encoder_early,15.847299
NYU_test_ID,encoder_early,17.288097
NYU_test_ID,encoder_early,18.45533
NYU_test_ID,encoder_early,15.687474
NYU_test_ID,encoder_early,18.020287
NYU_test_ID,encoder_early,17.482449
NYU_test_ID,encoder_early,18.064705
NYU_test_ID,encoder_early,18.308308
NYU_test_ID,encoder_early,18.367447
NYU_test_ID,encoder_early,16.093536
NYU_test_ID,encoder_early,18.526901
NYU_test_ID,encoder_early,17.45013
NYU_test_ID,encoder_early,18.100546
NYU_test_ID,encoder_early,17.859875
NYU_test_ID,encoder_early,19.321259
NYU_test_ID,encoder_early,17.100716
NYU_test_ID,encoder_early,19.026945
NYU_test_ID,encoder_early,17.698072
NYU_test_ID,encoder_early,18.224634
NYU_test_ID,encoder_early,19.63679
NYU_test_ID,encoder_early,17.052277
NYU_test_ID,encoder_early,19.92247
NYU_test_ID,encoder_early,18.814735
NYU_test_ID,encoder_early,17.77806
NYU_test_ID,encoder_early,17.808994
NYU_test_ID,encoder_early,18.252724
NYU_test_ID,encoder_early,18.153522
NYU_test_ID,encoder_early,18.99942
NYU_test_ID,encoder_early,18.273472
NYU_test_ID,encoder_early,17.873093
NYU_test_ID,encoder_early,19.463774
NYU_test_ID,encoder_early,18.10793
NYU_test_ID,encoder_early,18.54971
NYU_test_ID,encoder_early,18.67636
NYU_test_ID,encoder_early,18.33324
NYU_test_ID,encoder_early,18.749556
NYU_test_ID,encoder_early,17.624092
NYU_test_ID,encoder_early,18.431885
NYU_test_ID,encoder_early,16.949226
NYU_test_ID,encoder_early,18.38797
NYU_test_ID,encoder_early,17.194687
NYU_test_ID,encoder_early,14.596634
NYU_test_ID,encoder_early,18.17088
NYU_test_ID,encoder_early,17.968815
NYU_test_ID,encoder_early,17.031973
NYU_test_ID,encoder_early,17.343575
NYU_test_ID,encoder_early,17.305294
NYU_test_ID,encoder_early,17.540531
NYU_test_ID,encoder_early,17.764952
NYU_test_ID,encoder_early,17.544182
NYU_test_ID,encoder_early,17.488445
NYU_test_ID,encoder_early,17.324333
NYU_test_ID,encoder_early,16.847004
NYU_test_ID,encoder_early,16.994778
NYU_test_ID,encoder_early,18.172112
NYU_test_ID,encoder_early,18.70438
NYU_test_ID,encoder_early,19.553938
NYU_test_ID,encoder_early,15.8925495
NYU_test_ID,encoder_early,18.42718
NYU_test_ID,encoder_early,18.454098
NYU_test_ID,encoder_early,15.065689
NYU_test_ID,encoder_early,18.502613
NYU_test_ID,encoder_early,18.07037
NYU_test_ID,encoder_early,16.711708
NYU_test_ID,encoder_early,18.041672
NYU_test_ID,encoder_early,18.147377
NYU_test_ID,encoder_early,19.30073
NYU_test_ID,encoder_early,17.020632
NYU_test_ID,encoder_early,16.504078
NYU_test_ID,encoder_early,18.466722
NYU_test_ID,encoder_early,17.52087
NYU_test_ID,encoder_early,14.952031
NYU_test_ID,encoder_early,17.28329
NYU_test_ID,encoder_early,17.704208
NYU_test_ID,encoder_early,17.1879
NYU_test_ID,encoder_early,16.929451
NYU_test_ID,encoder_early,19.129688
NYU_test_ID,encoder_early,18.270409
NYU_test_ID,encoder_early,19.217535
NYU_test_ID,encoder_early,18.13828
NYU_test_ID,encoder_early,18.057343
NYU_test_ID,encoder_early,19.35143
NYU_test_ID,encoder_early,18.528034
NYU_test_ID,encoder_early,19.100094
NYU_test_ID,encoder_early,17.67308
NYU_test_ID,encoder_early,16.41772
NYU_test_ID,encoder_early,17.307404
NYU_test_ID,encoder_early,17.533428
NYU_test_ID,encoder_early,17.759514
NYU_test_ID,encoder_early,17.6203
NYU_test_ID,encoder_early,18.068058
NYU_test_ID,encoder_early,18.03133
NYU_test_ID,encoder_early,19.383804
NYU_test_ID,encoder_early,18.947857
NYU_test_ID,encoder_early,19.195099
NYU_test_ID,encoder_early,19.10891
NYU_test_ID,encoder_early,15.77237
NYU_test_ID,encoder_early,18.620443
NYU_test_ID,encoder_early,20.552107
NYU_test_ID,encoder_early,18.132645
NYU_test_ID,encoder_early,18.747807
NYU_test_ID,encoder_early,18.571182
NYU_test_ID,encoder_early,18.898357
NYU_test_ID,encoder_early,18.180862
NYU_test_ID,encoder_early,18.21283
NYU_test_ID,encoder_early,18.045292
NYU_test_ID,encoder_early,17.049881
NYU_test_ID,encoder_early,17.718876
NYU_test_ID,encoder_early,18.562168
NYU_test_ID,encoder_early,19.707333
NYU_test_ID,encoder_early,18.298336
NYU_test_ID,encoder_early,19.061455
NYU_test_ID,encoder_early,17.539188
NYU_test_ID,encoder_early,18.36924
NYU_test_ID,encoder_early,17.897976
NYU_test_ID,encoder_early,19.13483
NYU_test_ID,encoder_early,17.49298
NYU_test_ID,encoder_early,17.658236
NYU_test_ID,encoder_early,18.371037
NYU_test_ID,encoder_early,16.640522
NYU_test_ID,encoder_early,17.708382
NYU_test_ID,encoder_early,18.430164
NYU_test_ID,encoder_early,17.78698
NYU_test_ID,encoder_early,16.437496
NYU_test_ID,encoder_early,17.68673
NYU_test_ID,encoder_early,17.750072
NYU_test_ID,encoder_early,18.485373
NYU_test_ID,encoder_early,17.748947
NYU_test_ID,encoder_early,18.497702
NYU_test_ID,encoder_early,16.89459
NYU_test_ID,encoder_early,19.5446
NYU_test_ID,encoder_early,18.37212
NYU_test_ID,encoder_early,17.104141
NYU_test_ID,encoder_early,17.072214
NYU_test_ID,encoder_early,18.33897
NYU_test_ID,encoder_early,17.760986
NYU_test_ID,encoder_early,18.749336
NYU_test_ID,encoder_early,16.999222
NYU_test_ID,encoder_early,17.860172
NYU_test_ID,encoder_early,16.31358
NYU_test_ID,encoder_early,19.260876
NYU_test_ID,encoder_early,17.952332
NYU_test_ID,encoder_early,17.899364
NYU_test_ID,encoder_early,17.491688
NYU_test_ID,encoder_early,18.972824
NYU_test_ID,encoder_early,19.226263
NYU_test_ID,encoder_early,17.98736
NYU_test_ID,encoder_early,18.80485
NYU_test_ID,encoder_early,18.608292
NYU_test_ID,encoder_early,17.862656
NYU_test_ID,encoder_early,17.402054
NYU_test_ID,encoder_early,18.083893
NYU_test_ID,encoder_early,17.551172
NYU_test_ID,encoder_early,17.75298
NYU_test_ID,encoder_early,18.091454
NYU_test_ID,encoder_early,17.968884
NYU_test_ID,encoder_early,19.792915
NYU_test_ID,encoder_early,18.416817
NYU_test_ID,encoder_early,19.372438
NYU_test_ID,encoder_early,19.183634
NYU_test_ID,encoder_early,18.60503
NYU_test_ID,encoder_early,18.712784
NYU_test_ID,encoder_early,17.466892
NYU_test_ID,encoder_early,19.25048
NYU_test_ID,encoder_early,19.080854
NYU_test_ID,encoder_early,17.337471
NYU_test_ID,encoder_early,18.388905
NYU_test_ID,encoder_early,17.807543
NYU_test_ID,encoder_early,18.120758
NYU_test_ID,encoder_early,16.035015
NYU_test_ID,encoder_early,15.878366
NYU_test_ID,encoder_early,18.375433
NYU_test_ID,encoder_early,18.929504
NYU_test_ID,encoder_early,19.537207
NYU_test_ID,encoder_early,18.90812
NYU_test_ID,encoder_early,18.31218
NYU_test_ID,encoder_early,18.996927
NYU_test_ID,encoder_early,17.653854
NYU_test_ID,encoder_early,17.964231
NYU_test_ID,encoder_early,17.929333
NYU_test_ID,encoder_early,16.922127
NYU_test_ID,encoder_early,17.435303
NYU_test_ID,encoder_early,18.387794
NYU_test_ID,encoder_early,16.378979
NYU_test_ID,encoder_early,17.990288
NYU_test_ID,encoder_early,18.414951
NYU_test_ID,encoder_early,17.360138
NYU_test_ID,encoder_early,17.359726
NYU_test_ID,encoder_early,17.271294
NYU_test_ID,encoder_early,17.579502
NYU_test_ID,encoder_early,18.844023
NYU_test_ID,encoder_early,18.198395
NYU_test_ID,encoder_early,18.335175
NYU_test_ID,encoder_early,17.323465
NYU_test_ID,encoder_early,16.929523
NYU_test_ID,encoder_early,18.414951
NYU_test_ID,encoder_early,19.620348
NYU_test_ID,encoder_early,18.433289
NYU_test_ID,encoder_early,17.674194
NYU_test_ID,encoder_early,18.779182
NYU_test_ID,encoder_early,18.337006
NYU_test_ID,encoder_early,18.637405
NYU_test_ID,encoder_early,17.94006
NYU_test_ID,encoder_early,16.430168
NYU_test_ID,encoder_early,18.24542
NYU_test_ID,encoder_early,17.913269
NYU_test_ID,encoder_early,17.07911
NYU_test_ID,encoder_early,17.935986
NYU_test_ID,encoder_early,18.15667
NYU_test_ID,encoder_early,18.787825
NYU_test_ID,encoder_early,17.396282
NYU_test_ID,encoder_early,19.871782
NYU_test_ID,encoder_early,18.493
NYU_test_ID,encoder_early,18.529541
NYU_test_ID,encoder_early,17.59782
NYU_test_ID,encoder_early,18.28275
NYU_test_ID,encoder_early,17.287231
NYU_test_ID,encoder_early,19.244114
NYU_test_ID,encoder_early,19.969107
NYU_test_ID,encoder_early,19.985615
NYU_test_ID,encoder_early,18.546728
NYU_test_ID,encoder_early,19.819448
NYU_test_ID,encoder_early,18.9408
NYU_test_ID,encoder_middle,9.959908
NYU_test_ID,encoder_middle,9.604193
NYU_test_ID,encoder_middle,9.7085085
NYU_test_ID,encoder_middle,9.224634
NYU_test_ID,encoder_middle,9.368232
NYU_test_ID,encoder_middle,9.893211
NYU_test_ID,encoder_middle,9.739198
NYU_test_ID,encoder_middle,9.468928
NYU_test_ID,encoder_middle,10.190853
NYU_test_ID,encoder_middle,9.063487
NYU_test_ID,encoder_middle,9.293987
NYU_test_ID,encoder_middle,9.499421
NYU_test_ID,encoder_middle,9.354169
NYU_test_ID,encoder_middle,9.416985
NYU_test_ID,encoder_middle,9.660023
NYU_test_ID,encoder_middle,9.842277
NYU_test_ID,encoder_middle,10.826779
NYU_test_ID,encoder_middle,10.213114
NYU_test_ID,encoder_middle,10.159893
NYU_test_ID,encoder_middle,9.727707
NYU_test_ID,encoder_middle,9.822236
NYU_test_ID,encoder_middle,10.254287
NYU_test_ID,encoder_middle,9.594898
NYU_test_ID,encoder_middle,9.657711
NYU_test_ID,encoder_middle,10.219799
NYU_test_ID,encoder_middle,9.994265
NYU_test_ID,encoder_middle,10.365778
NYU_test_ID,encoder_middle,10.468999
NYU_test_ID,encoder_middle,9.364197
NYU_test_ID,encoder_middle,9.614033
NYU_test_ID,encoder_middle,9.274267
NYU_test_ID,encoder_middle,8.740759
NYU_test_ID,encoder_middle,8.678767
NYU_test_ID,encoder_middle,8.81412
NYU_test_ID,encoder_middle,9.191328
NYU_test_ID,encoder_middle,8.884893
NYU_test_ID,encoder_middle,9.761455
NYU_test_ID,encoder_middle,9.217734
NYU_test_ID,encoder_middle,9.528592
NYU_test_ID,encoder_middle,9.08675
NYU_test_ID,encoder_middle,10.026077
NYU_test_ID,encoder_middle,10.001583
NYU_test_ID,encoder_middle,9.661422
NYU_test_ID,encoder_middle,9.382218
NYU_test_ID,encoder_middle,9.853411
NYU_test_ID,encoder_middle,10.123514
NYU_test_ID,encoder_middle,9.802818
NYU_test_ID,encoder_middle,10.3802395
NYU_test_ID,encoder_middle,9.747259
NYU_test_ID,encoder_middle,9.502935
NYU_test_ID,encoder_middle,9.973244
NYU_test_ID,encoder_middle,9.386667
NYU_test_ID,encoder_middle,9.861357
NYU_test_ID,encoder_middle,9.996952
NYU_test_ID,encoder_middle,9.957396
NYU_test_ID,encoder_middle,9.321466
NYU_test_ID,encoder_middle,9.285319
NYU_test_ID,encoder_middle,10.258764
NYU_test_ID,encoder_middle,10.317335
NYU_test_ID,encoder_middle,8.360386
NYU_test_ID,encoder_middle,7.981946
NYU_test_ID,encoder_middle,10.300505
NYU_test_ID,encoder_middle,8.946392
NYU_test_ID,encoder_middle,10.569147
NYU_test_ID,encoder_middle,9.189199
NYU_test_ID,encoder_middle,10.200048
NYU_test_ID,encoder_middle,10.236605
NYU_test_ID,encoder_middle,9.829899
NYU_test_ID,encoder_middle,10.001519
NYU_test_ID,encoder_middle,10.079211
NYU_test_ID,encoder_middle,9.597488
NYU_test_ID,encoder_middle,8.848351
NYU_test_ID,encoder_middle,10.550232
NYU_test_ID,encoder_middle,9.512548
NYU_test_ID,encoder_middle,9.459969
NYU_test_ID,encoder_middle,9.826237
NYU_test_ID,encoder_middle,10.276539
NYU_test_ID,encoder_middle,10.108301
NYU_test_ID,encoder_middle,10.058571
NYU_test_ID,encoder_middle,9.861207
NYU_test_ID,encoder_middle,9.611317
NYU_test_ID,encoder_middle,9.121347
NYU_test_ID,encoder_middle,9.891716
NYU_test_ID,encoder_middle,9.809256
NYU_test_ID,encoder_middle,9.467948
NYU_test_ID,encoder_middle,8.965378
NYU_test_ID,encoder_middle,9.74033
NYU_test_ID,encoder_middle,9.584654
NYU_test_ID,encoder_middle,8.884128
NYU_test_ID,encoder_middle,9.598997
NYU_test_ID,encoder_middle,9.274161
NYU_test_ID,encoder_middle,9.894308
NYU_test_ID,encoder_middle,9.769162
NYU_test_ID,encoder_middle,10.332113
NYU_test_ID,encoder_middle,8.364517
NYU_test_ID,encoder_middle,9.456946
NYU_test_ID,encoder_middle,9.642958
NYU_test_ID,encoder_middle,10.413512
NYU_test_ID,encoder_middle,9.7507515
NYU_test_ID,encoder_middle,9.106199
NYU_test_ID,encoder_middle,9.396166
NYU_test_ID,encoder_middle,8.883299
NYU_test_ID,encoder_middle,9.850836
NYU_test_ID,encoder_middle,10.461353
NYU_test_ID,encoder_middle,10.053036
NYU_test_ID,encoder_middle,9.934047
NYU_test_ID,encoder_middle,10.29205
NYU_test_ID,encoder_middle,9.613069
NYU_test_ID,encoder_middle,9.231047
NYU_test_ID,encoder_middle,9.732414
NYU_test_ID,encoder_middle,9.706612
NYU_test_ID,encoder_middle,9.82971
NYU_test_ID,encoder_middle,9.926607
NYU_test_ID,encoder_middle,9.3232155
NYU_test_ID,encoder_middle,9.969888
NYU_test_ID,encoder_middle,9.703801
NYU_test_ID,encoder_middle,9.719158
NYU_test_ID,encoder_middle,10.521824
NYU_test_ID,encoder_middle,9.610703
NYU_test_ID,encoder_middle,10.221275
NYU_test_ID,encoder_middle,9.635658
NYU_test_ID,encoder_middle,9.388376
NYU_test_ID,encoder_middle,10.447126
NYU_test_ID,encoder_middle,9.48936
NYU_test_ID,encoder_middle,9.045094
NYU_test_ID,encoder_middle,9.671869
NYU_test_ID,encoder_middle,9.599657
NYU_test_ID,encoder_middle,8.946447
NYU_test_ID,encoder_middle,9.890362
NYU_test_ID,encoder_middle,9.448733
NYU_test_ID,encoder_middle,9.982898
NYU_test_ID,encoder_middle,8.893775
NYU_test_ID,encoder_middle,9.5802145
NYU_test_ID,encoder_middle,9.745376
NYU_test_ID,encoder_middle,9.626843
NYU_test_ID,encoder_middle,9.598322
NYU_test_ID,encoder_middle,9.418068
NYU_test_ID,encoder_middle,9.318303
NYU_test_ID,encoder_middle,9.6936035
NYU_test_ID,encoder_middle,10.215647
NYU_test_ID,encoder_middle,9.157248
NYU_test_ID,encoder_middle,9.940941
NYU_test_ID,encoder_middle,10.283776
NYU_test_ID,encoder_middle,9.903271
NYU_test_ID,encoder_middle,10.403783
NYU_test_ID,encoder_middle,9.055162
NYU_test_ID,encoder_middle,9.547159
NYU_test_ID,encoder_middle,8.156403
NYU_test_ID,encoder_middle,8.960102
NYU_test_ID,encoder_middle,8.4496155
NYU_test_ID,encoder_middle,8.607141
NYU_test_ID,encoder_middle,8.206953
NYU_test_ID,encoder_middle,7.9386086
NYU_test_ID,encoder_middle,8.362053
NYU_test_ID,encoder_middle,10.804347
NYU_test_ID,encoder_middle,10.208124
NYU_test_ID,encoder_middle,8.926439
NYU_test_ID,encoder_middle,10.351448
NYU_test_ID,encoder_middle,9.028224
NYU_test_ID,encoder_middle,9.795523
NYU_test_ID,encoder_middle,9.615345
NYU_test_ID,encoder_middle,9.889627
NYU_test_ID,encoder_middle,9.888906
NYU_test_ID,encoder_middle,9.290787
NYU_test_ID,encoder_middle,10.546457
NYU_test_ID,encoder_middle,10.342667
NYU_test_ID,encoder_middle,10.482977
NYU_test_ID,encoder_middle,10.41171
NYU_test_ID,encoder_middle,9.717539
NYU_test_ID,encoder_middle,9.702706
NYU_test_ID,encoder_middle,10.670267
NYU_test_ID,encoder_middle,9.128917
NYU_test_ID,encoder_middle,9.702308
NYU_test_ID,encoder_middle,9.640353
NYU_test_ID,encoder_middle,9.965445
NYU_test_ID,encoder_middle,9.448862
NYU_test_ID,encoder_middle,9.741113
NYU_test_ID,encoder_middle,9.171402
NYU_test_ID,encoder_middle,8.943389
NYU_test_ID,encoder_middle,9.74075
NYU_test_ID,encoder_middle,9.803542
NYU_test_ID,encoder_middle,9.859381
NYU_test_ID,encoder_middle,9.425015
NYU_test_ID,encoder_middle,10.042662
NYU_test_ID,encoder_middle,10.151194
NYU_test_ID,encoder_middle,10.171103
NYU_test_ID,encoder_middle,9.913339
NYU_test_ID,encoder_middle,10.054683
NYU_test_ID,encoder_middle,9.7356
NYU_test_ID,encoder_middle,9.158904
NYU_test_ID,encoder_middle,8.88674
NYU_test_ID,encoder_middle,10.178921
NYU_test_ID,encoder_middle,10.52206
NYU_test_ID,encoder_middle,10.284153
NYU_test_ID,encoder_middle,9.685881
NYU_test_ID,encoder_middle,10.365308
NYU_test_ID,encoder_middle,10.301128
NYU_test_ID,encoder_middle,9.861404
NYU_test_ID,encoder_middle,8.823744
NYU_test_ID,encoder_middle,9.511797
NYU_test_ID,encoder_middle,9.539555
NYU_test_ID,encoder_middle,9.795198
NYU_test_ID,encoder_middle,10.1534195
NYU_test_ID,encoder_middle,10.045183
NYU_test_ID,encoder_middle,7.9446206
NYU_test_ID,encoder_middle,7.7698026
NYU_test_ID,encoder_middle,7.9935927
NYU_test_ID,encoder_middle,9.584135
NYU_test_ID,encoder_middle,9.410896
NYU_test_ID,encoder_middle,8.967186
NYU_test_ID,encoder_middle,9.768729
NYU_test_ID,encoder_middle,10.164282
NYU_test_ID,encoder_middle,9.579964
NYU_test_ID,encoder_middle,9.950614
NYU_test_ID,encoder_middle,9.9794445
NYU_test_ID,encoder_middle,9.5696125
NYU_test_ID,encoder_middle,9.408345
NYU_test_ID,encoder_middle,9.745924
NYU_test_ID,encoder_middle,10.058663
NYU_test_ID,encoder_middle,10.210283
NYU_test_ID,encoder_middle,10.251846
NYU_test_ID,encoder_middle,10.457209
NYU_test_ID,encoder_middle,10.203217
NYU_test_ID,encoder_middle,8.237153
NYU_test_ID,encoder_middle,9.428291
NYU_test_ID,encoder_middle,10.039753
NYU_test_ID,encoder_middle,9.827306
NYU_test_ID,encoder_middle,9.520292
NYU_test_ID,encoder_middle,9.926817
NYU_test_ID,encoder_middle,9.737558
NYU_test_ID,encoder_middle,10.108324
NYU_test_ID,encoder_middle,10.06958
NYU_test_ID,encoder_middle,9.82443
NYU_test_ID,encoder_middle,10.454762
NYU_test_ID,encoder_middle,9.942623
NYU_test_ID,encoder_middle,10.057505
NYU_test_ID,encoder_middle,9.982278
NYU_test_ID,encoder_middle,9.669401
NYU_test_ID,encoder_middle,9.721231
NYU_test_ID,encoder_middle,9.468501
NYU_test_ID,encoder_middle,10.581141
NYU_test_ID,encoder_middle,9.681122
NYU_test_ID,encoder_middle,9.148574
NYU_test_ID,encoder_middle,9.434698
NYU_test_ID,encoder_middle,10.721636
NYU_test_ID,encoder_middle,10.051117
NYU_test_ID,encoder_middle,7.770085
NYU_test_ID,encoder_middle,9.269784
NYU_test_ID,encoder_middle,8.759189
NYU_test_ID,encoder_middle,8.834379
NYU_test_ID,encoder_middle,8.49752
NYU_test_ID,encoder_middle,9.629648
NYU_test_ID,encoder_middle,9.564733
NYU_test_ID,encoder_middle,10.037119
NYU_test_ID,encoder_middle,8.509716
NYU_test_ID,encoder_middle,9.364641
NYU_test_ID,encoder_middle,9.987207
NYU_test_ID,encoder_middle,10.276068
NYU_test_ID,encoder_middle,10.073174
NYU_test_ID,encoder_middle,9.228483
NYU_test_ID,encoder_middle,9.470011
NYU_test_ID,encoder_middle,10.004057
NYU_test_ID,encoder_middle,10.7070465
NYU_test_ID,encoder_middle,10.53273
NYU_test_ID,encoder_middle,8.090767
NYU_test_ID,encoder_middle,8.744892
NYU_test_ID,encoder_middle,9.862374
NYU_test_ID,encoder_middle,9.9053755
NYU_test_ID,encoder_middle,9.564491
NYU_test_ID,encoder_middle,9.835581
NYU_test_ID,encoder_middle,9.738965
NYU_test_ID,encoder_middle,9.673848
NYU_test_ID,encoder_middle,8.343406
NYU_test_ID,encoder_middle,9.588112
NYU_test_ID,encoder_middle,9.496731
NYU_test_ID,encoder_middle,9.461406
NYU_test_ID,encoder_middle,9.797173
NYU_test_ID,encoder_middle,8.79782
NYU_test_ID,encoder_middle,9.495008
NYU_test_ID,encoder_middle,10.142622
NYU_test_ID,encoder_middle,9.687662
NYU_test_ID,encoder_middle,10.732522
NYU_test_ID,encoder_middle,9.840704
NYU_test_ID,encoder_middle,10.099529
NYU_test_ID,encoder_middle,9.986131
NYU_test_ID,encoder_middle,10.237977
NYU_test_ID,encoder_middle,10.008335
NYU_test_ID,encoder_middle,9.578815
NYU_test_ID,encoder_middle,9.184628
NYU_test_ID,encoder_middle,9.672817
NYU_test_ID,encoder_middle,9.116151
NYU_test_ID,encoder_middle,10.737707
NYU_test_ID,encoder_middle,9.582165
NYU_test_ID,encoder_middle,9.137391
NYU_test_ID,encoder_middle,9.803314
NYU_test_ID,encoder_middle,9.194626
NYU_test_ID,encoder_middle,10.081549
NYU_test_ID,encoder_middle,9.7143755
NYU_test_ID,encoder_middle,9.636526
NYU_test_ID,encoder_middle,8.810657
NYU_test_ID,encoder_middle,9.793479
NYU_test_ID,encoder_middle,9.684614
NYU_test_ID,encoder_middle,8.42671
NYU_test_ID,encoder_middle,9.432551
NYU_test_ID,encoder_middle,9.491875
NYU_test_ID,encoder_middle,9.095097
NYU_test_ID,encoder_middle,8.8441305
NYU_test_ID,encoder_middle,9.515805
NYU_test_ID,encoder_middle,9.075066
NYU_test_ID,encoder_middle,8.501831
NYU_test_ID,encoder_middle,9.069526
NYU_test_ID,encoder_middle,8.516216
NYU_test_ID,encoder_middle,9.618645
NYU_test_ID,encoder_middle,9.586021
NYU_test_ID,encoder_middle,9.464629
NYU_test_ID,encoder_middle,9.016108
NYU_test_ID,encoder_middle,8.32226
NYU_test_ID,encoder_middle,9.476442
NYU_test_ID,encoder_middle,9.471994
NYU_test_ID,encoder_middle,9.955625
NYU_test_ID,encoder_middle,9.273453
NYU_test_ID,encoder_middle,9.862829
NYU_test_ID,encoder_middle,9.853367
NYU_test_ID,encoder_middle,10.259011
NYU_test_ID,encoder_middle,9.918425
NYU_test_ID,encoder_middle,9.649879
NYU_test_ID,encoder_middle,9.476217
NYU_test_ID,encoder_middle,9.478802
NYU_test_ID,encoder_middle,9.467091
NYU_test_ID,encoder_middle,9.51561
NYU_test_ID,encoder_middle,10.151442
NYU_test_ID,encoder_middle,10.132327
NYU_test_ID,encoder_middle,11.67581
NYU_test_ID,encoder_middle,9.888086
NYU_test_ID,encoder_middle,9.642391
NYU_test_ID,encoder_middle,10.74343
NYU_test_ID,encoder_middle,9.36924
NYU_test_ID,encoder_middle,9.060062
NYU_test_ID,encoder_middle,10.033726
NYU_test_ID,encoder_middle,8.45929
NYU_test_ID,encoder_middle,9.212591
NYU_test_ID,encoder_middle,9.600357
NYU_test_ID,encoder_middle,9.668811
NYU_test_ID,encoder_middle,9.496438
NYU_test_ID,encoder_middle,9.780955
NYU_test_ID,encoder_middle,9.603529
NYU_test_ID,encoder_middle,8.944029
NYU_test_ID,encoder_middle,8.947605
NYU_test_ID,encoder_middle,10.119637
NYU_test_ID,encoder_middle,9.135548
NYU_test_ID,encoder_middle,9.672518
NYU_test_ID,encoder_middle,9.320821
NYU_test_ID,encoder_middle,10.040964
NYU_test_ID,encoder_middle,10.009282
NYU_test_ID,encoder_middle,10.125251
NYU_test_ID,encoder_middle,8.682642
NYU_test_ID,encoder_middle,10.374414
NYU_test_ID,encoder_middle,9.335775
NYU_test_ID,encoder_middle,9.800766
NYU_test_ID,encoder_middle,10.430397
NYU_test_ID,encoder_middle,10.339962
NYU_test_ID,encoder_middle,9.867395
NYU_test_ID,encoder_middle,11.418849
NYU_test_ID,encoder_middle,8.217843
NYU_test_ID,encoder_middle,9.674715
NYU_test_ID,encoder_middle,9.753033
NYU_test_ID,encoder_middle,9.683222
NYU_test_ID,encoder_middle,9.899675
NYU_test_ID,encoder_middle,9.444774
NYU_test_ID,encoder_middle,10.223879
NYU_test_ID,encoder_middle,9.979172
NYU_test_ID,encoder_middle,9.361215
NYU_test_ID,encoder_middle,9.915282
NYU_test_ID,encoder_middle,8.761982
NYU_test_ID,encoder_middle,8.398367
NYU_test_ID,encoder_middle,9.480789
NYU_test_ID,encoder_middle,9.980215
NYU_test_ID,encoder_middle,9.955862
NYU_test_ID,encoder_middle,10.450193
NYU_test_ID,encoder_middle,10.079286
NYU_test_ID,encoder_middle,9.550177
NYU_test_ID,encoder_middle,9.627602
NYU_test_ID,encoder_middle,9.816553
NYU_test_ID,encoder_middle,9.326777
NYU_test_ID,encoder_middle,9.9304495
NYU_test_ID,encoder_middle,9.516983
NYU_test_ID,encoder_middle,10.142178
NYU_test_ID,encoder_middle,9.637099
NYU_test_ID,encoder_middle,9.3304405
NYU_test_ID,encoder_middle,9.576532
NYU_test_ID,encoder_middle,9.29306
NYU_test_ID,encoder_middle,9.991344
NYU_test_ID,encoder_middle,9.841463
NYU_test_ID,encoder_middle,9.353678
NYU_test_ID,encoder_middle,9.733271
NYU_test_ID,encoder_middle,9.210922
NYU_test_ID,encoder_middle,10.06175
NYU_test_ID,encoder_middle,8.968979
NYU_test_ID,encoder_middle,8.595316
NYU_test_ID,encoder_middle,9.70977
NYU_test_ID,encoder_middle,9.87069
NYU_test_ID,encoder_middle,9.736035
NYU_test_ID,encoder_middle,8.339291
NYU_test_ID,encoder_middle,9.318926
NYU_test_ID,encoder_middle,8.254725
NYU_test_ID,encoder_middle,8.382078
NYU_test_ID,encoder_middle,8.625635
NYU_test_ID,encoder_middle,9.254786
NYU_test_ID,encoder_middle,9.450521
NYU_test_ID,encoder_middle,8.783127
NYU_test_ID,encoder_middle,8.644814
NYU_test_ID,encoder_middle,9.433079
NYU_test_ID,encoder_middle,9.024712
NYU_test_ID,encoder_middle,9.352747
NYU_test_ID,encoder_middle,9.166287
NYU_test_ID,encoder_middle,9.350302
NYU_test_ID,encoder_middle,9.82981
NYU_test_ID,encoder_middle,9.141992
NYU_test_ID,encoder_middle,9.268997
NYU_test_ID,encoder_middle,9.396038
NYU_test_ID,encoder_middle,9.206818
NYU_test_ID,encoder_middle,9.030517
NYU_test_ID,encoder_middle,9.901411
NYU_test_ID,encoder_middle,9.630966
NYU_test_ID,encoder_middle,10.057872
NYU_test_ID,encoder_middle,9.45945
NYU_test_ID,encoder_middle,8.624256
NYU_test_ID,encoder_middle,9.775632
NYU_test_ID,encoder_middle,9.806242
NYU_test_ID,encoder_middle,9.707674
NYU_test_ID,encoder_middle,9.2014885
NYU_test_ID,encoder_middle,8.547731
NYU_test_ID,encoder_middle,9.120661
NYU_test_ID,encoder_middle,9.781629
NYU_test_ID,encoder_middle,8.824516
NYU_test_ID,encoder_middle,9.171614
NYU_test_ID,encoder_middle,8.946912
NYU_test_ID,encoder_middle,9.725106
NYU_test_ID,encoder_middle,10.396704
NYU_test_ID,encoder_middle,9.769903
NYU_test_ID,encoder_middle,9.235844
NYU_test_ID,encoder_middle,9.3317375
NYU_test_ID,encoder_middle,8.608439
NYU_test_ID,encoder_middle,9.949976
NYU_test_ID,encoder_middle,8.893624
NYU_test_ID,encoder_middle,9.963238
NYU_test_ID,encoder_middle,8.811237
NYU_test_ID,encoder_middle,10.029039
NYU_test_ID,encoder_middle,9.956387
NYU_test_ID,encoder_middle,9.008213
NYU_test_ID,encoder_middle,10.60449
NYU_test_ID,encoder_middle,7.7241435
NYU_test_ID,encoder_middle,9.797293
NYU_test_ID,encoder_middle,8.807258
NYU_test_ID,encoder_middle,8.744213
NYU_test_ID,encoder_middle,10.283731
NYU_test_ID,encoder_middle,8.9793415
NYU_test_ID,encoder_middle,8.359249
NYU_test_ID,encoder_middle,8.213333
NYU_test_ID,encoder_middle,7.539682
NYU_test_ID,encoder_middle,8.920854
NYU_test_ID,encoder_middle,9.153854
NYU_test_ID,encoder_middle,8.954017
NYU_test_ID,encoder_middle,9.113935
NYU_test_ID,encoder_middle,8.842559
NYU_test_ID,encoder_middle,9.199884
NYU_test_ID,encoder_middle,8.185486
NYU_test_ID,encoder_middle,9.289482
NYU_test_ID,encoder_middle,10.029848
NYU_test_ID,encoder_middle,9.345933
NYU_test_ID,encoder_middle,9.419016
NYU_test_ID,encoder_middle,9.111492
NYU_test_ID,encoder_middle,9.264138
NYU_test_ID,encoder_middle,9.901226
NYU_test_ID,encoder_middle,8.6649475
NYU_test_ID,encoder_middle,8.7104645
NYU_test_ID,encoder_middle,8.582603
NYU_test_ID,encoder_middle,8.233827
NYU_test_ID,encoder_middle,9.311974
NYU_test_ID,encoder_middle,9.337497
NYU_test_ID,encoder_middle,8.422948
NYU_test_ID,encoder_middle,8.1877165
NYU_test_ID,encoder_middle,8.356879
NYU_test_ID,encoder_middle,8.466383
NYU_test_ID,encoder_middle,7.8486037
NYU_test_ID,encoder_middle,9.319053
NYU_test_ID,encoder_middle,9.715973
NYU_test_ID,encoder_middle,9.406452
NYU_test_ID,encoder_middle,9.270607
NYU_test_ID,encoder_middle,10.35037
NYU_test_ID,encoder_middle,9.735881
NYU_test_ID,encoder_middle,9.977666
NYU_test_ID,encoder_middle,10.069418
NYU_test_ID,encoder_middle,9.960951
NYU_test_ID,encoder_middle,9.039707
NYU_test_ID,encoder_middle,9.752165
NYU_test_ID,encoder_middle,9.82631
NYU_test_ID,encoder_middle,9.705387
NYU_test_ID,encoder_middle,9.571943
NYU_test_ID,encoder_middle,9.209765
NYU_test_ID,encoder_middle,9.505855
NYU_test_ID,encoder_middle,9.007351
NYU_test_ID,encoder_middle,8.880669
NYU_test_ID,encoder_middle,9.458962
NYU_test_ID,encoder_middle,8.832045
NYU_test_ID,encoder_middle,8.552022
NYU_test_ID,encoder_middle,8.3829565
NYU_test_ID,encoder_middle,9.082325
NYU_test_ID,encoder_middle,9.648422
NYU_test_ID,encoder_middle,9.343767
NYU_test_ID,encoder_middle,9.939419
NYU_test_ID,encoder_middle,8.272261
NYU_test_ID,encoder_middle,9.8951435
NYU_test_ID,encoder_middle,9.062115
NYU_test_ID,encoder_middle,9.48439
NYU_test_ID,encoder_middle,9.245706
NYU_test_ID,encoder_middle,8.300367
NYU_test_ID,encoder_middle,8.613877
NYU_test_ID,encoder_middle,8.000778
NYU_test_ID,encoder_middle,9.342856
NYU_test_ID,encoder_middle,9.738937
NYU_test_ID,encoder_middle,9.936785
NYU_test_ID,encoder_middle,9.826816
NYU_test_ID,encoder_middle,8.335863
NYU_test_ID,encoder_middle,9.472013
NYU_test_ID,encoder_middle,9.932571
NYU_test_ID,encoder_middle,9.954332
NYU_test_ID,encoder_middle,10.003855
NYU_test_ID,encoder_middle,9.212417
NYU_test_ID,encoder_middle,9.962564
NYU_test_ID,encoder_middle,9.966243
NYU_test_ID,encoder_middle,9.780626
NYU_test_ID,encoder_middle,9.674374
NYU_test_ID,encoder_middle,9.981375
NYU_test_ID,encoder_middle,9.327226
NYU_test_ID,encoder_middle,9.289239
NYU_test_ID,encoder_middle,9.034738
NYU_test_ID,encoder_middle,8.709856
NYU_test_ID,encoder_middle,8.596328
NYU_test_ID,encoder_middle,9.360645
NYU_test_ID,encoder_middle,10.059017
NYU_test_ID,encoder_middle,8.601455
NYU_test_ID,encoder_middle,9.353367
NYU_test_ID,encoder_middle,8.271668
NYU_test_ID,encoder_middle,8.91044
NYU_test_ID,encoder_middle,8.689577
NYU_test_ID,encoder_middle,10.1570015
NYU_test_ID,encoder_middle,10.184102
NYU_test_ID,encoder_middle,9.345278
NYU_test_ID,encoder_middle,10.368346
NYU_test_ID,encoder_middle,9.487922
NYU_test_ID,encoder_middle,10.17815
NYU_test_ID,encoder_middle,10.055646
NYU_test_ID,encoder_middle,9.697703
NYU_test_ID,encoder_middle,10.063305
NYU_test_ID,encoder_middle,9.043511
NYU_test_ID,encoder_middle,9.988591
NYU_test_ID,encoder_middle,10.247664
NYU_test_ID,encoder_middle,9.50926
NYU_test_ID,encoder_middle,10.157629
NYU_test_ID,encoder_middle,9.987976
NYU_test_ID,encoder_middle,10.618698
NYU_test_ID,encoder_middle,9.124989
NYU_test_ID,encoder_middle,9.640907
NYU_test_ID,encoder_middle,10.112743
NYU_test_ID,encoder_middle,10.458914
NYU_test_ID,encoder_middle,8.992237
NYU_test_ID,encoder_middle,9.748526
NYU_test_ID,encoder_middle,9.644918
NYU_test_ID,encoder_middle,9.614293
NYU_test_ID,encoder_middle,8.517862
NYU_test_ID,encoder_middle,9.926188
NYU_test_ID,encoder_middle,9.3327875
NYU_test_ID,encoder_middle,8.691844
NYU_test_ID,encoder_middle,8.617057
NYU_test_ID,encoder_middle,10.176044
NYU_test_ID,encoder_middle,10.227446
NYU_test_ID,encoder_middle,9.668826
NYU_test_ID,encoder_middle,9.514746
NYU_test_ID,encoder_middle,10.462198
NYU_test_ID,encoder_middle,9.354486
NYU_test_ID,encoder_middle,9.63409
NYU_test_ID,encoder_middle,9.748566
NYU_test_ID,encoder_middle,9.632521
NYU_test_ID,encoder_middle,8.72488
NYU_test_ID,encoder_middle,10.058752
NYU_test_ID,encoder_middle,9.945994
NYU_test_ID,encoder_middle,10.384139
NYU_test_ID,encoder_middle,10.091333
NYU_test_ID,encoder_middle,9.381504
NYU_test_ID,encoder_middle,10.20255
NYU_test_ID,encoder_middle,10.393921
NYU_test_ID,encoder_middle,8.821061
NYU_test_ID,encoder_middle,8.006884
NYU_test_ID,encoder_middle,9.407789
NYU_test_ID,encoder_middle,9.090643
NYU_test_ID,encoder_middle,8.223145
NYU_test_ID,encoder_middle,9.230361
NYU_test_ID,encoder_middle,9.377761
NYU_test_ID,encoder_middle,9.679283
NYU_test_ID,encoder_middle,10.029383
NYU_test_ID,encoder_middle,9.760515
NYU_test_ID,encoder_middle,9.512518
NYU_test_ID,encoder_middle,9.574621
NYU_test_ID,encoder_middle,9.649549
NYU_test_ID,encoder_middle,9.943521
NYU_test_ID,encoder_middle,9.453863
NYU_test_ID,encoder_middle,8.826824
NYU_test_ID,encoder_middle,8.800301
NYU_test_ID,encoder_middle,9.628825
NYU_test_ID,encoder_middle,9.650431
NYU_test_ID,encoder_middle,9.965221
NYU_test_ID,encoder_middle,9.582287
NYU_test_ID,encoder_middle,8.928861
NYU_test_ID,encoder_middle,9.276466
NYU_test_ID,encoder_middle,8.993257
NYU_test_ID,encoder_middle,9.456535
NYU_test_ID,encoder_middle,8.971653
NYU_test_ID,encoder_middle,9.400466
NYU_test_ID,encoder_middle,9.050011
NYU_test_ID,encoder_middle,9.143022
NYU_test_ID,encoder_middle,9.503782
NYU_test_ID,encoder_middle,9.344073
NYU_test_ID,encoder_middle,9.606824
NYU_test_ID,encoder_middle,8.44182
NYU_test_ID,encoder_middle,8.497293
NYU_test_ID,encoder_middle,8.834334
NYU_test_ID,encoder_middle,9.151354
NYU_test_ID,encoder_middle,10.051145
NYU_test_ID,encoder_middle,9.439059
NYU_test_ID,encoder_middle,9.983597
NYU_test_ID,encoder_middle,10.367391
NYU_test_ID,encoder_middle,9.6934595
NYU_test_ID,encoder_middle,10.162121
NYU_test_ID,encoder_middle,9.940632
NYU_test_ID,encoder_middle,9.867755
NYU_test_ID,encoder_middle,10.189867
NYU_test_ID,encoder_middle,9.443314
NYU_test_ID,encoder_middle,9.79451
NYU_test_ID,encoder_middle,8.806714
NYU_test_ID,encoder_middle,9.883832
NYU_test_ID,encoder_middle,8.737024
NYU_test_ID,encoder_middle,9.954755
NYU_test_ID,encoder_middle,8.925831
NYU_test_ID,encoder_middle,9.239909
NYU_test_ID,encoder_middle,8.747998
NYU_test_ID,encoder_middle,10.147129
NYU_test_ID,encoder_middle,9.331707
NYU_test_ID,encoder_middle,9.983634
NYU_test_ID,encoder_middle,10.18611
NYU_test_ID,encoder_middle,10.181784
NYU_test_ID,encoder_middle,10.130121
NYU_test_ID,encoder_middle,9.767735
NYU_test_ID,encoder_middle,10.028776
NYU_test_ID,encoder_late,-3.9362059
NYU_test_ID,encoder_late,-10.093354
NYU_test_ID,encoder_late,2.6215243
NYU_test_ID,encoder_late,-7.7327857
NYU_test_ID,encoder_late,-5.764669
NYU_test_ID,encoder_late,0.31339812
NYU_test_ID,encoder_late,3.2634645
NYU_test_ID,encoder_late,0.8833368
NYU_test_ID,encoder_late,-6.5498257
NYU_test_ID,encoder_late,-2.437045
NYU_test_ID,encoder_late,-11.086534
NYU_test_ID,encoder_late,1.9350729
NYU_test_ID,encoder_late,0.6445737
NYU_test_ID,encoder_late,-8.948443
NYU_test_ID,encoder_late,-20.173134
NYU_test_ID,encoder_late,-1.8450177
NYU_test_ID,encoder_late,0.5310488
NYU_test_ID,encoder_late,-1.50178
NYU_test_ID,encoder_late,-6.1360235
NYU_test_ID,encoder_late,-13.563788
NYU_test_ID,encoder_late,-5.514365
NYU_test_ID,encoder_late,-13.832429
NYU_test_ID,encoder_late,-2.7988124
NYU_test_ID,encoder_late,-16.164722
NYU_test_ID,encoder_late,-9.009064
NYU_test_ID,encoder_late,-7.076853
NYU_test_ID,encoder_late,-6.8394675
NYU_test_ID,encoder_late,-9.308324
NYU_test_ID,encoder_late,-10.900425
NYU_test_ID,encoder_late,-12.012459
NYU_test_ID,encoder_late,-11.222868
NYU_test_ID,encoder_late,-19.515053
NYU_test_ID,encoder_late,-9.998873
NYU_test_ID,encoder_late,-8.216226
NYU_test_ID,encoder_late,-7.795383
NYU_test_ID,encoder_late,-0.13151717
NYU_test_ID,encoder_late,-7.6736574
NYU_test_ID,encoder_late,-15.277598
NYU_test_ID,encoder_late,-16.98875
NYU_test_ID,encoder_late,-28.306652
NYU_test_ID,encoder_late,-10.893774
NYU_test_ID,encoder_late,-11.515451
NYU_test_ID,encoder_late,-9.704124
NYU_test_ID,encoder_late,-5.3123894
NYU_test_ID,encoder_late,-4.922918
NYU_test_ID,encoder_late,-6.3634825
NYU_test_ID,encoder_late,-7.9521112
NYU_test_ID,encoder_late,-2.6304908
NYU_test_ID,encoder_late,-1.4117556
NYU_test_ID,encoder_late,-4.854697
NYU_test_ID,encoder_late,-9.187803
NYU_test_ID,encoder_late,-0.8793726
NYU_test_ID,encoder_late,-13.182725
NYU_test_ID,encoder_late,1.4286535
NYU_test_ID,encoder_late,-4.61384
NYU_test_ID,encoder_late,-5.8607364
NYU_test_ID,encoder_late,-6.646671
NYU_test_ID,encoder_late,-5.7155185
NYU_test_ID,encoder_late,-8.354252
NYU_test_ID,encoder_late,-16.078295
NYU_test_ID,encoder_late,-19.471184
NYU_test_ID,encoder_late,-10.78784
NYU_test_ID,encoder_late,-7.791849
NYU_test_ID,encoder_late,-8.379861
NYU_test_ID,encoder_late,-14.837048
NYU_test_ID,encoder_late,-0.13633311
NYU_test_ID,encoder_late,-3.2594414
NYU_test_ID,encoder_late,-5.0677433
NYU_test_ID,encoder_late,0.654817
NYU_test_ID,encoder_late,-3.676433
NYU_test_ID,encoder_late,-13.1200695
NYU_test_ID,encoder_late,-5.4002547
NYU_test_ID,encoder_late,-9.624298
NYU_test_ID,encoder_late,-14.769985
NYU_test_ID,encoder_late,-13.995096
NYU_test_ID,encoder_late,-5.0777216
NYU_test_ID,encoder_late,-6.4632134
NYU_test_ID,encoder_late,-9.607753
NYU_test_ID,encoder_late,-5.8423495
NYU_test_ID,encoder_late,-14.217103
NYU_test_ID,encoder_late,-5.148961
NYU_test_ID,encoder_late,-8.639327
NYU_test_ID,encoder_late,-10.244535
NYU_test_ID,encoder_late,-12.503076
NYU_test_ID,encoder_late,-10.088915
NYU_test_ID,encoder_late,-1.5689299
NYU_test_ID,encoder_late,-1.7937694
NYU_test_ID,encoder_late,-6.864229
NYU_test_ID,encoder_late,-16.97726
NYU_test_ID,encoder_late,-7.3513174
NYU_test_ID,encoder_late,-9.944655
NYU_test_ID,encoder_late,-4.354093
NYU_test_ID,encoder_late,-5.499858
NYU_test_ID,encoder_late,-3.505729
NYU_test_ID,encoder_late,-4.460822
NYU_test_ID,encoder_late,-15.071005
NYU_test_ID,encoder_late,-10.956659
NYU_test_ID,encoder_late,-8.133171
NYU_test_ID,encoder_late,1.5270505
NYU_test_ID,encoder_late,-4.2108445
NYU_test_ID,encoder_late,-1.0624907
NYU_test_ID,encoder_late,-3.505497
NYU_test_ID,encoder_late,2.4341965
NYU_test_ID,encoder_late,-11.3996525
NYU_test_ID,encoder_late,-10.620861
NYU_test_ID,encoder_late,-3.184404
NYU_test_ID,encoder_late,-3.5892034
NYU_test_ID,encoder_late,0.51159394
NYU_test_ID,encoder_late,-2.3618865
NYU_test_ID,encoder_late,-6.172984
NYU_test_ID,encoder_late,-10.760996
NYU_test_ID,encoder_late,-3.5248575
NYU_test_ID,encoder_late,-10.828919
NYU_test_ID,encoder_late,-3.2600307
NYU_test_ID,encoder_late,-2.0805032
NYU_test_ID,encoder_late,-4.9697733
NYU_test_ID,encoder_late,0.72083783
NYU_test_ID,encoder_late,-4.3509774
NYU_test_ID,encoder_late,1.4170244
NYU_test_ID,encoder_late,-5.1904125
NYU_test_ID,encoder_late,-1.186974
NYU_test_ID,encoder_late,-0.5944333
NYU_test_ID,encoder_late,-4.0343523
NYU_test_ID,encoder_late,-0.7014537
NYU_test_ID,encoder_late,2.7930684
NYU_test_ID,encoder_late,-0.5886387
NYU_test_ID,encoder_late,-5.6539845
NYU_test_ID,encoder_late,-1.9856375
NYU_test_ID,encoder_late,-10.557343
NYU_test_ID,encoder_late,-9.1459
NYU_test_ID,encoder_late,-15.748714
NYU_test_ID,encoder_late,-13.199434
NYU_test_ID,encoder_late,-10.239601
NYU_test_ID,encoder_late,-3.6290588
NYU_test_ID,encoder_late,-3.31783
NYU_test_ID,encoder_late,-5.970871
NYU_test_ID,encoder_late,-8.661754
NYU_test_ID,encoder_late,-3.459817
NYU_test_ID,encoder_late,-4.4597435
NYU_test_ID,encoder_late,-3.2246351
NYU_test_ID,encoder_late,-1.1202896
NYU_test_ID,encoder_late,-3.2287765
NYU_test_ID,encoder_late,-0.83827055
NYU_test_ID,encoder_late,-1.5290394
NYU_test_ID,encoder_late,-6.125059
NYU_test_ID,encoder_late,-18.325588
NYU_test_ID,encoder_late,-3.2812617
NYU_test_ID,encoder_late,-16.091217
NYU_test_ID,encoder_late,-14.6729555
NYU_test_ID,encoder_late,-8.678131
NYU_test_ID,encoder_late,-8.388089
NYU_test_ID,encoder_late,-13.849599
NYU_test_ID,encoder_late,-18.776833
NYU_test_ID,encoder_late,-16.556187
NYU_test_ID,encoder_late,-6.5928354
NYU_test_ID,encoder_late,-11.108141
NYU_test_ID,encoder_late,-8.554668
NYU_test_ID,encoder_late,-13.635983
NYU_test_ID,encoder_late,-14.354593
NYU_test_ID,encoder_late,-5.8614483
NYU_test_ID,encoder_late,-2.7671459
NYU_test_ID,encoder_late,2.4074605
NYU_test_ID,encoder_late,-4.7952538
NYU_test_ID,encoder_late,-15.745327
NYU_test_ID,encoder_late,1.048794
NYU_test_ID,encoder_late,-0.17978358
NYU_test_ID,encoder_late,0.2868364
NYU_test_ID,encoder_late,-7.0955305
NYU_test_ID,encoder_late,-0.12700093
NYU_test_ID,encoder_late,-6.5052156
NYU_test_ID,encoder_late,0.8942051
NYU_test_ID,encoder_late,-14.360933
NYU_test_ID,encoder_late,-4.1331472
NYU_test_ID,encoder_late,-5.6263747
NYU_test_ID,encoder_late,-16.254543
NYU_test_ID,encoder_late,-10.129557
NYU_test_ID,encoder_late,-4.9221363
NYU_test_ID,encoder_late,-7.1124706
NYU_test_ID,encoder_late,-12.874325
NYU_test_ID,encoder_late,-6.399564
NYU_test_ID,encoder_late,-13.655473
NYU_test_ID,encoder_late,-4.0342474
NYU_test_ID,encoder_late,-5.926709
NYU_test_ID,encoder_late,-11.653462
NYU_test_ID,encoder_late,-3.8430352
NYU_test_ID,encoder_late,-5.989574
NYU_test_ID,encoder_late,-0.17860258
NYU_test_ID,encoder_late,-5.5575056
NYU_test_ID,encoder_late,-5.8210263
NYU_test_ID,encoder_late,-7.1103077
NYU_test_ID,encoder_late,-7.7862005
NYU_test_ID,encoder_late,-2.50775
NYU_test_ID,encoder_late,-10.938823
NYU_test_ID,encoder_late,-4.8507833
NYU_test_ID,encoder_late,-13.369033
NYU_test_ID,encoder_late,-11.027147
NYU_test_ID,encoder_late,-3.2173278
NYU_test_ID,encoder_late,-5.735764
NYU_test_ID,encoder_late,-17.257715
NYU_test_ID,encoder_late,-8.595721
NYU_test_ID,encoder_late,-5.8254766
NYU_test_ID,encoder_late,-8.71246
NYU_test_ID,encoder_late,-13.314255
NYU_test_ID,encoder_late,-10.589415
NYU_test_ID,encoder_late,-15.988825
NYU_test_ID,encoder_late,-17.240765
NYU_test_ID,encoder_late,-16.944006
NYU_test_ID,encoder_late,-10.334108
NYU_test_ID,encoder_late,-11.616128
NYU_test_ID,encoder_late,-9.730778
NYU_test_ID,encoder_late,-11.151773
NYU_test_ID,encoder_late,-5.751233
NYU_test_ID,encoder_late,-8.691121
NYU_test_ID,encoder_late,-9.829742
NYU_test_ID,encoder_late,-12.578705
NYU_test_ID,encoder_late,-14.659463
NYU_test_ID,encoder_late,-4.7258515
NYU_test_ID,encoder_late,-17.625084
NYU_test_ID,encoder_late,-10.644077
NYU_test_ID,encoder_late,-0.63720095
NYU_test_ID,encoder_late,-6.288719
NYU_test_ID,encoder_late,-8.134562
NYU_test_ID,encoder_late,-9.839035
NYU_test_ID,encoder_late,-24.747957
NYU_test_ID,encoder_late,-10.7966385
NYU_test_ID,encoder_late,-7.017106
NYU_test_ID,encoder_late,-4.1947236
NYU_test_ID,encoder_late,-2.2325585
NYU_test_ID,encoder_late,-8.711563
NYU_test_ID,encoder_late,-1.8982599
NYU_test_ID,encoder_late,-10.577426
NYU_test_ID,encoder_late,-5.956704
NYU_test_ID,encoder_late,-4.6157675
NYU_test_ID,encoder_late,-5.6524987
NYU_test_ID,encoder_late,-2.2130957
NYU_test_ID,encoder_late,-4.431548
NYU_test_ID,encoder_late,-10.318133
NYU_test_ID,encoder_late,-4.03629
NYU_test_ID,encoder_late,-11.711205
NYU_test_ID,encoder_late,-13.993096
NYU_test_ID,encoder_late,-1.6270627
NYU_test_ID,encoder_late,-5.932168
NYU_test_ID,encoder_late,-13.022293
NYU_test_ID,encoder_late,-14.847176
NYU_test_ID,encoder_late,-6.548827
NYU_test_ID,encoder_late,-8.643669
NYU_test_ID,encoder_late,-8.510388
NYU_test_ID,encoder_late,-11.183427
NYU_test_ID,encoder_late,-15.312624
NYU_test_ID,encoder_late,-16.425396
NYU_test_ID,encoder_late,-11.626684
NYU_test_ID,encoder_late,-1.0860758
NYU_test_ID,encoder_late,0.49271703
NYU_test_ID,encoder_late,-6.6404095
NYU_test_ID,encoder_late,-5.6803713
NYU_test_ID,encoder_late,-14.395476
NYU_test_ID,encoder_late,-2.4044015
NYU_test_ID,encoder_late,-6.1927094
NYU_test_ID,encoder_late,0.21344209
NYU_test_ID,encoder_late,-8.495075
NYU_test_ID,encoder_late,0.2397114
NYU_test_ID,encoder_late,-3.0297866
NYU_test_ID,encoder_late,-9.118231
NYU_test_ID,encoder_late,-10.775968
NYU_test_ID,encoder_late,-22.727049
NYU_test_ID,encoder_late,-7.4096346
NYU_test_ID,encoder_late,1.8268721
NYU_test_ID,encoder_late,-15.027824
NYU_test_ID,encoder_late,-12.0386505
NYU_test_ID,encoder_late,-9.047928
NYU_test_ID,encoder_late,-14.07078
NYU_test_ID,encoder_late,-13.226011
NYU_test_ID,encoder_late,-16.505156
NYU_test_ID,encoder_late,-3.8830523
NYU_test_ID,encoder_late,-11.249394
NYU_test_ID,encoder_late,-9.745577
NYU_test_ID,encoder_late,-10.781843
NYU_test_ID,encoder_late,-13.62119
NYU_test_ID,encoder_late,-11.032216
NYU_test_ID,encoder_late,-5.697242
NYU_test_ID,encoder_late,-15.890804
NYU_test_ID,encoder_late,-2.249102
NYU_test_ID,encoder_late,-8.460356
NYU_test_ID,encoder_late,-5.801237
NYU_test_ID,encoder_late,-11.221086
NYU_test_ID,encoder_late,-12.136466
NYU_test_ID,encoder_late,-0.3212589
NYU_test_ID,encoder_late,-3.6310654
NYU_test_ID,encoder_late,-12.858419
NYU_test_ID,encoder_late,-14.266444
NYU_test_ID,encoder_late,-3.1037893
NYU_test_ID,encoder_late,-3.7764208
NYU_test_ID,encoder_late,-6.0143595
NYU_test_ID,encoder_late,-16.396364
NYU_test_ID,encoder_late,-4.7320576
NYU_test_ID,encoder_late,-4.610715
NYU_test_ID,encoder_late,-10.008374
NYU_test_ID,encoder_late,-2.6546595
NYU_test_ID,encoder_late,-10.2273655
NYU_test_ID,encoder_late,-3.1304812
NYU_test_ID,encoder_late,-8.074762
NYU_test_ID,encoder_late,-12.529308
NYU_test_ID,encoder_late,-17.871855
NYU_test_ID,encoder_late,-9.248067
NYU_test_ID,encoder_late,-8.072042
NYU_test_ID,encoder_late,-9.410664
NYU_test_ID,encoder_late,-9.327564
NYU_test_ID,encoder_late,-9.878268
NYU_test_ID,encoder_late,-9.129408
NYU_test_ID,encoder_late,-9.432475
NYU_test_ID,encoder_late,-6.6768456
NYU_test_ID,encoder_late,-10.783154
NYU_test_ID,encoder_late,-12.207601
NYU_test_ID,encoder_late,-7.9226995
NYU_test_ID,encoder_late,-10.113023
NYU_test_ID,encoder_late,-10.153595
NYU_test_ID,encoder_late,-11.32845
NYU_test_ID,encoder_late,0.3323102
NYU_test_ID,encoder_late,-5.7174864
NYU_test_ID,encoder_late,-8.915758
NYU_test_ID,encoder_late,-4.7830753
NYU_test_ID,encoder_late,-10.194532
NYU_test_ID,encoder_late,-11.682788
NYU_test_ID,encoder_late,-7.747633
NYU_test_ID,encoder_late,-10.066071
NYU_test_ID,encoder_late,-1.1608531
NYU_test_ID,encoder_late,1.4780847
NYU_test_ID,encoder_late,-2.5031734
NYU_test_ID,encoder_late,-18.119648
NYU_test_ID,encoder_late,-7.254192
NYU_test_ID,encoder_late,-9.098305
NYU_test_ID,encoder_late,-5.2560787
NYU_test_ID,encoder_late,-10.273228
NYU_test_ID,encoder_late,-7.513637
NYU_test_ID,encoder_late,-11.61447
NYU_test_ID,encoder_late,-1.0489156
NYU_test_ID,encoder_late,2.0965397
NYU_test_ID,encoder_late,-4.2754674
NYU_test_ID,encoder_late,2.161527
NYU_test_ID,encoder_late,5.6126285
NYU_test_ID,encoder_late,-2.7386494
NYU_test_ID,encoder_late,3.0292478
NYU_test_ID,encoder_late,-6.7361646
NYU_test_ID,encoder_late,-0.62574494
NYU_test_ID,encoder_late,-8.95128
NYU_test_ID,encoder_late,-7.7456236
NYU_test_ID,encoder_late,-4.7218013
NYU_test_ID,encoder_late,-1.1597176
NYU_test_ID,encoder_late,1.4769485
NYU_test_ID,encoder_late,-3.295995
NYU_test_ID,encoder_late,-8.697307
NYU_test_ID,encoder_late,0.117525935
NYU_test_ID,encoder_late,2.3128483
NYU_test_ID,encoder_late,-1.1810083
NYU_test_ID,encoder_late,-8.407097
NYU_test_ID,encoder_late,-19.23613
NYU_test_ID,encoder_late,-3.195338
NYU_test_ID,encoder_late,-5.0180883
NYU_test_ID,encoder_late,-1.53949
NYU_test_ID,encoder_late,-2.5391064
NYU_test_ID,encoder_late,-4.376691
NYU_test_ID,encoder_late,-1.745378
NYU_test_ID,encoder_late,-9.733023
NYU_test_ID,encoder_late,-15.58779
NYU_test_ID,encoder_late,-2.8303552
NYU_test_ID,encoder_late,-4.688706
NYU_test_ID,encoder_late,-8.699178
NYU_test_ID,encoder_late,-2.197672
NYU_test_ID,encoder_late,-7.3098335
NYU_test_ID,encoder_late,-5.916683
NYU_test_ID,encoder_late,-2.7660832
NYU_test_ID,encoder_late,-5.592791
NYU_test_ID,encoder_late,-10.821818
NYU_test_ID,encoder_late,-21.254711
NYU_test_ID,encoder_late,-18.000366
NYU_test_ID,encoder_late,-6.454934
NYU_test_ID,encoder_late,-16.918442
NYU_test_ID,encoder_late,-6.0572543
NYU_test_ID,encoder_late,-4.140765
NYU_test_ID,encoder_late,-9.184371
NYU_test_ID,encoder_late,-2.5370092
NYU_test_ID,encoder_late,-7.9507246
NYU_test_ID,encoder_late,-7.205868
NYU_test_ID,encoder_late,-4.5692644
NYU_test_ID,encoder_late,3.959496
NYU_test_ID,encoder_late,-11.38661
NYU_test_ID,encoder_late,-3.4608245
NYU_test_ID,encoder_late,-1.7539631
NYU_test_ID,encoder_late,-1.5022218
NYU_test_ID,encoder_late,0.15717304
NYU_test_ID,encoder_late,-11.166917
NYU_test_ID,encoder_late,-5.047601
NYU_test_ID,encoder_late,-20.848413
NYU_test_ID,encoder_late,-8.284063
NYU_test_ID,encoder_late,-10.268869
NYU_test_ID,encoder_late,-7.9142423
NYU_test_ID,encoder_late,-1.5105182
NYU_test_ID,encoder_late,-6.294308
NYU_test_ID,encoder_late,-13.0146885
NYU_test_ID,encoder_late,-4.770771
NYU_test_ID,encoder_late,-5.2223825
NYU_test_ID,encoder_late,-3.7234583
NYU_test_ID,encoder_late,-7.752076
NYU_test_ID,encoder_late,-3.1509485
NYU_test_ID,encoder_late,-14.712147
NYU_test_ID,encoder_late,-6.9883575
NYU_test_ID,encoder_late,-12.65682
NYU_test_ID,encoder_late,-0.35076892
NYU_test_ID,encoder_late,-1.3441353
NYU_test_ID,encoder_late,-9.051678
NYU_test_ID,encoder_late,-12.836918
NYU_test_ID,encoder_late,-7.482265
NYU_test_ID,encoder_late,-19.904257
NYU_test_ID,encoder_late,-14.854794
NYU_test_ID,encoder_late,-11.86714
NYU_test_ID,encoder_late,-3.4045224
NYU_test_ID,encoder_late,-7.1497393
NYU_test_ID,encoder_late,-0.24613571
NYU_test_ID,encoder_late,-7.580593
NYU_test_ID,encoder_late,-12.439364
NYU_test_ID,encoder_late,-8.291799
NYU_test_ID,encoder_late,-10.583384
NYU_test_ID,encoder_late,-2.3063354
NYU_test_ID,encoder_late,-1.8779202
NYU_test_ID,encoder_late,-9.131798
NYU_test_ID,encoder_late,-5.2466326
NYU_test_ID,encoder_late,-10.235462
NYU_test_ID,encoder_late,-9.942982
NYU_test_ID,encoder_late,-9.238505
NYU_test_ID,encoder_late,-10.239777
NYU_test_ID,encoder_late,-0.5273646
NYU_test_ID,encoder_late,-14.110847
NYU_test_ID,encoder_late,-6.2476597
NYU_test_ID,encoder_late,1.3334917
NYU_test_ID,encoder_late,-15.581739
NYU_test_ID,encoder_late,-5.291396
NYU_test_ID,encoder_late,-14.722935
NYU_test_ID,encoder_late,-6.0583267
NYU_test_ID,encoder_late,-11.800629
NYU_test_ID,encoder_late,-7.617861
NYU_test_ID,encoder_late,-13.657835
NYU_test_ID,encoder_late,-3.4852319
NYU_test_ID,encoder_late,-6.279673
NYU_test_ID,encoder_late,-8.518046
NYU_test_ID,encoder_late,-14.424081
NYU_test_ID,encoder_late,-5.4947567
NYU_test_ID,encoder_late,-19.615795
NYU_test_ID,encoder_late,-8.972491
NYU_test_ID,encoder_late,-5.7920136
NYU_test_ID,encoder_late,-10.550224
NYU_test_ID,encoder_late,-10.87368
NYU_test_ID,encoder_late,-20.0539
NYU_test_ID,encoder_late,-12.266645
NYU_test_ID,encoder_late,-22.987648
NYU_test_ID,encoder_late,-1.0671766
NYU_test_ID,encoder_late,-9.867641
NYU_test_ID,encoder_late,-10.94847
NYU_test_ID,encoder_late,-8.603683
NYU_test_ID,encoder_late,-18.297007
NYU_test_ID,encoder_late,-18.863358
NYU_test_ID,encoder_late,-8.160555
NYU_test_ID,encoder_late,-7.157733
NYU_test_ID,encoder_late,-11.266381
NYU_test_ID,encoder_late,-6.5921516
NYU_test_ID,encoder_late,-11.96926
NYU_test_ID,encoder_late,-4.395399
NYU_test_ID,encoder_late,-14.902555
NYU_test_ID,encoder_late,-6.8283925
NYU_test_ID,encoder_late,-3.7761462
NYU_test_ID,encoder_late,-1.0749283
NYU_test_ID,encoder_late,-8.0911875
NYU_test_ID,encoder_late,-5.804739
NYU_test_ID,encoder_late,-10.986043
NYU_test_ID,encoder_late,-14.143056
NYU_test_ID,encoder_late,-7.547106
NYU_test_ID,encoder_late,-6.226011
NYU_test_ID,encoder_late,-5.4812717
NYU_test_ID,encoder_late,-19.932913
NYU_test_ID,encoder_late,-4.58092
NYU_test_ID,encoder_late,-7.192234
NYU_test_ID,encoder_late,-11.273422
NYU_test_ID,encoder_late,-6.6955304
NYU_test_ID,encoder_late,-10.779621
NYU_test_ID,encoder_late,-19.067703
NYU_test_ID,encoder_late,-25.475061
NYU_test_ID,encoder_late,-8.227793
NYU_test_ID,encoder_late,-10.060535
NYU_test_ID,encoder_late,-6.5592065
NYU_test_ID,encoder_late,-4.7507887
NYU_test_ID,encoder_late,-6.5739594
NYU_test_ID,encoder_late,-15.026778
NYU_test_ID,encoder_late,0.31063104
NYU_test_ID,encoder_late,-5.689436
NYU_test_ID,encoder_late,-6.7822337
NYU_test_ID,encoder_late,-8.846285
NYU_test_ID,encoder_late,-8.917573
NYU_test_ID,encoder_late,-15.293407
NYU_test_ID,encoder_late,-20.413054
NYU_test_ID,encoder_late,-17.236097
NYU_test_ID,encoder_late,-12.244832
NYU_test_ID,encoder_late,-7.342708
NYU_test_ID,encoder_late,-11.236417
NYU_test_ID,encoder_late,-15.093078
NYU_test_ID,encoder_late,-2.1301768
NYU_test_ID,encoder_late,-8.224482
NYU_test_ID,encoder_late,-7.9915466
NYU_test_ID,encoder_late,-11.291356
NYU_test_ID,encoder_late,-5.245023
NYU_test_ID,encoder_late,-5.932642
NYU_test_ID,encoder_late,-6.407671
NYU_test_ID,encoder_late,-9.188094
NYU_test_ID,encoder_late,-4.523446
NYU_test_ID,encoder_late,-6.96276
NYU_test_ID,encoder_late,-4.964081
NYU_test_ID,encoder_late,-4.0081863
NYU_test_ID,encoder_late,-10.84569
NYU_test_ID,encoder_late,-13.149542
NYU_test_ID,encoder_late,-14.955828
NYU_test_ID,encoder_late,-9.593763
NYU_test_ID,encoder_late,-6.3713923
NYU_test_ID,encoder_late,-4.951133
NYU_test_ID,encoder_late,-8.944642
NYU_test_ID,encoder_late,-8.851456
NYU_test_ID,encoder_late,-12.207913
NYU_test_ID,encoder_late,-11.203282
NYU_test_ID,encoder_late,-5.855255
NYU_test_ID,encoder_late,-15.531643
NYU_test_ID,encoder_late,-6.5380473
NYU_test_ID,encoder_late,-5.268425
NYU_test_ID,encoder_late,-9.499138
NYU_test_ID,encoder_late,-9.7052765
NYU_test_ID,encoder_late,-8.841432
NYU_test_ID,encoder_late,-10.21794
NYU_test_ID,encoder_late,-14.633535
NYU_test_ID,encoder_late,-6.2636275
NYU_test_ID,encoder_late,-4.54455
NYU_test_ID,encoder_late,-9.014216
NYU_test_ID,encoder_late,-6.9344907
NYU_test_ID,encoder_late,-3.630867
NYU_test_ID,encoder_late,-14.971462
NYU_test_ID,encoder_late,-16.592209
NYU_test_ID,encoder_late,0.0069328547
NYU_test_ID,encoder_late,-9.281831
NYU_test_ID,encoder_late,-22.947927
NYU_test_ID,encoder_late,-14.584396
NYU_test_ID,encoder_late,-12.880005
NYU_test_ID,encoder_late,-5.406015
NYU_test_ID,encoder_late,-2.8969345
NYU_test_ID,encoder_late,-1.0389531
NYU_test_ID,encoder_late,-4.139042
NYU_test_ID,encoder_late,-6.2707663
NYU_test_ID,encoder_late,-1.244212
NYU_test_ID,encoder_late,-5.595946
NYU_test_ID,encoder_late,-0.65204746
NYU_test_ID,encoder_late,-5.0426345
NYU_test_ID,encoder_late,-3.5548577
NYU_test_ID,encoder_late,-2.8872604
NYU_test_ID,encoder_late,-0.71267295
NYU_test_ID,encoder_late,-7.0253286
NYU_test_ID,encoder_late,1.7860252
NYU_test_ID,encoder_late,3.9120166
NYU_test_ID,encoder_late,-7.31094
NYU_test_ID,encoder_late,-3.091436
NYU_test_ID,encoder_late,-8.05727
NYU_test_ID,encoder_late,-3.938312
NYU_test_ID,encoder_late,-9.321562
NYU_test_ID,encoder_late,-11.4652
NYU_test_ID,encoder_late,-0.7650793
NYU_test_ID,encoder_late,-5.372938
NYU_test_ID,encoder_late,-4.305496
NYU_test_ID,encoder_late,-2.2953382
NYU_test_ID,encoder_late,-6.791667
NYU_test_ID,encoder_late,-1.5564291
NYU_test_ID,encoder_late,-11.010816
NYU_test_ID,encoder_late,-4.1263366
NYU_test_ID,encoder_late,-0.696938
NYU_test_ID,encoder_late,-3.6580029
NYU_test_ID,encoder_late,-6.807709
NYU_test_ID,encoder_late,-11.057609
NYU_test_ID,encoder_late,-4.8214016
NYU_test_ID,encoder_late,-5.0989814
NYU_test_ID,encoder_late,0.011263728
NYU_test_ID,encoder_late,-3.631607
NYU_test_ID,encoder_late,-2.3879366
NYU_test_ID,encoder_late,-8.36783
NYU_test_ID,encoder_late,-8.305413
NYU_test_ID,encoder_late,-5.602657
NYU_test_ID,encoder_late,-1.1769979
NYU_test_ID,encoder_late,-6.0938196
NYU_test_ID,encoder_late,-8.456579
NYU_test_ID,encoder_late,-10.05953
NYU_test_ID,encoder_late,-6.3585
NYU_test_ID,encoder_late,-5.2743883
NYU_test_ID,encoder_late,-2.0677817
NYU_test_ID,encoder_late,-4.282933
NYU_test_ID,encoder_late,-3.6771145
NYU_test_ID,encoder_late,1.4478561
NYU_test_ID,encoder_late,-3.6229103
NYU_test_ID,encoder_late,-5.037103
NYU_test_ID,encoder_late,-0.49501133
NYU_test_ID,encoder_late,-8.154477
NYU_test_ID,encoder_late,-4.76661
NYU_test_ID,encoder_late,2.7519364
NYU_test_ID,encoder_late,-11.5593605
NYU_test_ID,encoder_late,-5.772457
NYU_test_ID,encoder_late,-5.3701673
NYU_test_ID,encoder_late,-8.261515
NYU_test_ID,encoder_late,-15.842259
NYU_test_ID,encoder_late,-2.2453294
NYU_test_ID,encoder_late,-4.9023438
NYU_test_ID,encoder_late,-4.1616883
NYU_test_ID,encoder_late,-0.99519926
NYU_test_ID,encoder_late,-1.9601476
NYU_test_ID,encoder_late,-0.61784124
NYU_test_ID,encoder_late,-11.985841
NYU_test_ID,encoder_late,-1.4077588
NYU_test_ID,encoder_late,-8.5403185
NYU_test_ID,encoder_late,-3.7041893
NYU_test_ID,encoder_late,-10.876544
NYU_test_ID,encoder_late,0.34429765
NYU_test_ID,encoder_late,-3.1298714
NYU_test_ID,encoder_late,0.031452894
NYU_test_ID,encoder_late,-3.424338
NYU_test_ID,encoder_late,-4.776046
NYU_test_ID,encoder_late,0.8861717
NYU_test_ID,encoder_late,0.007912636
NYU_test_ID,encoder_late,-2.2976866
NYU_test_ID,encoder_late,-3.6613646
NYU_test_ID,encoder_late,-2.1106322
NYU_test_ID,encoder_late,3.668221
NYU_test_ID,encoder_late,-1.8053687
NYU_test_ID,encoder_late,-3.7972562
NYU_test_ID,encoder_late,-6.2961464
NYU_test_ID,encoder_late,-8.252819
NYU_test_ID,encoder_late,-1.3959002
NYU_test_ID,encoder_late,-7.7285085
NYU_test_ID,encoder_late,-4.7607017
NYU_test_ID,encoder_late,3.2891562
NYU_test_ID,encoder_late,1.2491901
NYU_test_ID,encoder_late,1.566237
NYU_test_ID,encoder_late,0.28399765
NYU_test_ID,encoder_late,-7.5912075
NYU_test_ID,encoder_late,-3.6134884
NYU_test_ID,encoder_late,-0.42377383
NYU_test_ID,encoder_late,-1.6260581
NYU_test_ID,encoder_late,-2.7788706
NYU_test_ID,encoder_late,-5.9123287
NYU_test_ID,encoder_late,-2.1809509
NYU_test_ID,encoder_late,-15.498838
NYU_test_ID,encoder_late,-12.646282
NYU_test_ID,encoder_late,-9.788605
NYU_test_ID,encoder_late,-11.026068
NYU_test_ID,encoder_late,-1.2314144
NYU_test_ID,encoder_late,-0.18376899
NYU_test_ID,decoder_late,-34.731934
NYU_test_ID,decoder_late,-32.847527
NYU_test_ID,decoder_late,-32.152283
NYU_test_ID,decoder_late,-33.85321
NYU_test_ID,decoder_late,-33.958042
NYU_test_ID,decoder_late,-34.526028
NYU_test_ID,decoder_late,-34.66619
NYU_test_ID,decoder_late,-33.50268
NYU_test_ID,decoder_late,-33.69602
NYU_test_ID,decoder_late,-35.24161
NYU_test_ID,decoder_late,-35.677055
NYU_test_ID,decoder_late,-32.61807
NYU_test_ID,decoder_late,-29.285925
NYU_test_ID,decoder_late,-33.527348
NYU_test_ID,decoder_late,-33.649323
NYU_test_ID,decoder_late,-32.626568
NYU_test_ID,decoder_late,-35.12741
NYU_test_ID,decoder_late,-34.612625
NYU_test_ID,decoder_late,-34.810913
NYU_test_ID,decoder_late,-28.315296
NYU_test_ID,decoder_late,-34.887962
NYU_test_ID,decoder_late,-33.4854
NYU_test_ID,decoder_late,-26.922762
NYU_test_ID,decoder_late,-34.05962
NYU_test_ID,decoder_late,-34.974384
NYU_test_ID,decoder_late,-23.485556
NYU_test_ID,decoder_late,-28.108688
NYU_test_ID,decoder_late,-28.137833
NYU_test_ID,decoder_late,-26.01651
NYU_test_ID,decoder_late,-24.816128
NYU_test_ID,decoder_late,-26.665543
NYU_test_ID,decoder_late,-25.062857
NYU_test_ID,decoder_late,-26.754047
NYU_test_ID,decoder_late,-24.387083
NYU_test_ID,decoder_late,-31.984797
NYU_test_ID,decoder_late,-34.028065
NYU_test_ID,decoder_late,-33.275566
NYU_test_ID,decoder_late,-29.02937
NYU_test_ID,decoder_late,-35.08398
NYU_test_ID,decoder_late,-34.966187
NYU_test_ID,decoder_late,-32.403286
NYU_test_ID,decoder_late,-30.309563
NYU_test_ID,decoder_late,-33.961735
NYU_test_ID,decoder_late,-34.920547
NYU_test_ID,decoder_late,-35.668873
NYU_test_ID,decoder_late,-32.19528
NYU_test_ID,decoder_late,-33.8584
NYU_test_ID,decoder_late,-34.346294
NYU_test_ID,decoder_late,-36.61967
NYU_test_ID,decoder_late,-33.65493
NYU_test_ID,decoder_late,-33.495415
NYU_test_ID,decoder_late,-26.402147
NYU_test_ID,decoder_late,-32.82062
NYU_test_ID,decoder_late,-26.411139
NYU_test_ID,decoder_late,-27.420889
NYU_test_ID,decoder_late,-26.320143
NYU_test_ID,decoder_late,-27.583109
NYU_test_ID,decoder_late,-30.545382
NYU_test_ID,decoder_late,-31.116837
NYU_test_ID,decoder_late,-23.348621
NYU_test_ID,decoder_late,-31.607033
NYU_test_ID,decoder_late,-26.973644
NYU_test_ID,decoder_late,-26.21658
NYU_test_ID,decoder_late,-26.428385
NYU_test_ID,decoder_late,-32.166153
NYU_test_ID,decoder_late,-35.07607
NYU_test_ID,decoder_late,-31.925398
NYU_test_ID,decoder_late,-23.820864
NYU_test_ID,decoder_late,-31.993654
NYU_test_ID,decoder_late,-23.50264
NYU_test_ID,decoder_late,-29.657206
NYU_test_ID,decoder_late,-33.708996
NYU_test_ID,decoder_late,-30.616493
NYU_test_ID,decoder_late,-35.172768
NYU_test_ID,decoder_late,-33.122204
NYU_test_ID,decoder_late,-32.460476
NYU_test_ID,decoder_late,-28.952827
NYU_test_ID,decoder_late,-31.517988
NYU_test_ID,decoder_late,-24.637691
NYU_test_ID,decoder_late,-26.245134
NYU_test_ID,decoder_late,-26.533192
NYU_test_ID,decoder_late,-34.12029
NYU_test_ID,decoder_late,-25.130148
NYU_test_ID,decoder_late,-26.709688
NYU_test_ID,decoder_late,-27.101215
NYU_test_ID,decoder_late,-30.53981
NYU_test_ID,decoder_late,-25.863771
NYU_test_ID,decoder_late,-32.83889
NYU_test_ID,decoder_late,-27.499577
NYU_test_ID,decoder_late,-27.794859
NYU_test_ID,decoder_late,-32.34224
NYU_test_ID,decoder_late,-28.017975
NYU_test_ID,decoder_late,-28.53129
NYU_test_ID,decoder_late,-25.480482
NYU_test_ID,decoder_late,-35.90174
NYU_test_ID,decoder_late,-23.759672
NYU_test_ID,decoder_late,-32.377426
NYU_test_ID,decoder_late,-24.451853
NYU_test_ID,decoder_late,-26.482304
NYU_test_ID,decoder_late,-29.3061
NYU_test_ID,decoder_late,-29.63719
NYU_test_ID,decoder_late,-36.62291
NYU_test_ID,decoder_late,-34.699764
NYU_test_ID,decoder_late,-29.992155
NYU_test_ID,decoder_late,-30.064186
NYU_test_ID,decoder_late,-33.95235
NYU_test_ID,decoder_late,-34.112106
NYU_test_ID,decoder_late,-33.135155
NYU_test_ID,decoder_late,-35.066223
NYU_test_ID,decoder_late,-28.233774
NYU_test_ID,decoder_late,-33.923157
NYU_test_ID,decoder_late,-33.134155
NYU_test_ID,decoder_late,-24.27016
NYU_test_ID,decoder_late,-34.41261
NYU_test_ID,decoder_late,-35.816708
NYU_test_ID,decoder_late,-36.22828
NYU_test_ID,decoder_late,-34.235893
NYU_test_ID,decoder_late,-33.99823
NYU_test_ID,decoder_late,-26.821337
NYU_test_ID,decoder_late,-36.21047
NYU_test_ID,decoder_late,-29.986774
NYU_test_ID,decoder_late,-35.723366
NYU_test_ID,decoder_late,-36.38305
NYU_test_ID,decoder_late,-35.369324
NYU_test_ID,decoder_late,-35.36837
NYU_test_ID,decoder_late,-36.7528
NYU_test_ID,decoder_late,-36.817497
NYU_test_ID,decoder_late,-34.406418
NYU_test_ID,decoder_late,-33.25962
NYU_test_ID,decoder_late,-32.877987
NYU_test_ID,decoder_late,-34.682247
NYU_test_ID,decoder_late,-35.068012
NYU_test_ID,decoder_late,-33.97633
NYU_test_ID,decoder_late,-32.623074
NYU_test_ID,decoder_late,-33.71011
NYU_test_ID,decoder_late,-33.133434
NYU_test_ID,decoder_late,-27.517443
NYU_test_ID,decoder_late,-35.973
NYU_test_ID,decoder_late,-28.162613
NYU_test_ID,decoder_late,-36.311337
NYU_test_ID,decoder_late,-35.89011
NYU_test_ID,decoder_late,-30.940876
NYU_test_ID,decoder_late,-27.571402
NYU_test_ID,decoder_late,-30.088448
NYU_test_ID,decoder_late,-28.523304
NYU_test_ID,decoder_late,-32.612553
NYU_test_ID,decoder_late,-28.895857
NYU_test_ID,decoder_late,-21.797056
NYU_test_ID,decoder_late,-26.67187
NYU_test_ID,decoder_late,-35.13477
NYU_test_ID,decoder_late,-23.707245
NYU_test_ID,decoder_late,-28.026186
NYU_test_ID,decoder_late,-25.260286
NYU_test_ID,decoder_late,-24.175016
NYU_test_ID,decoder_late,-27.49762
NYU_test_ID,decoder_late,-24.495285
NYU_test_ID,decoder_late,-21.931198
NYU_test_ID,decoder_late,-24.43998
NYU_test_ID,decoder_late,-29.618086
NYU_test_ID,decoder_late,-25.66833
NYU_test_ID,decoder_late,-29.763039
NYU_test_ID,decoder_late,-30.140863
NYU_test_ID,decoder_late,-33.954185
NYU_test_ID,decoder_late,-35.552124
NYU_test_ID,decoder_late,-34.117924
NYU_test_ID,decoder_late,-31.142473
NYU_test_ID,decoder_late,-23.39559
NYU_test_ID,decoder_late,-35.599365
NYU_test_ID,decoder_late,-35.868046
NYU_test_ID,decoder_late,-29.158052
NYU_test_ID,decoder_late,-29.362427
NYU_test_ID,decoder_late,-33.673275
NYU_test_ID,decoder_late,-35.00273
NYU_test_ID,decoder_late,-30.026033
NYU_test_ID,decoder_late,-32.086197
NYU_test_ID,decoder_late,-34.851017
NYU_test_ID,decoder_late,-27.887983
NYU_test_ID,decoder_late,-32.281982
NYU_test_ID,decoder_late,-26.254202
NYU_test_ID,decoder_late,-32.937138
NYU_test_ID,decoder_late,-32.865578
NYU_test_ID,decoder_late,-32.5239
NYU_test_ID,decoder_late,-35.30849
NYU_test_ID,decoder_late,-30.199635
NYU_test_ID,decoder_late,-33.436054
NYU_test_ID,decoder_late,-35.14421
NYU_test_ID,decoder_late,-31.248373
NYU_test_ID,decoder_late,-24.74387
NYU_test_ID,decoder_late,-33.946842
NYU_test_ID,decoder_late,-34.81297
NYU_test_ID,decoder_late,-24.691538
NYU_test_ID,decoder_late,-30.946915
NYU_test_ID,decoder_late,-30.644726
NYU_test_ID,decoder_late,-25.396471
NYU_test_ID,decoder_late,-26.066772
NYU_test_ID,decoder_late,-28.185387
NYU_test_ID,decoder_late,-26.776148
NYU_test_ID,decoder_late,-31.068172
NYU_test_ID,decoder_late,-34.59233
NYU_test_ID,decoder_late,-30.921251
NYU_test_ID,decoder_late,-29.750044
NYU_test_ID,decoder_late,-32.377083
NYU_test_ID,decoder_late,-32.92583
NYU_test_ID,decoder_late,-30.184004
NYU_test_ID,decoder_late,-31.70791
NYU_test_ID,decoder_late,-24.54727
NYU_test_ID,decoder_late,-25.838917
NYU_test_ID,decoder_late,-35.287453
NYU_test_ID,decoder_late,-33.8997
NYU_test_ID,decoder_late,-32.730545
NYU_test_ID,decoder_late,-24.705061
NYU_test_ID,decoder_late,-26.293724
NYU_test_ID,decoder_late,-33.457832
NYU_test_ID,decoder_late,-35.029945
NYU_test_ID,decoder_late,-24.374514
NYU_test_ID,decoder_late,-30.648321
NYU_test_ID,decoder_late,-26.29801
NYU_test_ID,decoder_late,-33.109734
NYU_test_ID,decoder_late,-34.382225
NYU_test_ID,decoder_late,-28.218058
NYU_test_ID,decoder_late,-25.412775
NYU_test_ID,decoder_late,-31.37629
NYU_test_ID,decoder_late,-30.608187
NYU_test_ID,decoder_late,-35.010845
NYU_test_ID,decoder_late,-27.980871
NYU_test_ID,decoder_late,-24.481966
NYU_test_ID,decoder_late,-26.201422
NYU_test_ID,decoder_late,-34.383217
NYU_test_ID,decoder_late,-25.780718
NYU_test_ID,decoder_late,-25.821712
NYU_test_ID,decoder_late,-26.993946
NYU_test_ID,decoder_late,-28.351536
NYU_test_ID,decoder_late,-29.907393
NYU_test_ID,decoder_late,-34.844517
NYU_test_ID,decoder_late,-29.869984
NYU_test_ID,decoder_late,-28.222809
NYU_test_ID,decoder_late,-30.501678
NYU_test_ID,decoder_late,-32.124905
NYU_test_ID,decoder_late,-28.568079
NYU_test_ID,decoder_late,-27.914293
NYU_test_ID,decoder_late,-34.71772
NYU_test_ID,decoder_late,-29.931551
NYU_test_ID,decoder_late,-24.614817
NYU_test_ID,decoder_late,-33.89109
NYU_test_ID,decoder_late,-25.091324
NYU_test_ID,decoder_late,-31.660942
NYU_test_ID,decoder_late,-23.219555
NYU_test_ID,decoder_late,-24.972942
NYU_test_ID,decoder_late,-29.271809
NYU_test_ID,decoder_late,-33.055084
NYU_test_ID,decoder_late,-29.893534
NYU_test_ID,decoder_late,-27.208817
NYU_test_ID,decoder_late,-31.988049
NYU_test_ID,decoder_late,-24.916899
NYU_test_ID,decoder_late,-31.917717
NYU_test_ID,decoder_late,-26.12535
NYU_test_ID,decoder_late,-31.046993
NYU_test_ID,decoder_late,-30.816141
NYU_test_ID,decoder_late,-36.838158
NYU_test_ID,decoder_late,-35.63446
NYU_test_ID,decoder_late,-28.58867
NYU_test_ID,decoder_late,-27.472681
NYU_test_ID,decoder_late,-27.776093
NYU_test_ID,decoder_late,-30.723866
NYU_test_ID,decoder_late,-21.804226
NYU_test_ID,decoder_late,-22.107853
NYU_test_ID,decoder_late,-31.955486
NYU_test_ID,decoder_late,-34.455273
NYU_test_ID,decoder_late,-29.294188
NYU_test_ID,decoder_late,-30.492846
NYU_test_ID,decoder_late,-27.711046
NYU_test_ID,decoder_late,-21.901865
NYU_test_ID,decoder_late,-27.701689
NYU_test_ID,decoder_late,-35.151085
NYU_test_ID,decoder_late,-35.630054
NYU_test_ID,decoder_late,-26.163427
NYU_test_ID,decoder_late,-25.28336
NYU_test_ID,decoder_late,-25.582804
NYU_test_ID,decoder_late,-29.180489
NYU_test_ID,decoder_late,-30.097647
NYU_test_ID,decoder_late,-27.532866
NYU_test_ID,decoder_late,-32.110645
NYU_test_ID,decoder_late,-26.474497
NYU_test_ID,decoder_late,-29.271214
NYU_test_ID,decoder_late,-31.143791
NYU_test_ID,decoder_late,-32.151756
NYU_test_ID,decoder_late,-33.128242
NYU_test_ID,decoder_late,-33.08174
NYU_test_ID,decoder_late,-33.493664
NYU_test_ID,decoder_late,-32.120335
NYU_test_ID,decoder_late,-27.396261
NYU_test_ID,decoder_late,-26.026398
NYU_test_ID,decoder_late,-32.47473
NYU_test_ID,decoder_late,-28.791103
NYU_test_ID,decoder_late,-32.156136
NYU_test_ID,decoder_late,-24.851229
NYU_test_ID,decoder_late,-26.622393
NYU_test_ID,decoder_late,-25.377575
NYU_test_ID,decoder_late,-24.553915
NYU_test_ID,decoder_late,-29.529537
NYU_test_ID,decoder_late,-29.957817
NYU_test_ID,decoder_late,-32.490425
NYU_test_ID,decoder_late,-26.451479
NYU_test_ID,decoder_late,-31.169777
NYU_test_ID,decoder_late,-26.636145
NYU_test_ID,decoder_late,-31.963306
NYU_test_ID,decoder_late,-29.153236
NYU_test_ID,decoder_late,-33.16099
NYU_test_ID,decoder_late,-31.31343
NYU_test_ID,decoder_late,-27.449806
NYU_test_ID,decoder_late,-31.171984
NYU_test_ID,decoder_late,-23.212095
NYU_test_ID,decoder_late,-29.209776
NYU_test_ID,decoder_late,-28.42166
NYU_test_ID,decoder_late,-29.518608
NYU_test_ID,decoder_late,-24.89749
NYU_test_ID,decoder_late,-24.262205
NYU_test_ID,decoder_late,-23.87905
NYU_test_ID,decoder_late,-25.232208
NYU_test_ID,decoder_late,-30.713837
NYU_test_ID,decoder_late,-30.75547
NYU_test_ID,decoder_late,-28.510262
NYU_test_ID,decoder_late,-24.457685
NYU_test_ID,decoder_late,-25.733006
NYU_test_ID,decoder_late,-23.987644
NYU_test_ID,decoder_late,-27.849861
NYU_test_ID,decoder_late,-25.200518
NYU_test_ID,decoder_late,-27.106998
NYU_test_ID,decoder_late,-28.373648
NYU_test_ID,decoder_late,-24.882572
NYU_test_ID,decoder_late,-31.78897
NYU_test_ID,decoder_late,-27.847073
NYU_test_ID,decoder_late,-28.288057
NYU_test_ID,decoder_late,-31.809551
NYU_test_ID,decoder_late,-34.59328
NYU_test_ID,decoder_late,-27.452326
NYU_test_ID,decoder_late,-32.222908
NYU_test_ID,decoder_late,-30.17791
NYU_test_ID,decoder_late,-28.994236
NYU_test_ID,decoder_late,-34.99121
NYU_test_ID,decoder_late,-36.56481
NYU_test_ID,decoder_late,-33.00249
NYU_test_ID,decoder_late,-32.15974
NYU_test_ID,decoder_late,-33.035923
NYU_test_ID,decoder_late,-26.971708
NYU_test_ID,decoder_late,-29.43111
NYU_test_ID,decoder_late,-32.630005
NYU_test_ID,decoder_late,-37.697556
NYU_test_ID,decoder_late,-26.597582
NYU_test_ID,decoder_late,-34.141266
NYU_test_ID,decoder_late,-33.59869
NYU_test_ID,decoder_late,-33.35429
NYU_test_ID,decoder_late,-32.78016
NYU_test_ID,decoder_late,-26.033983
NYU_test_ID,decoder_late,-34.675846
NYU_test_ID,decoder_late,-24.882168
NYU_test_ID,decoder_late,-27.597345
NYU_test_ID,decoder_late,-25.322824
NYU_test_ID,decoder_late,-26.873304
NYU_test_ID,decoder_late,-25.681417
NYU_test_ID,decoder_late,-31.547987
NYU_test_ID,decoder_late,-31.392006
NYU_test_ID,decoder_late,-27.66745
NYU_test_ID,decoder_late,-23.559523
NYU_test_ID,decoder_late,-31.999308
NYU_test_ID,decoder_late,-34.70239
NYU_test_ID,decoder_late,-28.87097
NYU_test_ID,decoder_late,-36.045006
NYU_test_ID,decoder_late,-34.89597
NYU_test_ID,decoder_late,-30.529339
NYU_test_ID,decoder_late,-29.639046
NYU_test_ID,decoder_late,-24.89744
NYU_test_ID,decoder_late,-22.227951
NYU_test_ID,decoder_late,-24.370829
NYU_test_ID,decoder_late,-24.402262
NYU_test_ID,decoder_late,-26.086077
NYU_test_ID,decoder_late,-24.93704
NYU_test_ID,decoder_late,-27.387774
NYU_test_ID,decoder_late,-34.99434
NYU_test_ID,decoder_late,-31.425613
NYU_test_ID,decoder_late,-30.546995
NYU_test_ID,decoder_late,-34.869286
NYU_test_ID,decoder_late,-35.05198
NYU_test_ID,decoder_late,-32.736008
NYU_test_ID,decoder_late,-23.62542
NYU_test_ID,decoder_late,-33.91298
NYU_test_ID,decoder_late,-33.729076
NYU_test_ID,decoder_late,-26.045649
NYU_test_ID,decoder_late,-28.07946
NYU_test_ID,decoder_late,-31.392714
NYU_test_ID,decoder_late,-25.65237
NYU_test_ID,decoder_late,-31.180698
NYU_test_ID,decoder_late,-27.942652
NYU_test_ID,decoder_late,-32.557373
NYU_test_ID,decoder_late,-34.83434
NYU_test_ID,decoder_late,-33.434704
NYU_test_ID,decoder_late,-26.193005
NYU_test_ID,decoder_late,-33.37925
NYU_test_ID,decoder_late,-33.99186
NYU_test_ID,decoder_late,-36.035625
NYU_test_ID,decoder_late,-31.228758
NYU_test_ID,decoder_late,-29.036556
NYU_test_ID,decoder_late,-36.10919
NYU_test_ID,decoder_late,-35.29338
NYU_test_ID,decoder_late,-27.20793
NYU_test_ID,decoder_late,-24.529436
NYU_test_ID,decoder_late,-25.333559
NYU_test_ID,decoder_late,-35.496765
NYU_test_ID,decoder_late,-35.261192
NYU_test_ID,decoder_late,-33.88923
NYU_test_ID,decoder_late,-23.682257
NYU_test_ID,decoder_late,-32.886566
NYU_test_ID,decoder_late,-34.198944
NYU_test_ID,decoder_late,-34.926613
NYU_test_ID,decoder_late,-33.17976
NYU_test_ID,decoder_late,-30.158852
NYU_test_ID,decoder_late,-33.672554
NYU_test_ID,decoder_late,-32.515602
NYU_test_ID,decoder_late,-30.847383
NYU_test_ID,decoder_late,-33.756657
NYU_test_ID,decoder_late,-33.012108
NYU_test_ID,decoder_late,-30.02362
NYU_test_ID,decoder_late,-29.991041
NYU_test_ID,decoder_late,-28.309046
NYU_test_ID,decoder_late,-29.545727
NYU_test_ID,decoder_late,-35.94789
NYU_test_ID,decoder_late,-34.630005
NYU_test_ID,decoder_late,-27.135315
NYU_test_ID,decoder_late,-33.7724
NYU_test_ID,decoder_late,-29.00433
NYU_test_ID,decoder_late,-35.08003
NYU_test_ID,decoder_late,-35.339104
NYU_test_ID,decoder_late,-35.16239
NYU_test_ID,decoder_late,-24.348764
NYU_test_ID,decoder_late,-35.429466
NYU_test_ID,decoder_late,-29.125988
NYU_test_ID,decoder_late,-35.512596
NYU_test_ID,decoder_late,-31.294441
NYU_test_ID,decoder_late,-30.273272
NYU_test_ID,decoder_late,-28.523329
NYU_test_ID,decoder_late,-36.549675
NYU_test_ID,decoder_late,-34.426083
NYU_test_ID,decoder_late,-36.365364
NYU_test_ID,decoder_late,-32.559704
NYU_test_ID,decoder_late,-34.688713
NYU_test_ID,decoder_late,-26.61801
NYU_test_ID,decoder_late,-35.457047
NYU_test_ID,decoder_late,-25.58943
NYU_test_ID,decoder_late,-34.20668
NYU_test_ID,decoder_late,-35.135704
NYU_test_ID,decoder_late,-27.723219
NYU_test_ID,decoder_late,-23.729347
NYU_test_ID,decoder_late,-23.33884
NYU_test_ID,decoder_late,-27.73698
NYU_test_ID,decoder_late,-26.121574
NYU_test_ID,decoder_late,-27.40667
NYU_test_ID,decoder_late,-34.665
NYU_test_ID,decoder_late,-26.843992
NYU_test_ID,decoder_late,-29.60784
NYU_test_ID,decoder_late,-28.469269
NYU_test_ID,decoder_late,-34.928787
NYU_test_ID,decoder_late,-35.71344
NYU_test_ID,decoder_late,-33.915005
NYU_test_ID,decoder_late,-33.416096
NYU_test_ID,decoder_late,-33.95724
NYU_test_ID,decoder_late,-31.091152
NYU_test_ID,decoder_late,-29.495901
NYU_test_ID,decoder_late,-33.472225
NYU_test_ID,decoder_late,-33.102592
NYU_test_ID,decoder_late,-31.393612
NYU_test_ID,decoder_late,-32.034386
NYU_test_ID,decoder_late,-36.678932
NYU_test_ID,decoder_late,-33.012337
NYU_test_ID,decoder_late,-27.302431
NYU_test_ID,decoder_late,-32.20614
NYU_test_ID,decoder_late,-35.921516
NYU_test_ID,decoder_late,-34.81436
NYU_test_ID,decoder_late,-29.446127
NYU_test_ID,decoder_late,-35.93363
NYU_test_ID,decoder_late,-26.962091
NYU_test_ID,decoder_late,-32.060673
NYU_test_ID,decoder_late,-25.59044
NYU_test_ID,decoder_late,-32.851234
NYU_test_ID,decoder_late,-35.17092
NYU_test_ID,decoder_late,-29.611837
NYU_test_ID,decoder_late,-23.154955
NYU_test_ID,decoder_late,-34.61606
NYU_test_ID,decoder_late,-30.501213
NYU_test_ID,decoder_late,-32.691837
NYU_test_ID,decoder_late,-32.76747
NYU_test_ID,decoder_late,-22.918137
NYU_test_ID,decoder_late,-35.62276
NYU_test_ID,decoder_late,-32.592445
NYU_test_ID,decoder_late,-35.01918
NYU_test_ID,decoder_late,-25.278368
NYU_test_ID,decoder_late,-27.311678
NYU_test_ID,decoder_late,-28.981833
NYU_test_ID,decoder_late,-34.148212
NYU_test_ID,decoder_late,-33.566326
NYU_test_ID,decoder_late,-25.705587
NYU_test_ID,decoder_late,-27.748266
NYU_test_ID,decoder_late,-31.712952
NYU_test_ID,decoder_late,-31.814514
NYU_test_ID,decoder_late,-29.608307
NYU_test_ID,decoder_late,-33.145084
NYU_test_ID,decoder_late,-26.532774
NYU_test_ID,decoder_late,-34.420647
NYU_test_ID,decoder_late,-33.22583
NYU_test_ID,decoder_late,-31.501625
NYU_test_ID,decoder_late,-25.550919
NYU_test_ID,decoder_late,-32.91668
NYU_test_ID,decoder_late,-25.040548
NYU_test_ID,decoder_late,-30.117294
NYU_test_ID,decoder_late,-31.332542
NYU_test_ID,decoder_late,-27.673193
NYU_test_ID,decoder_late,-27.738916
NYU_test_ID,decoder_late,-35.809998
NYU_test_ID,decoder_late,-35.323204
NYU_test_ID,decoder_late,-32.45115
NYU_test_ID,decoder_late,-36.07518
NYU_test_ID,decoder_late,-26.369576
NYU_test_ID,decoder_late,-23.09828
NYU_test_ID,decoder_late,-26.536682
NYU_test_ID,decoder_late,-35.262558
NYU_test_ID,decoder_late,-26.74914
NYU_test_ID,decoder_late,-26.19754
NYU_test_ID,decoder_late,-35.293392
NYU_test_ID,decoder_late,-36.35153
NYU_test_ID,decoder_late,-35.83974
NYU_test_ID,decoder_late,-28.555487
NYU_test_ID,decoder_late,-30.268518
NYU_test_ID,decoder_late,-29.882698
NYU_test_ID,decoder_late,-23.915281
NYU_test_ID,decoder_late,-27.09686
NYU_test_ID,decoder_late,-32.572483
NYU_test_ID,decoder_late,-32.890297
NYU_test_ID,decoder_late,-29.58944
NYU_test_ID,decoder_late,-35.77353
NYU_test_ID,decoder_late,-34.286343
NYU_test_ID,decoder_late,-27.9984
NYU_test_ID,decoder_late,-29.49875
NYU_test_ID,decoder_late,-31.983585
NYU_test_ID,decoder_late,-27.244087
NYU_test_ID,decoder_late,-28.996124
NYU_test_ID,decoder_late,-23.603374
NYU_test_ID,decoder_late,-33.13924
NYU_test_ID,decoder_late,-32.244644
NYU_test_ID,decoder_late,-34.44018
NYU_test_ID,decoder_late,-33.49911
NYU_test_ID,decoder_late,-33.5154
NYU_test_ID,decoder_late,-36.245117
NYU_test_ID,decoder_late,-33.818615
NYU_test_ID,decoder_late,-35.46479
NYU_test_ID,decoder_late,-35.153934
NYU_test_ID,decoder_late,-30.085526
NYU_test_ID,decoder_late,-27.273016
NYU_test_ID,decoder_late,-30.974375
NYU_test_ID,decoder_late,-33.150723
NYU_test_ID,decoder_late,-31.340172
NYU_test_ID,decoder_late,-36.91516
NYU_test_ID,decoder_late,-35.31089
NYU_test_ID,decoder_late,-33.457153
NYU_test_ID,decoder_late,-28.946205
NYU_test_ID,decoder_late,-27.530401
NYU_test_ID,decoder_late,-32.90508
NYU_test_ID,decoder_late,-34.30743
NYU_test_ID,decoder_late,-32.861557
NYU_test_ID,decoder_late,-23.515692
NYU_test_ID,decoder_late,-36.651535
NYU_test_ID,decoder_late,-33.919262
NYU_test_ID,decoder_late,-35.64692
NYU_test_ID,decoder_late,-33.972225
NYU_test_ID,decoder_late,-27.066257
NYU_test_ID,decoder_late,-30.91019
NYU_test_ID,decoder_late,-25.697598
NYU_test_ID,decoder_late,-30.206158
NYU_test_ID,decoder_late,-27.99723
NYU_test_ID,decoder_late,-34.09696
NYU_test_ID,decoder_late,-23.610455
NYU_test_ID,decoder_late,-33.900738
NYU_test_ID,decoder_late,-35.040543
NYU_test_ID,decoder_late,-31.718142
NYU_test_ID,decoder_late,-35.422874
NYU_test_ID,decoder_late,-30.779976
NYU_test_ID,decoder_late,-32.153698
NYU_test_ID,decoder_late,-35.514874
NYU_test_ID,decoder_late,-36.38539
NYU_test_ID,decoder_late,-23.863941
NYU_test_ID,decoder_late,-35.38949
NYU_test_ID,decoder_late,-31.175251
NYU_test_ID,decoder_late,-30.944286
NYU_test_ID,decoder_late,-34.355473
NYU_test_ID,decoder_late,-26.73671
NYU_test_ID,decoder_late,-35.546974
NYU_test_ID,decoder_late,-31.448227
NYU_test_ID,decoder_late,-32.654408
NYU_test_ID,decoder_late,-35.9925
NYU_test_ID,decoder_late,-33.362858
NYU_test_ID,decoder_late,-36.841278
NYU_test_ID,decoder_late,-35.52966
NYU_test_ID,decoder_late,-34.033318
NYU_test_ID,decoder_late,-30.99845
NYU_test_ID,decoder_late,-31.77275
NYU_test_ID,decoder_late,-33.212566
NYU_test_ID,decoder_late,-29.159132
NYU_test_ID,decoder_late,-32.68466
NYU_test_ID,decoder_late,-25.450947
NYU_test_ID,decoder_late,-29.837471
NYU_test_ID,decoder_late,-25.368008
NYU_test_ID,decoder_late,-33.996944
NYU_test_ID,decoder_late,-33.53611
NYU_test_ID,decoder_late,-37.310646
NYU_test_ID,decoder_late,-29.901329
NYU_test_ID,decoder_late,-35.511658
NYU_test_ID,decoder_late,-37.044136
NYU_test_ID,decoder_late,-35.525917
NYU_test_ID,decoder_late,-28.871489
NYU_test_ID,decoder_late,-34.116196
NYU_test_ID,decoder_late,-34.11738
NYU_test_ID,decoder_late,-33.713173
NYU_test_ID,decoder_late,-35.586266
NYU_test_ID,decoder_late,-31.631578
NYU_test_ID,decoder_late,-30.3012
NYU_test_ID,decoder_late,-30.128489
NYU_test_ID,decoder_late,-35.230137
NYU_test_ID,decoder_late,-35.61157
NYU_test_ID,decoder_late,-28.61435
NYU_test_ID,decoder_late,-31.105045
NYU_test_ID,decoder_late,-25.393246
NYU_test_ID,decoder_late,-36.464485
NYU_test_ID,decoder_late,-37.184864
NYU_test_ID,decoder_late,-26.842411
NYU_test_ID,decoder_late,-33.17245
NYU_test_ID,decoder_late,-33.97184
NYU_test_ID,decoder_late,-35.996006
NYU_test_ID,decoder_late,-35.25366
NYU_test_ID,decoder_late,-28.501577
NYU_test_ID,decoder_late,-35.77948
NYU_test_ID,decoder_late,-26.430193
NYU_test_ID,decoder_late,-26.449944
NYU_test_ID,decoder_late,-26.38543
NYU_test_ID,decoder_late,-29.715055
NYU_test_ID,decoder_late,-24.343569
NYU_test_ID,decoder_late,-27.457996
NYU_test_ID,decoder_late,-29.51265
NYU_test_ID,decoder_late,-29.50637
NYU_test_ID,decoder_late,-27.416817
NYU_test_ID,decoder_late,-31.00035
NYU_test_ID,decoder_late,-30.039923
NYU_test_ID,decoder_late,-24.56922
NYU_test_ID,decoder_late,-27.828749
NYU_test_ID,decoder_late,-24.039505
NYU_test_ID,decoder_late,-23.268251
NYU_test_ID,decoder_late,-22.292364
KITTI_OOD,encoder_early,16.128883
KITTI_OOD,encoder_early,15.731323
KITTI_OOD,encoder_early,13.518595
KITTI_OOD,encoder_early,14.128014
KITTI_OOD,encoder_early,14.914053
KITTI_OOD,encoder_early,14.518585
KITTI_OOD,encoder_early,13.741347
KITTI_OOD,encoder_early,13.315734
KITTI_OOD,encoder_early,15.585831
KITTI_OOD,encoder_early,15.587386
KITTI_OOD,encoder_early,15.297366
KITTI_OOD,encoder_early,15.689564
KITTI_OOD,encoder_early,16.218374
KITTI_OOD,encoder_early,15.101751
KITTI_OOD,encoder_early,15.636486
KITTI_OOD,encoder_early,14.095093
KITTI_OOD,encoder_early,15.139708
KITTI_OOD,encoder_early,14.723383
KITTI_OOD,encoder_early,13.292987
KITTI_OOD,encoder_early,14.505471
KITTI_OOD,encoder_early,12.479122
KITTI_OOD,encoder_early,13.808047
KITTI_OOD,encoder_early,13.921233
KITTI_OOD,encoder_early,11.662502
KITTI_OOD,encoder_early,12.6509
KITTI_OOD,encoder_early,12.372353
KITTI_OOD,encoder_early,14.13033
KITTI_OOD,encoder_early,13.14942
KITTI_OOD,encoder_early,14.223146
KITTI_OOD,encoder_early,14.639423
KITTI_OOD,encoder_early,14.133804
KITTI_OOD,encoder_early,14.7452965
KITTI_OOD,encoder_early,14.560049
KITTI_OOD,encoder_early,14.404521
KITTI_OOD,encoder_early,14.982833
KITTI_OOD,encoder_early,14.377316
KITTI_OOD,encoder_early,14.723982
KITTI_OOD,encoder_early,14.089119
KITTI_OOD,encoder_early,14.350662
KITTI_OOD,encoder_early,14.291193
KITTI_OOD,encoder_early,12.611412
KITTI_OOD,encoder_early,14.590057
KITTI_OOD,encoder_early,10.6920185
KITTI_OOD,encoder_early,9.663303
KITTI_OOD,encoder_early,9.695782
KITTI_OOD,encoder_early,8.391365
KITTI_OOD,encoder_early,8.380087
KITTI_OOD,encoder_early,9.1745205
KITTI_OOD,encoder_early,9.175118
KITTI_OOD,encoder_early,13.095611
KITTI_OOD,encoder_early,13.354794
KITTI_OOD,encoder_early,13.943686
KITTI_OOD,encoder_early,13.076837
KITTI_OOD,encoder_early,13.418316
KITTI_OOD,encoder_early,12.948922
KITTI_OOD,encoder_early,13.509981
KITTI_OOD,encoder_early,13.189431
KITTI_OOD,encoder_early,13.662414
KITTI_OOD,encoder_early,12.690103
KITTI_OOD,encoder_early,13.589665
KITTI_OOD,encoder_early,13.446128
KITTI_OOD,encoder_early,13.609405
KITTI_OOD,encoder_early,13.233866
KITTI_OOD,encoder_early,11.639852
KITTI_OOD,encoder_early,12.840017
KITTI_OOD,encoder_early,13.3168
KITTI_OOD,encoder_early,13.335469
KITTI_OOD,encoder_early,12.172212
KITTI_OOD,encoder_early,13.180678
KITTI_OOD,encoder_early,12.792362
KITTI_OOD,encoder_early,12.722067
KITTI_OOD,encoder_early,14.7008915
KITTI_OOD,encoder_early,16.435543
KITTI_OOD,encoder_early,15.237208
KITTI_OOD,encoder_early,14.2853565
KITTI_OOD,encoder_early,15.147315
KITTI_OOD,encoder_early,14.550312
KITTI_OOD,encoder_early,14.114173
KITTI_OOD,encoder_early,14.751788
KITTI_OOD,encoder_early,14.356538
KITTI_OOD,encoder_early,14.851402
KITTI_OOD,encoder_early,15.151841
KITTI_OOD,encoder_early,14.451187
KITTI_OOD,encoder_early,13.857299
KITTI_OOD,encoder_early,13.05545
KITTI_OOD,encoder_early,12.101792
KITTI_OOD,encoder_early,13.496983
KITTI_OOD,encoder_early,12.754837
KITTI_OOD,encoder_early,12.426132
KITTI_OOD,encoder_early,12.422454
KITTI_OOD,encoder_early,12.624822
KITTI_OOD,encoder_early,14.502726
KITTI_OOD,encoder_early,14.794577
KITTI_OOD,encoder_early,12.048225
KITTI_OOD,encoder_early,13.79626
KITTI_OOD,encoder_early,15.110164
KITTI_OOD,encoder_early,9.354084
KITTI_OOD,encoder_early,12.215563
KITTI_OOD,encoder_early,13.563998
KITTI_OOD,encoder_early,11.594531
KITTI_OOD,encoder_early,13.930147
KITTI_OOD,encoder_early,13.677782
KITTI_OOD,encoder_early,10.708919
KITTI_OOD,encoder_early,13.497724
KITTI_OOD,encoder_early,12.078679
KITTI_OOD,encoder_early,10.935612
KITTI_OOD,encoder_early,13.703496
KITTI_OOD,encoder_early,14.290504
KITTI_OOD,encoder_early,13.920287
KITTI_OOD,encoder_early,11.768596
KITTI_OOD,encoder_early,12.034285
KITTI_OOD,encoder_early,14.809697
KITTI_OOD,encoder_early,13.930322
KITTI_OOD,encoder_early,14.298734
KITTI_OOD,encoder_early,15.775606
KITTI_OOD,encoder_early,16.880732
KITTI_OOD,encoder_early,14.315956
KITTI_OOD,encoder_early,14.131753
KITTI_OOD,encoder_early,13.760337
KITTI_OOD,encoder_early,13.477386
KITTI_OOD,encoder_early,14.039497
KITTI_OOD,encoder_early,13.446749
KITTI_OOD,encoder_early,13.713722
KITTI_OOD,encoder_early,15.049448
KITTI_OOD,encoder_early,13.368945
KITTI_OOD,encoder_early,13.166132
KITTI_OOD,encoder_early,13.248403
KITTI_OOD,encoder_early,14.366833
KITTI_OOD,encoder_early,13.912981
KITTI_OOD,encoder_early,13.327416
KITTI_OOD,encoder_early,13.77218
KITTI_OOD,encoder_early,13.790963
KITTI_OOD,encoder_early,14.316412
KITTI_OOD,encoder_early,15.233313
KITTI_OOD,encoder_early,13.820762
KITTI_OOD,encoder_early,14.10078
KITTI_OOD,encoder_early,12.797409
KITTI_OOD,encoder_early,11.724821
KITTI_OOD,encoder_early,14.443254
KITTI_OOD,encoder_early,12.947344
KITTI_OOD,encoder_early,13.702275
KITTI_OOD,encoder_early,15.274898
KITTI_OOD,encoder_early,13.489524
KITTI_OOD,encoder_early,14.838518
KITTI_OOD,encoder_early,13.859668
KITTI_OOD,encoder_early,13.962455
KITTI_OOD,encoder_early,14.7194195
KITTI_OOD,encoder_early,13.583081
KITTI_OOD,encoder_early,15.207384
KITTI_OOD,encoder_early,13.404419
KITTI_OOD,encoder_early,14.10671
KITTI_OOD,encoder_early,14.391701
KITTI_OOD,encoder_early,13.34794
KITTI_OOD,encoder_early,14.4364195
KITTI_OOD,encoder_early,13.3424635
KITTI_OOD,encoder_early,13.049368
KITTI_OOD,encoder_early,14.021539
KITTI_OOD,encoder_early,14.194872
KITTI_OOD,encoder_early,14.556847
KITTI_OOD,encoder_early,15.3298855
KITTI_OOD,encoder_early,13.891261
KITTI_OOD,encoder_early,13.436999
KITTI_OOD,encoder_early,14.16173
KITTI_OOD,encoder_early,14.098139
KITTI_OOD,encoder_early,14.24452
KITTI_OOD,encoder_early,14.215456
KITTI_OOD,encoder_early,13.602998
KITTI_OOD,encoder_early,14.0786295
KITTI_OOD,encoder_early,15.447898
KITTI_OOD,encoder_early,15.118128
KITTI_OOD,encoder_early,16.88004
KITTI_OOD,encoder_early,13.8398075
KITTI_OOD,encoder_early,16.112894
KITTI_OOD,encoder_early,14.206994
KITTI_OOD,encoder_early,13.194952
KITTI_OOD,encoder_early,13.99968
KITTI_OOD,encoder_early,13.868076
KITTI_OOD,encoder_early,13.850388
KITTI_OOD,encoder_early,14.494158
KITTI_OOD,encoder_early,13.797483
KITTI_OOD,encoder_early,15.906063
KITTI_OOD,encoder_early,14.648778
KITTI_OOD,encoder_early,14.49624
KITTI_OOD,encoder_early,14.795137
KITTI_OOD,encoder_early,13.985293
KITTI_OOD,encoder_early,13.331691
KITTI_OOD,encoder_early,14.622128
KITTI_OOD,encoder_early,14.754016
KITTI_OOD,encoder_early,14.16447
KITTI_OOD,encoder_early,13.713511
KITTI_OOD,encoder_early,14.445458
KITTI_OOD,encoder_early,13.470152
KITTI_OOD,encoder_early,13.994053
KITTI_OOD,encoder_early,14.100594
KITTI_OOD,encoder_early,14.622637
KITTI_OOD,encoder_early,15.129316
KITTI_OOD,encoder_early,14.317328
KITTI_OOD,encoder_early,13.861941
KITTI_OOD,encoder_early,13.800049
KITTI_OOD,encoder_early,14.957615
KITTI_OOD,encoder_early,15.064123
KITTI_OOD,encoder_early,12.856777
KITTI_OOD,encoder_early,14.216175
KITTI_OOD,encoder_early,13.492791
KITTI_OOD,encoder_early,13.773813
KITTI_OOD,encoder_early,14.646454
KITTI_OOD,encoder_early,14.88315
KITTI_OOD,encoder_early,14.859753
KITTI_OOD,encoder_early,13.590706
KITTI_OOD,encoder_early,15.514349
KITTI_OOD,encoder_early,15.721773
KITTI_OOD,encoder_early,14.184354
KITTI_OOD,encoder_early,13.415754
KITTI_OOD,encoder_early,13.637381
KITTI_OOD,encoder_early,15.053116
KITTI_OOD,encoder_early,14.388009
KITTI_OOD,encoder_early,14.960455
KITTI_OOD,encoder_early,14.947611
KITTI_OOD,encoder_early,13.677881
KITTI_OOD,encoder_early,14.32566
KITTI_OOD,encoder_early,15.297001
KITTI_OOD,encoder_early,14.7258
KITTI_OOD,encoder_early,14.670455
KITTI_OOD,encoder_early,14.448145
KITTI_OOD,encoder_early,13.472285
KITTI_OOD,encoder_early,14.529239
KITTI_OOD,encoder_early,13.855331
KITTI_OOD,encoder_early,13.464573
KITTI_OOD,encoder_early,13.043305
KITTI_OOD,encoder_early,12.856376
KITTI_OOD,encoder_early,13.053372
KITTI_OOD,encoder_early,12.967215
KITTI_OOD,encoder_early,14.271675
KITTI_OOD,encoder_early,13.607779
KITTI_OOD,encoder_early,14.309183
KITTI_OOD,encoder_early,14.481606
KITTI_OOD,encoder_early,14.411153
KITTI_OOD,encoder_early,14.320934
KITTI_OOD,encoder_early,14.400745
KITTI_OOD,encoder_early,13.070968
KITTI_OOD,encoder_early,14.268416
KITTI_OOD,encoder_early,14.782415
KITTI_OOD,encoder_early,15.2650795
KITTI_OOD,encoder_early,15.539091
KITTI_OOD,encoder_early,15.065279
KITTI_OOD,encoder_early,15.090094
KITTI_OOD,encoder_early,15.17095
KITTI_OOD,encoder_early,14.046008
KITTI_OOD,encoder_early,14.1497135
KITTI_OOD,encoder_early,14.010575
KITTI_OOD,encoder_early,16.056408
KITTI_OOD,encoder_early,14.626638
KITTI_OOD,encoder_early,13.218647
KITTI_OOD,encoder_early,14.722218
KITTI_OOD,encoder_early,15.167091
KITTI_OOD,encoder_early,13.615558
KITTI_OOD,encoder_early,13.644152
KITTI_OOD,encoder_early,13.969177
KITTI_OOD,encoder_early,13.804089
KITTI_OOD,encoder_early,13.605766
KITTI_OOD,encoder_early,14.404149
KITTI_OOD,encoder_early,14.0703945
KITTI_OOD,encoder_early,15.819854
KITTI_OOD,encoder_early,13.649543
KITTI_OOD,encoder_early,14.664545
KITTI_OOD,encoder_early,12.729025
KITTI_OOD,encoder_early,13.196094
KITTI_OOD,encoder_early,15.588621
KITTI_OOD,encoder_early,13.765952
KITTI_OOD,encoder_early,13.434636
KITTI_OOD,encoder_early,15.055231
KITTI_OOD,encoder_early,14.368397
KITTI_OOD,encoder_early,13.391804
KITTI_OOD,encoder_early,12.749223
KITTI_OOD,encoder_early,13.108913
KITTI_OOD,encoder_early,14.052246
KITTI_OOD,encoder_early,12.975894
KITTI_OOD,encoder_early,13.622754
KITTI_OOD,encoder_early,13.976732
KITTI_OOD,encoder_early,14.110196
KITTI_OOD,encoder_early,15.025282
KITTI_OOD,encoder_early,13.782169
KITTI_OOD,encoder_early,13.427262
KITTI_OOD,encoder_early,13.112045
KITTI_OOD,encoder_early,14.357708
KITTI_OOD,encoder_early,15.096603
KITTI_OOD,encoder_early,13.781582
KITTI_OOD,encoder_early,14.498883
KITTI_OOD,encoder_early,14.563293
KITTI_OOD,encoder_early,15.667341
KITTI_OOD,encoder_early,16.427101
KITTI_OOD,encoder_early,14.807631
KITTI_OOD,encoder_early,17.542633
KITTI_OOD,encoder_early,16.77137
KITTI_OOD,encoder_early,16.264566
KITTI_OOD,encoder_early,15.303913
KITTI_OOD,encoder_early,15.881407
KITTI_OOD,encoder_early,16.686607
KITTI_OOD,encoder_early,14.642038
KITTI_OOD,encoder_early,15.456234
KITTI_OOD,encoder_early,14.008268
KITTI_OOD,encoder_early,15.429808
KITTI_OOD,encoder_early,15.925333
KITTI_OOD,encoder_early,14.921226
KITTI_OOD,encoder_early,15.528961
KITTI_OOD,encoder_early,17.821655
KITTI_OOD,encoder_early,16.550508
KITTI_OOD,encoder_early,14.286356
KITTI_OOD,encoder_early,15.548632
KITTI_OOD,encoder_early,15.468739
KITTI_OOD,encoder_early,14.0901165
KITTI_OOD,encoder_early,16.301617
KITTI_OOD,encoder_early,14.4841175
KITTI_OOD,encoder_early,14.673004
KITTI_OOD,encoder_early,14.14984
KITTI_OOD,encoder_early,13.870584
KITTI_OOD,encoder_early,14.076707
KITTI_OOD,encoder_early,13.619141
KITTI_OOD,encoder_early,15.274794
KITTI_OOD,encoder_early,13.8645115
KITTI_OOD,encoder_early,13.797377
KITTI_OOD,encoder_early,14.670643
KITTI_OOD,encoder_early,15.11348
KITTI_OOD,encoder_early,15.069586
KITTI_OOD,encoder_early,14.959959
KITTI_OOD,encoder_early,16.161186
KITTI_OOD,encoder_early,15.189669
KITTI_OOD,encoder_early,14.600559
KITTI_OOD,encoder_early,15.421061
KITTI_OOD,encoder_early,15.712965
KITTI_OOD,encoder_early,14.390423
KITTI_OOD,encoder_early,16.344711
KITTI_OOD,encoder_early,16.270672
KITTI_OOD,encoder_early,14.954658
KITTI_OOD,encoder_early,16.668531
KITTI_OOD,encoder_early,17.343336
KITTI_OOD,encoder_early,16.974417
KITTI_OOD,encoder_early,15.722757
KITTI_OOD,encoder_early,16.460642
KITTI_OOD,encoder_early,15.468157
KITTI_OOD,encoder_early,14.80197
KITTI_OOD,encoder_early,14.226525
KITTI_OOD,encoder_early,14.603651
KITTI_OOD,encoder_early,13.907255
KITTI_OOD,encoder_early,14.683998
KITTI_OOD,encoder_early,14.180753
KITTI_OOD,encoder_early,14.031312
KITTI_OOD,encoder_early,14.9688015
KITTI_OOD,encoder_early,14.725088
KITTI_OOD,encoder_early,14.4607935
KITTI_OOD,encoder_early,15.499764
KITTI_OOD,encoder_early,16.854578
KITTI_OOD,encoder_early,16.11954
KITTI_OOD,encoder_early,16.285955
KITTI_OOD,encoder_early,16.239008
KITTI_OOD,encoder_early,16.49689
KITTI_OOD,encoder_early,17.147703
KITTI_OOD,encoder_early,16.944035
KITTI_OOD,encoder_early,16.100891
KITTI_OOD,encoder_early,15.388728
KITTI_OOD,encoder_early,15.224119
KITTI_OOD,encoder_early,17.170582
KITTI_OOD,encoder_early,15.320871
KITTI_OOD,encoder_early,16.770699
KITTI_OOD,encoder_early,15.548182
KITTI_OOD,encoder_early,15.521368
KITTI_OOD,encoder_early,15.855074
KITTI_OOD,encoder_early,15.579565
KITTI_OOD,encoder_early,15.394964
KITTI_OOD,encoder_early,16.32451
KITTI_OOD,encoder_early,15.813423
KITTI_OOD,encoder_early,16.0655
KITTI_OOD,encoder_early,15.640727
KITTI_OOD,encoder_early,15.633959
KITTI_OOD,encoder_early,16.046148
KITTI_OOD,encoder_early,14.431619
KITTI_OOD,encoder_early,12.950349
KITTI_OOD,encoder_early,17.59656
KITTI_OOD,encoder_early,14.450956
KITTI_OOD,encoder_early,16.537216
KITTI_OOD,encoder_early,16.49598
KITTI_OOD,encoder_early,16.975384
KITTI_OOD,encoder_early,17.022646
KITTI_OOD,encoder_early,18.017223
KITTI_OOD,encoder_early,15.61841
KITTI_OOD,encoder_early,17.198257
KITTI_OOD,encoder_early,17.183834
KITTI_OOD,encoder_early,18.081633
KITTI_OOD,encoder_early,17.754488
KITTI_OOD,encoder_early,17.67654
KITTI_OOD,encoder_early,17.201365
KITTI_OOD,encoder_early,17.238947
KITTI_OOD,encoder_early,15.990635
KITTI_OOD,encoder_early,17.859653
KITTI_OOD,encoder_early,15.722315
KITTI_OOD,encoder_early,13.912099
KITTI_OOD,encoder_early,14.889723
KITTI_OOD,encoder_early,13.537394
KITTI_OOD,encoder_early,15.283987
KITTI_OOD,encoder_early,13.377093
KITTI_OOD,encoder_early,13.957891
KITTI_OOD,encoder_early,14.019392
KITTI_OOD,encoder_early,14.215412
KITTI_OOD,encoder_early,14.836143
KITTI_OOD,encoder_early,14.879632
KITTI_OOD,encoder_early,14.614887
KITTI_OOD,encoder_early,15.141885
KITTI_OOD,encoder_early,14.233175
KITTI_OOD,encoder_early,14.668453
KITTI_OOD,encoder_early,13.787469
KITTI_OOD,encoder_early,12.991992
KITTI_OOD,encoder_early,13.069253
KITTI_OOD,encoder_early,13.359279
KITTI_OOD,encoder_early,13.175674
KITTI_OOD,encoder_early,13.500807
KITTI_OOD,encoder_early,14.515929
KITTI_OOD,encoder_early,13.876155
KITTI_OOD,encoder_early,13.516048
KITTI_OOD,encoder_early,13.629775
KITTI_OOD,encoder_early,14.583763
KITTI_OOD,encoder_early,15.304517
KITTI_OOD,encoder_early,13.255159
KITTI_OOD,encoder_early,12.42064
KITTI_OOD,encoder_early,13.198115
KITTI_OOD,encoder_early,13.837748
KITTI_OOD,encoder_early,13.32051
KITTI_OOD,encoder_early,12.51028
KITTI_OOD,encoder_early,13.559873
KITTI_OOD,encoder_early,13.824495
KITTI_OOD,encoder_early,13.241852
KITTI_OOD,encoder_early,12.816853
KITTI_OOD,encoder_early,13.888992
KITTI_OOD,encoder_early,12.929855
KITTI_OOD,encoder_early,13.500288
KITTI_OOD,encoder_early,12.9930725
KITTI_OOD,encoder_early,14.522586
KITTI_OOD,encoder_early,12.682911
KITTI_OOD,encoder_early,11.666032
KITTI_OOD,encoder_early,11.819386
KITTI_OOD,encoder_early,11.324133
KITTI_OOD,encoder_early,11.433992
KITTI_OOD,encoder_early,12.025587
KITTI_OOD,encoder_early,13.213051
KITTI_OOD,encoder_early,14.155428
KITTI_OOD,encoder_early,13.225361
KITTI_OOD,encoder_early,12.416998
KITTI_OOD,encoder_early,13.197951
KITTI_OOD,encoder_early,13.500254
KITTI_OOD,encoder_early,13.670101
KITTI_OOD,encoder_early,13.063589
KITTI_OOD,encoder_early,13.767449
KITTI_OOD,encoder_early,13.513919
KITTI_OOD,encoder_early,12.627904
KITTI_OOD,encoder_early,12.291479
KITTI_OOD,encoder_early,13.964824
KITTI_OOD,encoder_early,13.724354
KITTI_OOD,encoder_early,14.023754
KITTI_OOD,encoder_early,12.845215
KITTI_OOD,encoder_early,12.342757
KITTI_OOD,encoder_early,13.756452
KITTI_OOD,encoder_early,11.923806
KITTI_OOD,encoder_early,12.189524
KITTI_OOD,encoder_early,13.4745655
KITTI_OOD,encoder_early,12.890495
KITTI_OOD,encoder_early,12.131336
KITTI_OOD,encoder_early,13.022353
KITTI_OOD,encoder_early,14.551076
KITTI_OOD,encoder_early,11.285176
KITTI_OOD,encoder_early,10.806713
KITTI_OOD,encoder_early,12.278401
KITTI_OOD,encoder_early,11.4122095
KITTI_OOD,encoder_early,12.815365
KITTI_OOD,encoder_early,11.071945
KITTI_OOD,encoder_early,11.476309
KITTI_OOD,encoder_early,11.399254
KITTI_OOD,encoder_early,12.146309
KITTI_OOD,encoder_early,12.279427
KITTI_OOD,encoder_early,11.914822
KITTI_OOD,encoder_early,12.143148
KITTI_OOD,encoder_early,12.27824
KITTI_OOD,encoder_early,11.348669
KITTI_OOD,encoder_early,11.958922
KITTI_OOD,encoder_early,11.786623
KITTI_OOD,encoder_early,11.698965
KITTI_OOD,encoder_early,12.57267
KITTI_OOD,encoder_early,12.205767
KITTI_OOD,encoder_early,11.834864
KITTI_OOD,encoder_early,12.352184
KITTI_OOD,encoder_early,12.89417
KITTI_OOD,encoder_early,13.092566
KITTI_OOD,encoder_early,12.882137
KITTI_OOD,encoder_early,15.072439
KITTI_OOD,encoder_early,15.645388
KITTI_OOD,encoder_early,16.336031
KITTI_OOD,encoder_early,15.861015
KITTI_OOD,encoder_early,15.339209
KITTI_OOD,encoder_early,14.950601
KITTI_OOD,encoder_early,15.809494
KITTI_OOD,encoder_early,14.77995
KITTI_OOD,encoder_early,15.091801
KITTI_OOD,encoder_early,15.224489
KITTI_OOD,encoder_early,14.798481
KITTI_OOD,encoder_early,15.267334
KITTI_OOD,encoder_early,14.9838085
KITTI_OOD,encoder_early,14.128474
KITTI_OOD,encoder_early,14.697966
KITTI_OOD,encoder_early,14.4547415
KITTI_OOD,encoder_early,13.824112
KITTI_OOD,encoder_early,11.743753
KITTI_OOD,encoder_early,11.274069
KITTI_OOD,encoder_early,13.2548895
KITTI_OOD,encoder_early,13.459761
KITTI_OOD,encoder_early,13.0443
KITTI_OOD,encoder_early,14.216393
KITTI_OOD,encoder_early,13.960427
KITTI_OOD,encoder_early,13.774176
KITTI_OOD,encoder_early,13.579691
KITTI_OOD,encoder_early,15.6101265
KITTI_OOD,encoder_early,15.834406
KITTI_OOD,encoder_early,15.984074
KITTI_OOD,encoder_early,15.660837
KITTI_OOD,encoder_early,15.298105
KITTI_OOD,encoder_early,15.908148
KITTI_OOD,encoder_early,15.440148
KITTI_OOD,encoder_early,16.090351
KITTI_OOD,encoder_early,15.629347
KITTI_OOD,encoder_early,15.726925
KITTI_OOD,encoder_early,16.653292
KITTI_OOD,encoder_early,14.563139
KITTI_OOD,encoder_early,13.646393
KITTI_OOD,encoder_early,16.259989
KITTI_OOD,encoder_early,15.408158
KITTI_OOD,encoder_early,14.588431
KITTI_OOD,encoder_early,14.046332
KITTI_OOD,encoder_early,14.6890545
KITTI_OOD,encoder_early,14.045652
KITTI_OOD,encoder_early,14.420279
KITTI_OOD,encoder_early,14.908982
KITTI_OOD,encoder_early,15.206976
KITTI_OOD,encoder_early,14.360217
KITTI_OOD,encoder_early,15.727669
KITTI_OOD,encoder_early,14.979765
KITTI_OOD,encoder_early,14.532631
KITTI_OOD,encoder_early,15.04114
KITTI_OOD,encoder_early,14.045161
KITTI_OOD,encoder_early,16.637932
KITTI_OOD,encoder_early,15.150091
KITTI_OOD,encoder_early,16.201542
KITTI_OOD,encoder_early,15.266885
KITTI_OOD,encoder_early,16.402298
KITTI_OOD,encoder_early,15.044306
KITTI_OOD,encoder_early,16.04252
KITTI_OOD,encoder_early,15.649759
KITTI_OOD,encoder_early,16.388906
KITTI_OOD,encoder_early,14.258287
KITTI_OOD,encoder_early,13.946333
KITTI_OOD,encoder_early,14.35977
KITTI_OOD,encoder_early,15.292913
KITTI_OOD,encoder_early,14.831183
KITTI_OOD,encoder_early,17.143686
KITTI_OOD,encoder_early,16.173475
KITTI_OOD,encoder_early,17.205816
KITTI_OOD,encoder_early,17.139301
KITTI_OOD,encoder_early,16.360447
KITTI_OOD,encoder_early,17.489344
KITTI_OOD,encoder_early,17.789782
KITTI_OOD,encoder_early,15.050544
KITTI_OOD,encoder_early,17.668623
KITTI_OOD,encoder_early,15.265095
KITTI_OOD,encoder_early,15.729353
KITTI_OOD,encoder_early,16.072948
KITTI_OOD,encoder_early,14.301805
KITTI_OOD,encoder_early,15.808882
KITTI_OOD,encoder_early,15.239793
KITTI_OOD,encoder_early,14.865922
KITTI_OOD,encoder_early,13.527877
KITTI_OOD,encoder_early,14.1036825
KITTI_OOD,encoder_early,14.600006
KITTI_OOD,encoder_early,12.993049
KITTI_OOD,encoder_early,13.681294
KITTI_OOD,encoder_early,14.334004
KITTI_OOD,encoder_early,14.403667
KITTI_OOD,encoder_early,15.547379
KITTI_OOD,encoder_early,15.019873
KITTI_OOD,encoder_early,15.350542
KITTI_OOD,encoder_early,13.49665
KITTI_OOD,encoder_early,14.739221
KITTI_OOD,encoder_early,14.9069605
KITTI_OOD,encoder_early,15.743027
KITTI_OOD,encoder_early,14.101184
KITTI_OOD,encoder_early,14.576996
KITTI_OOD,encoder_early,14.220015
KITTI_OOD,encoder_early,15.225397
KITTI_OOD,encoder_early,15.069572
KITTI_OOD,encoder_early,14.854467
KITTI_OOD,encoder_early,13.5174885
KITTI_OOD,encoder_early,14.464767
KITTI_OOD,encoder_early,13.402564
KITTI_OOD,encoder_early,14.20816
KITTI_OOD,encoder_early,14.608707
KITTI_OOD,encoder_early,13.786506
KITTI_OOD,encoder_early,13.798075
KITTI_OOD,encoder_early,13.813769
KITTI_OOD,encoder_early,11.812181
KITTI_OOD,encoder_early,12.056516
KITTI_OOD,encoder_early,11.951338
KITTI_OOD,encoder_early,10.452267
KITTI_OOD,encoder_early,10.95323
KITTI_OOD,encoder_early,11.509447
KITTI_OOD,encoder_early,10.671713
KITTI_OOD,encoder_early,10.98695
KITTI_OOD,encoder_early,10.176727
KITTI_OOD,encoder_early,10.8397455
KITTI_OOD,encoder_early,11.021331
KITTI_OOD,encoder_early,11.172645
KITTI_OOD,encoder_early,12.799799
KITTI_OOD,encoder_early,13.693398
KITTI_OOD,encoder_early,13.582041
KITTI_OOD,encoder_early,11.88269
KITTI_OOD,encoder_early,13.466312
KITTI_OOD,encoder_early,12.611069
KITTI_OOD,encoder_early,14.6495695
KITTI_OOD,encoder_early,12.164835
KITTI_OOD,encoder_early,12.589109
KITTI_OOD,encoder_early,12.568821
KITTI_OOD,encoder_early,12.59015
KITTI_OOD,encoder_early,12.5137005
KITTI_OOD,encoder_early,12.687504
KITTI_OOD,encoder_early,13.84304
KITTI_OOD,encoder_early,12.429597
KITTI_OOD,encoder_early,12.945465
KITTI_OOD,encoder_early,12.488733
KITTI_OOD,encoder_early,13.42782
KITTI_OOD,encoder_early,12.785213
KITTI_OOD,encoder_early,12.738149
KITTI_OOD,encoder_early,12.235886
KITTI_OOD,encoder_early,10.998935
KITTI_OOD,encoder_early,11.013935
KITTI_OOD,encoder_early,7.225113
KITTI_OOD,encoder_early,9.92278
KITTI_OOD,encoder_early,12.383313
KITTI_OOD,encoder_early,12.845321
KITTI_OOD,encoder_early,13.801268
KITTI_OOD,encoder_early,13.1519575
KITTI_OOD,encoder_early,15.027757
KITTI_OOD,encoder_early,13.444191
KITTI_OOD,encoder_early,14.447447
KITTI_OOD,encoder_early,13.76108
KITTI_OOD,encoder_early,14.914534
KITTI_OOD,encoder_early,15.173988
KITTI_OOD,encoder_early,16.618145
KITTI_OOD,encoder_early,16.8254
KITTI_OOD,encoder_early,15.283636
KITTI_OOD,encoder_early,15.338844
KITTI_OOD,encoder_early,14.9155445
KITTI_OOD,encoder_early,15.758682
KITTI_OOD,encoder_early,14.812373
KITTI_OOD,encoder_early,15.184132
KITTI_OOD,encoder_early,14.94898
KITTI_OOD,encoder_early,14.51601
KITTI_OOD,encoder_early,14.610432
KITTI_OOD,encoder_early,14.62155
KITTI_OOD,encoder_early,14.592398
KITTI_OOD,encoder_early,14.491205
KITTI_OOD,encoder_early,14.656952
KITTI_OOD,encoder_early,14.575909
KITTI_OOD,encoder_early,14.629372
KITTI_OOD,encoder_early,14.52865
KITTI_OOD,encoder_early,14.642212
KITTI_OOD,encoder_early,11.841025
KITTI_OOD,encoder_early,12.559788
KITTI_OOD,encoder_early,12.153666
KITTI_OOD,encoder_early,11.411866
KITTI_OOD,encoder_early,11.254459
KITTI_OOD,encoder_early,12.088785
KITTI_OOD,encoder_early,12.943682
KITTI_OOD,encoder_early,13.850001
KITTI_OOD,encoder_early,13.352896
KITTI_OOD,encoder_early,14.714858
KITTI_OOD,encoder_early,13.681704
KITTI_OOD,encoder_early,12.841135
KITTI_OOD,encoder_early,12.177183
KITTI_OOD,encoder_early,13.080603
KITTI_OOD,encoder_early,14.122561
KITTI_OOD,encoder_early,13.222334
KITTI_OOD,encoder_early,13.685592
KITTI_OOD,encoder_early,12.908019
KITTI_OOD,encoder_early,13.334321
KITTI_OOD,encoder_early,11.911111
KITTI_OOD,encoder_early,12.344254
KITTI_OOD,encoder_early,11.960627
KITTI_OOD,encoder_early,14.069849
KITTI_OOD,encoder_early,14.39989
KITTI_OOD,encoder_early,14.346339
KITTI_OOD,encoder_early,13.661158
KITTI_OOD,encoder_early,12.934603
KITTI_OOD,encoder_early,9.811193
KITTI_OOD,encoder_early,14.407536
KITTI_OOD,encoder_early,11.54416
KITTI_OOD,encoder_early,13.046127
KITTI_OOD,encoder_early,12.897483
KITTI_OOD,encoder_early,13.273138
KITTI_OOD,encoder_early,13.156761
KITTI_OOD,encoder_early,14.377276
KITTI_OOD,encoder_early,13.18503
KITTI_OOD,encoder_early,14.764541
KITTI_OOD,encoder_early,13.100779
KITTI_OOD,encoder_early,13.959091
KITTI_OOD,encoder_early,13.121933
KITTI_OOD,encoder_early,13.116248
KITTI_OOD,encoder_early,13.32966
KITTI_OOD,encoder_early,12.913422
KITTI_OOD,encoder_early,13.089607
KITTI_OOD,encoder_early,13.487033
KITTI_OOD,encoder_early,12.877707
KITTI_OOD,encoder_early,11.638453
KITTI_OOD,encoder_early,12.469985
KITTI_OOD,encoder_early,14.397943
KITTI_OOD,encoder_early,12.766869
KITTI_OOD,encoder_early,13.001193
KITTI_OOD,encoder_early,12.984396
KITTI_OOD,encoder_early,13.521357
KITTI_OOD,encoder_early,14.661618
KITTI_OOD,encoder_early,14.327196
KITTI_OOD,encoder_early,14.851256
KITTI_OOD,encoder_early,14.275345
KITTI_OOD,encoder_early,13.870653
KITTI_OOD,encoder_early,14.625091
KITTI_OOD,encoder_early,14.293057
KITTI_OOD,encoder_early,14.12612
KITTI_OOD,encoder_early,13.372246
KITTI_OOD,encoder_early,12.00279
KITTI_OOD,encoder_early,14.30793
KITTI_OOD,encoder_early,13.956257
KITTI_OOD,encoder_early,11.886972
KITTI_OOD,encoder_early,12.945203
KITTI_OOD,encoder_early,12.774525
KITTI_OOD,encoder_early,13.034254
KITTI_OOD,encoder_early,13.463123
KITTI_OOD,encoder_early,13.349527
KITTI_OOD,encoder_early,12.351612
KITTI_OOD,encoder_early,14.22767
KITTI_OOD,encoder_early,13.938216
KITTI_OOD,encoder_early,13.273036
KITTI_OOD,encoder_early,13.758599
KITTI_OOD,encoder_early,14.646427
KITTI_OOD,encoder_early,14.14349
KITTI_OOD,encoder_early,14.792185
KITTI_OOD,encoder_early,15.049339
KITTI_OOD,encoder_early,13.592135
KITTI_OOD,encoder_early,14.436768
KITTI_OOD,encoder_early,14.22865
KITTI_OOD,encoder_early,14.715682
KITTI_OOD,encoder_early,14.492686
KITTI_OOD,encoder_early,13.292991
KITTI_OOD,encoder_early,13.246781
KITTI_OOD,encoder_early,14.124944
KITTI_OOD,encoder_early,14.087923
KITTI_OOD,encoder_early,13.786742
KITTI_OOD,encoder_early,13.713006
KITTI_OOD,encoder_early,13.683446
KITTI_OOD,encoder_early,13.211345
KITTI_OOD,encoder_early,12.878884
KITTI_OOD,encoder_early,14.49419
KITTI_OOD,encoder_early,13.580452
KITTI_OOD,encoder_early,14.1653805
KITTI_OOD,encoder_early,13.199609
KITTI_OOD,encoder_early,14.187479
KITTI_OOD,encoder_early,15.014015
KITTI_OOD,encoder_early,14.539989
KITTI_OOD,encoder_early,13.834708
KITTI_OOD,encoder_early,13.410693
KITTI_OOD,encoder_early,14.0765
KITTI_OOD,encoder_early,13.296946
KITTI_OOD,encoder_early,13.601446
KITTI_OOD,encoder_early,14.863708
KITTI_OOD,encoder_early,14.349323
KITTI_OOD,encoder_early,15.441509
KITTI_OOD,encoder_early,14.827357
KITTI_OOD,encoder_early,13.986899
KITTI_OOD,encoder_early,15.539768
KITTI_OOD,encoder_early,14.812043
KITTI_OOD,encoder_early,15.150043
KITTI_OOD,encoder_early,14.831209
KITTI_OOD,encoder_early,14.801619
KITTI_OOD,encoder_early,14.203758
KITTI_OOD,encoder_early,14.679087
KITTI_OOD,encoder_early,14.292639
KITTI_OOD,encoder_early,13.816493
KITTI_OOD,encoder_early,14.656698
KITTI_OOD,encoder_early,14.096807
KITTI_OOD,encoder_early,14.498005
KITTI_OOD,encoder_early,14.953144
KITTI_OOD,encoder_early,14.87006
KITTI_OOD,encoder_early,14.907507
KITTI_OOD,encoder_early,14.884253
KITTI_OOD,encoder_early,16.257612
KITTI_OOD,encoder_early,14.434906
KITTI_OOD,encoder_early,15.951246
KITTI_OOD,encoder_early,15.769489
KITTI_OOD,encoder_early,15.223124
KITTI_OOD,encoder_early,15.261985
KITTI_OOD,encoder_early,15.282333
KITTI_OOD,encoder_early,13.743569
KITTI_OOD,encoder_early,14.008411
KITTI_OOD,encoder_early,14.116428
KITTI_OOD,encoder_early,13.649699
KITTI_OOD,encoder_early,14.744176
KITTI_OOD,encoder_early,14.545215
KITTI_OOD,encoder_early,13.145632
KITTI_OOD,encoder_early,14.346575
KITTI_OOD,encoder_early,13.924558
KITTI_OOD,encoder_early,14.188636
KITTI_OOD,encoder_early,13.876599
KITTI_OOD,encoder_early,13.420192
KITTI_OOD,encoder_early,14.821394
KITTI_OOD,encoder_early,14.641592
KITTI_OOD,encoder_early,13.373754
KITTI_OOD,encoder_early,14.89002
KITTI_OOD,encoder_early,13.513467
KITTI_OOD,encoder_early,14.634575
KITTI_OOD,encoder_early,14.237956
KITTI_OOD,encoder_early,14.472672
KITTI_OOD,encoder_early,13.08896
KITTI_OOD,encoder_early,15.403473
KITTI_OOD,encoder_early,14.152173
KITTI_OOD,encoder_early,14.416228
KITTI_OOD,encoder_early,13.981467
KITTI_OOD,encoder_early,13.979485
KITTI_OOD,encoder_early,14.508849
KITTI_OOD,encoder_early,14.071874
KITTI_OOD,encoder_early,13.405793
KITTI_OOD,encoder_early,14.651682
KITTI_OOD,encoder_early,14.078162
KITTI_OOD,encoder_early,14.087554
KITTI_OOD,encoder_early,14.252909
KITTI_OOD,encoder_early,15.64287
KITTI_OOD,encoder_early,15.624707
KITTI_OOD,encoder_early,14.4874525
KITTI_OOD,encoder_early,13.285176
KITTI_OOD,encoder_early,14.566614
KITTI_OOD,encoder_early,13.997687
KITTI_OOD,encoder_early,14.171933
KITTI_OOD,encoder_early,14.074486
KITTI_OOD,encoder_early,14.460685
KITTI_OOD,encoder_early,13.606295
KITTI_OOD,encoder_early,13.858017
KITTI_OOD,encoder_early,14.70826
KITTI_OOD,encoder_early,15.5973835
KITTI_OOD,encoder_early,13.628077
KITTI_OOD,encoder_early,14.715058
KITTI_OOD,encoder_early,13.213581
KITTI_OOD,encoder_early,13.838281
KITTI_OOD,encoder_early,14.472552
KITTI_OOD,encoder_early,13.555403
KITTI_OOD,encoder_early,13.653996
KITTI_OOD,encoder_early,13.698003
KITTI_OOD,encoder_early,13.399587
KITTI_OOD,encoder_early,13.067022
KITTI_OOD,encoder_early,13.168427
KITTI_OOD,encoder_early,14.983902
KITTI_OOD,encoder_early,13.355205
KITTI_OOD,encoder_early,14.72448
KITTI_OOD,encoder_early,14.403618
KITTI_OOD,encoder_early,13.482789
KITTI_OOD,encoder_early,12.891957
KITTI_OOD,encoder_early,15.231699
KITTI_OOD,encoder_early,13.339864
KITTI_OOD,encoder_early,13.647319
KITTI_OOD,encoder_early,14.719077
KITTI_OOD,encoder_early,14.80442
KITTI_OOD,encoder_early,13.384186
KITTI_OOD,encoder_early,14.806238
KITTI_OOD,encoder_early,13.656305
KITTI_OOD,encoder_early,15.292124
KITTI_OOD,encoder_early,13.730218
KITTI_OOD,encoder_early,13.532709
KITTI_OOD,encoder_early,13.029356
KITTI_OOD,encoder_early,15.395124
KITTI_OOD,encoder_early,14.414142
KITTI_OOD,encoder_early,12.808159
KITTI_OOD,encoder_early,13.88276
KITTI_OOD,encoder_early,13.3751335
KITTI_OOD,encoder_early,14.153672
KITTI_OOD,encoder_early,13.862536
KITTI_OOD,encoder_early,13.660981
KITTI_OOD,encoder_early,16.894226
KITTI_OOD,encoder_early,16.058338
KITTI_OOD,encoder_early,15.681465
KITTI_OOD,encoder_early,15.810306
KITTI_OOD,encoder_early,14.097357
KITTI_OOD,encoder_early,13.29903
KITTI_OOD,encoder_early,14.803667
KITTI_OOD,encoder_early,14.757935
KITTI_OOD,encoder_early,13.776545
KITTI_OOD,encoder_early,14.023302
KITTI_OOD,encoder_early,14.195715
KITTI_OOD,encoder_early,15.364837
KITTI_OOD,encoder_early,13.362176
KITTI_OOD,encoder_early,14.620595
KITTI_OOD,encoder_early,13.855119
KITTI_OOD,encoder_early,13.839177
KITTI_OOD,encoder_early,13.410628
KITTI_OOD,encoder_early,14.19165
KITTI_OOD,encoder_early,13.201119
KITTI_OOD,encoder_early,13.942404
KITTI_OOD,encoder_early,13.672794
KITTI_OOD,encoder_early,14.414801
KITTI_OOD,encoder_early,6.2923117
KITTI_OOD,encoder_early,6.163433
KITTI_OOD,encoder_early,13.75687
KITTI_OOD,encoder_early,14.148255
KITTI_OOD,encoder_early,12.55861
KITTI_OOD,encoder_early,14.122651
KITTI_OOD,encoder_early,13.903106
KITTI_OOD,encoder_early,14.964291
KITTI_OOD,encoder_early,13.798554
KITTI_OOD,encoder_early,13.297886
KITTI_OOD,encoder_early,14.211893
KITTI_OOD,encoder_early,13.403547
KITTI_OOD,encoder_early,14.032259
KITTI_OOD,encoder_early,14.658365
KITTI_OOD,encoder_early,14.729422
KITTI_OOD,encoder_early,14.25536
KITTI_OOD,encoder_early,15.851923
KITTI_OOD,encoder_early,14.679117
KITTI_OOD,encoder_early,13.961964
KITTI_OOD,encoder_early,12.37477
KITTI_OOD,encoder_early,14.985094
KITTI_OOD,encoder_early,13.985412
KITTI_OOD,encoder_early,14.154339
KITTI_OOD,encoder_early,14.27071
KITTI_OOD,encoder_early,13.526125
KITTI_OOD,encoder_early,14.009784
KITTI_OOD,encoder_early,13.565236
KITTI_OOD,encoder_early,15.362088
KITTI_OOD,encoder_early,14.9759445
KITTI_OOD,encoder_early,14.695319
KITTI_OOD,encoder_early,14.35186
KITTI_OOD,encoder_early,13.794387
KITTI_OOD,encoder_early,13.145812
KITTI_OOD,encoder_early,14.5624695
KITTI_OOD,encoder_early,13.8404045
KITTI_OOD,encoder_early,12.966646
KITTI_OOD,encoder_early,12.805138
KITTI_OOD,encoder_early,14.686937
KITTI_OOD,encoder_early,14.413927
KITTI_OOD,encoder_early,12.131028
KITTI_OOD,encoder_early,11.996165
KITTI_OOD,encoder_early,12.906686
KITTI_OOD,encoder_early,14.87048
KITTI_OOD,encoder_early,12.579747
KITTI_OOD,encoder_early,12.936878
KITTI_OOD,encoder_early,13.311034
KITTI_OOD,encoder_early,13.958746
KITTI_OOD,encoder_early,13.3671465
KITTI_OOD,encoder_early,12.735555
KITTI_OOD,encoder_early,12.545806
KITTI_OOD,encoder_early,14.30919
KITTI_OOD,encoder_early,14.021236
KITTI_OOD,encoder_early,13.356071
KITTI_OOD,encoder_early,13.532013
KITTI_OOD,encoder_early,12.042367
KITTI_OOD,encoder_early,14.157269
KITTI_OOD,encoder_early,13.934034
KITTI_OOD,encoder_early,14.098336
KITTI_OOD,encoder_early,13.755103
KITTI_OOD,encoder_early,12.371549
KITTI_OOD,encoder_early,15.206911
KITTI_OOD,encoder_early,14.392864
KITTI_OOD,encoder_early,14.951654
KITTI_OOD,encoder_early,13.891668
KITTI_OOD,encoder_early,13.495473
KITTI_OOD,encoder_early,13.6229925
KITTI_OOD,encoder_early,15.034296
KITTI_OOD,encoder_early,15.033985
KITTI_OOD,encoder_early,14.973794
KITTI_OOD,encoder_early,13.474886
KITTI_OOD,encoder_early,13.499011
KITTI_OOD,encoder_early,13.7338295
KITTI_OOD,encoder_early,14.657764
KITTI_OOD,encoder_early,13.437738
KITTI_OOD,encoder_early,13.215371
KITTI_OOD,encoder_early,14.701987
KITTI_OOD,encoder_early,14.268425
KITTI_OOD,encoder_early,12.703236
KITTI_OOD,encoder_early,13.484384
KITTI_OOD,encoder_early,13.357265
KITTI_OOD,encoder_early,15.098537
KITTI_OOD,encoder_early,13.748653
KITTI_OOD,encoder_early,15.812408
KITTI_OOD,encoder_early,14.762047
KITTI_OOD,encoder_early,13.365721
KITTI_OOD,encoder_early,13.820366
KITTI_OOD,encoder_early,13.851579
KITTI_OOD,encoder_early,14.362026
KITTI_OOD,encoder_early,14.707141
KITTI_OOD,encoder_early,13.101808
KITTI_OOD,encoder_early,14.030626
KITTI_OOD,encoder_early,13.242706
KITTI_OOD,encoder_middle,6.671846
KITTI_OOD,encoder_middle,6.9585447
KITTI_OOD,encoder_middle,6.3739896
KITTI_OOD,encoder_middle,6.718703
KITTI_OOD,encoder_middle,6.3880997
KITTI_OOD,encoder_middle,6.4433327
KITTI_OOD,encoder_middle,6.4950128
KITTI_OOD,encoder_middle,6.9802217
KITTI_OOD,encoder_middle,6.8710303
KITTI_OOD,encoder_middle,7.719312
KITTI_OOD,encoder_middle,7.731942
KITTI_OOD,encoder_middle,7.2020187
KITTI_OOD,encoder_middle,6.9369216
KITTI_OOD,encoder_middle,7.4463744
KITTI_OOD,encoder_middle,6.4323707
KITTI_OOD,encoder_middle,5.9883103
KITTI_OOD,encoder_middle,6.6589026
KITTI_OOD,encoder_middle,6.4399385
KITTI_OOD,encoder_middle,6.1742764
KITTI_OOD,encoder_middle,6.324729
KITTI_OOD,encoder_middle,6.6219144
KITTI_OOD,encoder_middle,6.5985913
KITTI_OOD,encoder_middle,6.7648587
KITTI_OOD,encoder_middle,3.7898815
KITTI_OOD,encoder_middle,4.110929
KITTI_OOD,encoder_middle,2.8558204
KITTI_OOD,encoder_middle,4.4508305
KITTI_OOD,encoder_middle,3.9311993
KITTI_OOD,encoder_middle,5.338599
KITTI_OOD,encoder_middle,5.36409
KITTI_OOD,encoder_middle,4.9114075
KITTI_OOD,encoder_middle,4.7596717
KITTI_OOD,encoder_middle,4.6866345
KITTI_OOD,encoder_middle,5.966738
KITTI_OOD,encoder_middle,4.951096
KITTI_OOD,encoder_middle,4.744218
KITTI_OOD,encoder_middle,4.7877426
KITTI_OOD,encoder_middle,4.5293694
KITTI_OOD,encoder_middle,5.767338
KITTI_OOD,encoder_middle,5.647715
KITTI_OOD,encoder_middle,4.001278
KITTI_OOD,encoder_middle,3.5213075
KITTI_OOD,encoder_middle,1.772282
KITTI_OOD,encoder_middle,2.9011495
KITTI_OOD,encoder_middle,2.2910523
KITTI_OOD,encoder_middle,2.9552634
KITTI_OOD,encoder_middle,2.4277554
KITTI_OOD,encoder_middle,2.5325103
KITTI_OOD,encoder_middle,2.38412
KITTI_OOD,encoder_middle,5.070145
KITTI_OOD,encoder_middle,5.9042993
KITTI_OOD,encoder_middle,5.667384
KITTI_OOD,encoder_middle,5.8960986
KITTI_OOD,encoder_middle,5.413124
KITTI_OOD,encoder_middle,5.903871
KITTI_OOD,encoder_middle,5.8543835
KITTI_OOD,encoder_middle,5.5914783
KITTI_OOD,encoder_middle,6.02393
KITTI_OOD,encoder_middle,6.071644
KITTI_OOD,encoder_middle,6.138131
KITTI_OOD,encoder_middle,5.4307623
KITTI_OOD,encoder_middle,5.0788603
KITTI_OOD,encoder_middle,5.63888
KITTI_OOD,encoder_middle,5.2595496
KITTI_OOD,encoder_middle,5.488773
KITTI_OOD,encoder_middle,4.9589877
KITTI_OOD,encoder_middle,6.1221213
KITTI_OOD,encoder_middle,5.634862
KITTI_OOD,encoder_middle,5.7529907
KITTI_OOD,encoder_middle,6.567628
KITTI_OOD,encoder_middle,5.726718
KITTI_OOD,encoder_middle,5.895407
KITTI_OOD,encoder_middle,6.8000097
KITTI_OOD,encoder_middle,6.8424597
KITTI_OOD,encoder_middle,6.068491
KITTI_OOD,encoder_middle,6.3353024
KITTI_OOD,encoder_middle,6.2518473
KITTI_OOD,encoder_middle,6.0939975
KITTI_OOD,encoder_middle,6.028217
KITTI_OOD,encoder_middle,5.3781037
KITTI_OOD,encoder_middle,4.642066
KITTI_OOD,encoder_middle,5.67846
KITTI_OOD,encoder_middle,5.291506
KITTI_OOD,encoder_middle,7.0867496
KITTI_OOD,encoder_middle,6.500576
KITTI_OOD,encoder_middle,5.9833226
KITTI_OOD,encoder_middle,6.159364
KITTI_OOD,encoder_middle,5.7570977
KITTI_OOD,encoder_middle,5.3497834
KITTI_OOD,encoder_middle,6.3839216
KITTI_OOD,encoder_middle,5.560512
KITTI_OOD,encoder_middle,4.759309
KITTI_OOD,encoder_middle,5.885996
KITTI_OOD,encoder_middle,2.6065829
KITTI_OOD,encoder_middle,2.9916034
KITTI_OOD,encoder_middle,5.7657356
KITTI_OOD,encoder_middle,4.0865116
KITTI_OOD,encoder_middle,2.5107288
KITTI_OOD,encoder_middle,2.6203215
KITTI_OOD,encoder_middle,3.1485186
KITTI_OOD,encoder_middle,4.639797
KITTI_OOD,encoder_middle,3.3903558
KITTI_OOD,encoder_middle,2.3562088
KITTI_OOD,encoder_middle,5.0720797
KITTI_OOD,encoder_middle,1.7440819
KITTI_OOD,encoder_middle,2.8156161
KITTI_OOD,encoder_middle,3.459202
KITTI_OOD,encoder_middle,3.7325401
KITTI_OOD,encoder_middle,4.598159
KITTI_OOD,encoder_middle,2.0505662
KITTI_OOD,encoder_middle,1.980098
KITTI_OOD,encoder_middle,2.7885208
KITTI_OOD,encoder_middle,3.7764251
KITTI_OOD,encoder_middle,3.6489944
KITTI_OOD,encoder_middle,4.6601753
KITTI_OOD,encoder_middle,5.2935176
KITTI_OOD,encoder_middle,5.5830164
KITTI_OOD,encoder_middle,6.3013606
KITTI_OOD,encoder_middle,5.317239
KITTI_OOD,encoder_middle,5.6706347
KITTI_OOD,encoder_middle,5.6636977
KITTI_OOD,encoder_middle,5.219921
KITTI_OOD,encoder_middle,5.8556795
KITTI_OOD,encoder_middle,5.229029
KITTI_OOD,encoder_middle,5.8001757
KITTI_OOD,encoder_middle,6.1075697
KITTI_OOD,encoder_middle,5.9111643
KITTI_OOD,encoder_middle,6.291769
KITTI_OOD,encoder_middle,6.7923493
KITTI_OOD,encoder_middle,6.1056657
KITTI_OOD,encoder_middle,6.6655746
KITTI_OOD,encoder_middle,5.9572334
KITTI_OOD,encoder_middle,5.8696823
KITTI_OOD,encoder_middle,3.9849777
KITTI_OOD,encoder_middle,3.6803274
KITTI_OOD,encoder_middle,4.9411893
KITTI_OOD,encoder_middle,4.1938796
KITTI_OOD,encoder_middle,2.9913864
KITTI_OOD,encoder_middle,4.29494
KITTI_OOD,encoder_middle,5.1094303
KITTI_OOD,encoder_middle,3.816124
KITTI_OOD,encoder_middle,5.691596
KITTI_OOD,encoder_middle,4.99918
KITTI_OOD,encoder_middle,4.221253
KITTI_OOD,encoder_middle,4.935317
KITTI_OOD,encoder_middle,4.1161222
KITTI_OOD,encoder_middle,4.5973945
KITTI_OOD,encoder_middle,5.3611913
KITTI_OOD,encoder_middle,5.299858
KITTI_OOD,encoder_middle,4.6440983
KITTI_OOD,encoder_middle,5.4357624
KITTI_OOD,encoder_middle,5.6348767
KITTI_OOD,encoder_middle,5.025721
KITTI_OOD,encoder_middle,6.4281306
KITTI_OOD,encoder_middle,5.342574
KITTI_OOD,encoder_middle,5.3187723
KITTI_OOD,encoder_middle,4.867853
KITTI_OOD,encoder_middle,5.477399
KITTI_OOD,encoder_middle,5.757208
KITTI_OOD,encoder_middle,5.3443646
KITTI_OOD,encoder_middle,5.74866
KITTI_OOD,encoder_middle,5.5593147
KITTI_OOD,encoder_middle,5.853265
KITTI_OOD,encoder_middle,5.547913
KITTI_OOD,encoder_middle,5.0724397
KITTI_OOD,encoder_middle,5.3710318
KITTI_OOD,encoder_middle,7.0321426
KITTI_OOD,encoder_middle,5.62014
KITTI_OOD,encoder_middle,6.3856134
KITTI_OOD,encoder_middle,6.7125854
KITTI_OOD,encoder_middle,6.45789
KITTI_OOD,encoder_middle,5.760065
KITTI_OOD,encoder_middle,5.8881483
KITTI_OOD,encoder_middle,5.501047
KITTI_OOD,encoder_middle,5.881149
KITTI_OOD,encoder_middle,6.879514
KITTI_OOD,encoder_middle,6.2352543
KITTI_OOD,encoder_middle,6.6434817
KITTI_OOD,encoder_middle,6.2920384
KITTI_OOD,encoder_middle,7.0674634
KITTI_OOD,encoder_middle,5.8460064
KITTI_OOD,encoder_middle,6.2783175
KITTI_OOD,encoder_middle,5.0636034
KITTI_OOD,encoder_middle,6.682424
KITTI_OOD,encoder_middle,6.6961684
KITTI_OOD,encoder_middle,6.2936554
KITTI_OOD,encoder_middle,6.5900054
KITTI_OOD,encoder_middle,6.120486
KITTI_OOD,encoder_middle,6.574591
KITTI_OOD,encoder_middle,5.4275007
KITTI_OOD,encoder_middle,5.9817405
KITTI_OOD,encoder_middle,6.0143356
KITTI_OOD,encoder_middle,6.157706
KITTI_OOD,encoder_middle,6.3404784
KITTI_OOD,encoder_middle,6.014759
KITTI_OOD,encoder_middle,7.4979606
KITTI_OOD,encoder_middle,6.162638
KITTI_OOD,encoder_middle,6.9621015
KITTI_OOD,encoder_middle,6.3835077
KITTI_OOD,encoder_middle,6.6310196
KITTI_OOD,encoder_middle,5.440884
KITTI_OOD,encoder_middle,5.471298
KITTI_OOD,encoder_middle,6.8240066
KITTI_OOD,encoder_middle,5.723129
KITTI_OOD,encoder_middle,5.9011803
KITTI_OOD,encoder_middle,6.0172634
KITTI_OOD,encoder_middle,6.26744
KITTI_OOD,encoder_middle,5.5378304
KITTI_OOD,encoder_middle,5.971417
KITTI_OOD,encoder_middle,5.4668813
KITTI_OOD,encoder_middle,6.069727
KITTI_OOD,encoder_middle,6.1574917
KITTI_OOD,encoder_middle,5.127603
KITTI_OOD,encoder_middle,6.0726132
KITTI_OOD,encoder_middle,7.4090705
KITTI_OOD,encoder_middle,5.7022047
KITTI_OOD,encoder_middle,5.342205
KITTI_OOD,encoder_middle,5.993266
KITTI_OOD,encoder_middle,5.4949503
KITTI_OOD,encoder_middle,6.416431
KITTI_OOD,encoder_middle,6.1540933
KITTI_OOD,encoder_middle,5.589991
KITTI_OOD,encoder_middle,5.7502484
KITTI_OOD,encoder_middle,5.974952
KITTI_OOD,encoder_middle,5.678283
KITTI_OOD,encoder_middle,5.928507
KITTI_OOD,encoder_middle,5.877266
KITTI_OOD,encoder_middle,6.2788033
KITTI_OOD,encoder_middle,7.090524
KITTI_OOD,encoder_middle,5.6620607
KITTI_OOD,encoder_middle,5.848486
KITTI_OOD,encoder_middle,5.9281883
KITTI_OOD,encoder_middle,6.0025754
KITTI_OOD,encoder_middle,6.282825
KITTI_OOD,encoder_middle,5.0616207
KITTI_OOD,encoder_middle,6.574616
KITTI_OOD,encoder_middle,5.819791
KITTI_OOD,encoder_middle,6.753707
KITTI_OOD,encoder_middle,5.2639503
KITTI_OOD,encoder_middle,6.244257
KITTI_OOD,encoder_middle,6.0407076
KITTI_OOD,encoder_middle,5.655288
KITTI_OOD,encoder_middle,6.5558467
KITTI_OOD,encoder_middle,5.4385147
KITTI_OOD,encoder_middle,4.734167
KITTI_OOD,encoder_middle,5.3502274
KITTI_OOD,encoder_middle,5.6680255
KITTI_OOD,encoder_middle,5.110637
KITTI_OOD,encoder_middle,5.7162275
KITTI_OOD,encoder_middle,6.833986
KITTI_OOD,encoder_middle,5.728908
KITTI_OOD,encoder_middle,4.6498895
KITTI_OOD,encoder_middle,5.134785
KITTI_OOD,encoder_middle,5.8961353
KITTI_OOD,encoder_middle,6.565117
KITTI_OOD,encoder_middle,6.058405
KITTI_OOD,encoder_middle,5.074902
KITTI_OOD,encoder_middle,4.6402674
KITTI_OOD,encoder_middle,5.3859677
KITTI_OOD,encoder_middle,5.681384
KITTI_OOD,encoder_middle,5.933449
KITTI_OOD,encoder_middle,5.903348
KITTI_OOD,encoder_middle,6.504798
KITTI_OOD,encoder_middle,5.340398
KITTI_OOD,encoder_middle,4.934912
KITTI_OOD,encoder_middle,4.4374943
KITTI_OOD,encoder_middle,4.863267
KITTI_OOD,encoder_middle,5.7605
KITTI_OOD,encoder_middle,5.587045
KITTI_OOD,encoder_middle,5.9971657
KITTI_OOD,encoder_middle,6.236152
KITTI_OOD,encoder_middle,6.093868
KITTI_OOD,encoder_middle,5.625832
KITTI_OOD,encoder_middle,5.5582533
KITTI_OOD,encoder_middle,5.3766074
KITTI_OOD,encoder_middle,5.3608546
KITTI_OOD,encoder_middle,5.209351
KITTI_OOD,encoder_middle,5.1553607
KITTI_OOD,encoder_middle,5.895798
KITTI_OOD,encoder_middle,5.9320416
KITTI_OOD,encoder_middle,5.0365043
KITTI_OOD,encoder_middle,5.1214995
KITTI_OOD,encoder_middle,5.5470705
KITTI_OOD,encoder_middle,4.4414377
KITTI_OOD,encoder_middle,4.485963
KITTI_OOD,encoder_middle,5.3006315
KITTI_OOD,encoder_middle,4.414262
KITTI_OOD,encoder_middle,5.7281933
KITTI_OOD,encoder_middle,6.668661
KITTI_OOD,encoder_middle,6.1362276
KITTI_OOD,encoder_middle,5.7054205
KITTI_OOD,encoder_middle,6.82554
KITTI_OOD,encoder_middle,6.586088
KITTI_OOD,encoder_middle,6.995123
KITTI_OOD,encoder_middle,6.476544
KITTI_OOD,encoder_middle,6.6609945
KITTI_OOD,encoder_middle,6.4868317
KITTI_OOD,encoder_middle,6.9152
KITTI_OOD,encoder_middle,6.635125
KITTI_OOD,encoder_middle,6.9435496
KITTI_OOD,encoder_middle,6.908292
KITTI_OOD,encoder_middle,6.8198066
KITTI_OOD,encoder_middle,6.7053533
KITTI_OOD,encoder_middle,7.228869
KITTI_OOD,encoder_middle,6.8931723
KITTI_OOD,encoder_middle,6.5493045
KITTI_OOD,encoder_middle,6.4218545
KITTI_OOD,encoder_middle,5.906946
KITTI_OOD,encoder_middle,6.55617
KITTI_OOD,encoder_middle,6.2115355
KITTI_OOD,encoder_middle,6.299505
KITTI_OOD,encoder_middle,6.800876
KITTI_OOD,encoder_middle,6.302121
KITTI_OOD,encoder_middle,6.0256295
KITTI_OOD,encoder_middle,6.140052
KITTI_OOD,encoder_middle,6.4344125
KITTI_OOD,encoder_middle,6.096457
KITTI_OOD,encoder_middle,5.724403
KITTI_OOD,encoder_middle,6.4687743
KITTI_OOD,encoder_middle,5.683442
KITTI_OOD,encoder_middle,5.8209867
KITTI_OOD,encoder_middle,6.3348584
KITTI_OOD,encoder_middle,6.4726233
KITTI_OOD,encoder_middle,7.2365913
KITTI_OOD,encoder_middle,6.3422685
KITTI_OOD,encoder_middle,7.3477473
KITTI_OOD,encoder_middle,6.3822765
KITTI_OOD,encoder_middle,6.5968547
KITTI_OOD,encoder_middle,6.223751
KITTI_OOD,encoder_middle,7.235503
KITTI_OOD,encoder_middle,6.0723205
KITTI_OOD,encoder_middle,6.8612347
KITTI_OOD,encoder_middle,6.6107006
KITTI_OOD,encoder_middle,6.5103536
KITTI_OOD,encoder_middle,6.225375
KITTI_OOD,encoder_middle,5.6253777
KITTI_OOD,encoder_middle,6.1243553
KITTI_OOD,encoder_middle,7.762683
KITTI_OOD,encoder_middle,7.156193
KITTI_OOD,encoder_middle,5.8183885
KITTI_OOD,encoder_middle,5.667832
KITTI_OOD,encoder_middle,5.346757
KITTI_OOD,encoder_middle,6.132725
KITTI_OOD,encoder_middle,6.268762
KITTI_OOD,encoder_middle,5.40566
KITTI_OOD,encoder_middle,5.786789
KITTI_OOD,encoder_middle,5.724104
KITTI_OOD,encoder_middle,6.164717
KITTI_OOD,encoder_middle,5.8951817
KITTI_OOD,encoder_middle,6.44353
KITTI_OOD,encoder_middle,6.211448
KITTI_OOD,encoder_middle,6.266623
KITTI_OOD,encoder_middle,5.6394916
KITTI_OOD,encoder_middle,6.0001984
KITTI_OOD,encoder_middle,5.97807
KITTI_OOD,encoder_middle,5.7477975
KITTI_OOD,encoder_middle,6.576302
KITTI_OOD,encoder_middle,5.148688
KITTI_OOD,encoder_middle,5.4668875
KITTI_OOD,encoder_middle,5.615548
KITTI_OOD,encoder_middle,5.700626
KITTI_OOD,encoder_middle,5.777802
KITTI_OOD,encoder_middle,5.2281914
KITTI_OOD,encoder_middle,5.704026
KITTI_OOD,encoder_middle,5.4427137
KITTI_OOD,encoder_middle,5.6090975
KITTI_OOD,encoder_middle,5.2673635
KITTI_OOD,encoder_middle,5.119997
KITTI_OOD,encoder_middle,5.6090937
KITTI_OOD,encoder_middle,5.7865257
KITTI_OOD,encoder_middle,6.5694013
KITTI_OOD,encoder_middle,7.0621047
KITTI_OOD,encoder_middle,7.3690863
KITTI_OOD,encoder_middle,8.410794
KITTI_OOD,encoder_middle,7.083671
KITTI_OOD,encoder_middle,7.1961246
KITTI_OOD,encoder_middle,7.056062
KITTI_OOD,encoder_middle,7.0042267
KITTI_OOD,encoder_middle,7.0994673
KITTI_OOD,encoder_middle,7.4155226
KITTI_OOD,encoder_middle,7.3129644
KITTI_OOD,encoder_middle,7.744855
KITTI_OOD,encoder_middle,7.158939
KITTI_OOD,encoder_middle,7.6187673
KITTI_OOD,encoder_middle,7.33686
KITTI_OOD,encoder_middle,7.5048447
KITTI_OOD,encoder_middle,6.473788
KITTI_OOD,encoder_middle,5.768373
KITTI_OOD,encoder_middle,7.197554
KITTI_OOD,encoder_middle,7.6827636
KITTI_OOD,encoder_middle,6.7465467
KITTI_OOD,encoder_middle,7.119701
KITTI_OOD,encoder_middle,6.0611496
KITTI_OOD,encoder_middle,6.836527
KITTI_OOD,encoder_middle,6.7573237
KITTI_OOD,encoder_middle,6.9607334
KITTI_OOD,encoder_middle,6.5687404
KITTI_OOD,encoder_middle,6.8309393
KITTI_OOD,encoder_middle,6.301126
KITTI_OOD,encoder_middle,6.2790103
KITTI_OOD,encoder_middle,6.4974337
KITTI_OOD,encoder_middle,6.020929
KITTI_OOD,encoder_middle,5.766953
KITTI_OOD,encoder_middle,5.8093586
KITTI_OOD,encoder_middle,6.0696707
KITTI_OOD,encoder_middle,6.3325167
KITTI_OOD,encoder_middle,6.1475153
KITTI_OOD,encoder_middle,6.4793015
KITTI_OOD,encoder_middle,6.1299253
KITTI_OOD,encoder_middle,6.553996
KITTI_OOD,encoder_middle,5.3972435
KITTI_OOD,encoder_middle,5.7443
KITTI_OOD,encoder_middle,5.679556
KITTI_OOD,encoder_middle,6.002522
KITTI_OOD,encoder_middle,6.6301894
KITTI_OOD,encoder_middle,6.882618
KITTI_OOD,encoder_middle,5.359964
KITTI_OOD,encoder_middle,6.161141
KITTI_OOD,encoder_middle,6.8743887
KITTI_OOD,encoder_middle,6.5636077
KITTI_OOD,encoder_middle,6.989639
KITTI_OOD,encoder_middle,6.59424
KITTI_OOD,encoder_middle,5.924885
KITTI_OOD,encoder_middle,6.679446
KITTI_OOD,encoder_middle,6.531775
KITTI_OOD,encoder_middle,6.36769
KITTI_OOD,encoder_middle,6.3953676
KITTI_OOD,encoder_middle,6.5345426
KITTI_OOD,encoder_middle,6.2311544
KITTI_OOD,encoder_middle,5.5776467
KITTI_OOD,encoder_middle,6.2175107
KITTI_OOD,encoder_middle,6.5687447
KITTI_OOD,encoder_middle,6.1302667
KITTI_OOD,encoder_middle,6.6521306
KITTI_OOD,encoder_middle,5.570697
KITTI_OOD,encoder_middle,6.200549
KITTI_OOD,encoder_middle,5.8307514
KITTI_OOD,encoder_middle,5.948354
KITTI_OOD,encoder_middle,6.8683853
KITTI_OOD,encoder_middle,6.1814175
KITTI_OOD,encoder_middle,6.735338
KITTI_OOD,encoder_middle,5.9983134
KITTI_OOD,encoder_middle,6.0004516
KITTI_OOD,encoder_middle,5.8891354
KITTI_OOD,encoder_middle,5.658519
KITTI_OOD,encoder_middle,5.896105
KITTI_OOD,encoder_middle,5.367717
KITTI_OOD,encoder_middle,5.468042
KITTI_OOD,encoder_middle,6.2444496
KITTI_OOD,encoder_middle,6.001332
KITTI_OOD,encoder_middle,5.5290046
KITTI_OOD,encoder_middle,5.4194283
KITTI_OOD,encoder_middle,6.2742944
KITTI_OOD,encoder_middle,6.0935173
KITTI_OOD,encoder_middle,6.522508
KITTI_OOD,encoder_middle,6.892823
KITTI_OOD,encoder_middle,5.9642186
KITTI_OOD,encoder_middle,6.805126
KITTI_OOD,encoder_middle,6.270004
KITTI_OOD,encoder_middle,5.93663
KITTI_OOD,encoder_middle,5.312195
KITTI_OOD,encoder_middle,5.1854296
KITTI_OOD,encoder_middle,5.3693705
KITTI_OOD,encoder_middle,5.901987
KITTI_OOD,encoder_middle,5.6104045
KITTI_OOD,encoder_middle,5.3064785
KITTI_OOD,encoder_middle,5.988514
KITTI_OOD,encoder_middle,5.114502
KITTI_OOD,encoder_middle,5.303685
KITTI_OOD,encoder_middle,5.213998
KITTI_OOD,encoder_middle,5.625524
KITTI_OOD,encoder_middle,6.0117145
KITTI_OOD,encoder_middle,5.399667
KITTI_OOD,encoder_middle,5.944066
KITTI_OOD,encoder_middle,6.24852
KITTI_OOD,encoder_middle,6.529648
KITTI_OOD,encoder_middle,5.786669
KITTI_OOD,encoder_middle,5.671526
KITTI_OOD,encoder_middle,5.596834
KITTI_OOD,encoder_middle,5.9822764
KITTI_OOD,encoder_middle,5.812271
KITTI_OOD,encoder_middle,5.8148537
KITTI_OOD,encoder_middle,5.3717556
KITTI_OOD,encoder_middle,5.8292665
KITTI_OOD,encoder_middle,5.84661
KITTI_OOD,encoder_middle,5.9943867
KITTI_OOD,encoder_middle,5.8102713
KITTI_OOD,encoder_middle,6.498127
KITTI_OOD,encoder_middle,6.734542
KITTI_OOD,encoder_middle,6.686054
KITTI_OOD,encoder_middle,6.118181
KITTI_OOD,encoder_middle,7.5362234
KITTI_OOD,encoder_middle,7.185261
KITTI_OOD,encoder_middle,5.7166977
KITTI_OOD,encoder_middle,6.080182
KITTI_OOD,encoder_middle,6.445741
KITTI_OOD,encoder_middle,6.124924
KITTI_OOD,encoder_middle,6.535141
KITTI_OOD,encoder_middle,5.939519
KITTI_OOD,encoder_middle,6.1105046
KITTI_OOD,encoder_middle,6.013563
KITTI_OOD,encoder_middle,6.9476786
KITTI_OOD,encoder_middle,6.1181297
KITTI_OOD,encoder_middle,5.8164005
KITTI_OOD,encoder_middle,6.1056266
KITTI_OOD,encoder_middle,6.609315
KITTI_OOD,encoder_middle,5.465589
KITTI_OOD,encoder_middle,4.4204054
KITTI_OOD,encoder_middle,3.2939203
KITTI_OOD,encoder_middle,3.4367948
KITTI_OOD,encoder_middle,3.3612037
KITTI_OOD,encoder_middle,4.112353
KITTI_OOD,encoder_middle,3.41367
KITTI_OOD,encoder_middle,3.7139807
KITTI_OOD,encoder_middle,3.7545252
KITTI_OOD,encoder_middle,4.0454044
KITTI_OOD,encoder_middle,3.6666164
KITTI_OOD,encoder_middle,5.430784
KITTI_OOD,encoder_middle,5.2592697
KITTI_OOD,encoder_middle,5.6644664
KITTI_OOD,encoder_middle,5.6102476
KITTI_OOD,encoder_middle,6.0033455
KITTI_OOD,encoder_middle,4.982747
KITTI_OOD,encoder_middle,5.433795
KITTI_OOD,encoder_middle,5.309106
KITTI_OOD,encoder_middle,5.9830027
KITTI_OOD,encoder_middle,6.5643325
KITTI_OOD,encoder_middle,6.185604
KITTI_OOD,encoder_middle,5.349002
KITTI_OOD,encoder_middle,5.1087103
KITTI_OOD,encoder_middle,5.8758216
KITTI_OOD,encoder_middle,5.658746
KITTI_OOD,encoder_middle,5.455821
KITTI_OOD,encoder_middle,5.9682345
KITTI_OOD,encoder_middle,5.831295
KITTI_OOD,encoder_middle,5.949603
KITTI_OOD,encoder_middle,5.9317217
KITTI_OOD,encoder_middle,5.859239
KITTI_OOD,encoder_middle,5.8383446
KITTI_OOD,encoder_middle,6.8367615
KITTI_OOD,encoder_middle,5.864666
KITTI_OOD,encoder_middle,5.07848
KITTI_OOD,encoder_middle,5.5534806
KITTI_OOD,encoder_middle,5.7574034
KITTI_OOD,encoder_middle,5.078782
KITTI_OOD,encoder_middle,5.9014897
KITTI_OOD,encoder_middle,5.3771195
KITTI_OOD,encoder_middle,6.583365
KITTI_OOD,encoder_middle,6.6709805
KITTI_OOD,encoder_middle,5.629843
KITTI_OOD,encoder_middle,5.9090524
KITTI_OOD,encoder_middle,6.64553
KITTI_OOD,encoder_middle,7.382247
KITTI_OOD,encoder_middle,7.420478
KITTI_OOD,encoder_middle,6.139732
KITTI_OOD,encoder_middle,5.9729137
KITTI_OOD,encoder_middle,5.9061775
KITTI_OOD,encoder_middle,5.6697187
KITTI_OOD,encoder_middle,6.1407976
KITTI_OOD,encoder_middle,6.7543254
KITTI_OOD,encoder_middle,7.249963
KITTI_OOD,encoder_middle,7.342706
KITTI_OOD,encoder_middle,6.464944
KITTI_OOD,encoder_middle,6.0239897
KITTI_OOD,encoder_middle,6.716256
KITTI_OOD,encoder_middle,7.510921
KITTI_OOD,encoder_middle,7.1071615
KITTI_OOD,encoder_middle,5.608145
KITTI_OOD,encoder_middle,6.44834
KITTI_OOD,encoder_middle,6.273207
KITTI_OOD,encoder_middle,6.2060018
KITTI_OOD,encoder_middle,6.5139737
KITTI_OOD,encoder_middle,5.170064
KITTI_OOD,encoder_middle,4.65992
KITTI_OOD,encoder_middle,4.6592565
KITTI_OOD,encoder_middle,4.993824
KITTI_OOD,encoder_middle,4.933626
KITTI_OOD,encoder_middle,4.363694
KITTI_OOD,encoder_middle,5.899369
KITTI_OOD,encoder_middle,5.3929267
KITTI_OOD,encoder_middle,5.4332695
KITTI_OOD,encoder_middle,5.01972
KITTI_OOD,encoder_middle,5.072665
KITTI_OOD,encoder_middle,5.6527014
KITTI_OOD,encoder_middle,5.7850065
KITTI_OOD,encoder_middle,5.47217
KITTI_OOD,encoder_middle,5.152383
KITTI_OOD,encoder_middle,5.212303
KITTI_OOD,encoder_middle,6.1959243
KITTI_OOD,encoder_middle,6.816467
KITTI_OOD,encoder_middle,5.7621856
KITTI_OOD,encoder_middle,5.318164
KITTI_OOD,encoder_middle,4.9947386
KITTI_OOD,encoder_middle,5.5085936
KITTI_OOD,encoder_middle,5.63221
KITTI_OOD,encoder_middle,5.596726
KITTI_OOD,encoder_middle,4.9217153
KITTI_OOD,encoder_middle,5.43836
KITTI_OOD,encoder_middle,5.187958
KITTI_OOD,encoder_middle,5.472107
KITTI_OOD,encoder_middle,4.8464947
KITTI_OOD,encoder_middle,5.8274217
KITTI_OOD,encoder_middle,6.5039015
KITTI_OOD,encoder_middle,2.9760675
KITTI_OOD,encoder_middle,3.9809878
KITTI_OOD,encoder_middle,4.2099385
KITTI_OOD,encoder_middle,4.401162
KITTI_OOD,encoder_middle,4.5263724
KITTI_OOD,encoder_middle,3.8456185
KITTI_OOD,encoder_middle,3.2304292
KITTI_OOD,encoder_middle,2.9879315
KITTI_OOD,encoder_middle,2.871044
KITTI_OOD,encoder_middle,2.3911848
KITTI_OOD,encoder_middle,2.5293121
KITTI_OOD,encoder_middle,3.1245704
KITTI_OOD,encoder_middle,3.2833288
KITTI_OOD,encoder_middle,2.7228696
KITTI_OOD,encoder_middle,3.5415115
KITTI_OOD,encoder_middle,3.6716008
KITTI_OOD,encoder_middle,4.2084427
KITTI_OOD,encoder_middle,5.4681134
KITTI_OOD,encoder_middle,5.654175
KITTI_OOD,encoder_middle,5.1376143
KITTI_OOD,encoder_middle,5.9710574
KITTI_OOD,encoder_middle,5.0127306
KITTI_OOD,encoder_middle,5.326032
KITTI_OOD,encoder_middle,5.27958
KITTI_OOD,encoder_middle,4.9530463
KITTI_OOD,encoder_middle,6.363002
KITTI_OOD,encoder_middle,5.589993
KITTI_OOD,encoder_middle,5.6096573
KITTI_OOD,encoder_middle,5.654374
KITTI_OOD,encoder_middle,5.5635767
KITTI_OOD,encoder_middle,5.748358
KITTI_OOD,encoder_middle,4.9786797
KITTI_OOD,encoder_middle,4.357394
KITTI_OOD,encoder_middle,4.762704
KITTI_OOD,encoder_middle,3.6342573
KITTI_OOD,encoder_middle,0.36331046
KITTI_OOD,encoder_middle,1.7332032
KITTI_OOD,encoder_middle,5.621452
KITTI_OOD,encoder_middle,5.444057
KITTI_OOD,encoder_middle,7.411729
KITTI_OOD,encoder_middle,6.125741
KITTI_OOD,encoder_middle,7.103366
KITTI_OOD,encoder_middle,7.048388
KITTI_OOD,encoder_middle,6.6166453
KITTI_OOD,encoder_middle,7.081418
KITTI_OOD,encoder_middle,6.788081
KITTI_OOD,encoder_middle,7.5050282
KITTI_OOD,encoder_middle,7.49517
KITTI_OOD,encoder_middle,7.608785
KITTI_OOD,encoder_middle,6.9224753
KITTI_OOD,encoder_middle,8.102867
KITTI_OOD,encoder_middle,7.1522946
KITTI_OOD,encoder_middle,7.0003905
KITTI_OOD,encoder_middle,7.141877
KITTI_OOD,encoder_middle,6.807046
KITTI_OOD,encoder_middle,7.11423
KITTI_OOD,encoder_middle,6.788387
KITTI_OOD,encoder_middle,7.0612707
KITTI_OOD,encoder_middle,6.926682
KITTI_OOD,encoder_middle,7.0906544
KITTI_OOD,encoder_middle,6.716906
KITTI_OOD,encoder_middle,7.0220165
KITTI_OOD,encoder_middle,6.815285
KITTI_OOD,encoder_middle,7.0280237
KITTI_OOD,encoder_middle,6.814325
KITTI_OOD,encoder_middle,7.014968
KITTI_OOD,encoder_middle,5.1315746
KITTI_OOD,encoder_middle,5.4351325
KITTI_OOD,encoder_middle,5.2897696
KITTI_OOD,encoder_middle,4.4598722
KITTI_OOD,encoder_middle,5.2609005
KITTI_OOD,encoder_middle,5.269981
KITTI_OOD,encoder_middle,5.32699
KITTI_OOD,encoder_middle,5.471332
KITTI_OOD,encoder_middle,5.8303785
KITTI_OOD,encoder_middle,6.0268636
KITTI_OOD,encoder_middle,6.0620747
KITTI_OOD,encoder_middle,5.1557894
KITTI_OOD,encoder_middle,5.695122
KITTI_OOD,encoder_middle,6.076068
KITTI_OOD,encoder_middle,6.324142
KITTI_OOD,encoder_middle,5.8612804
KITTI_OOD,encoder_middle,6.165976
KITTI_OOD,encoder_middle,6.1015625
KITTI_OOD,encoder_middle,5.9359665
KITTI_OOD,encoder_middle,5.6535034
KITTI_OOD,encoder_middle,5.6116652
KITTI_OOD,encoder_middle,5.6212506
KITTI_OOD,encoder_middle,5.982961
KITTI_OOD,encoder_middle,5.6540337
KITTI_OOD,encoder_middle,6.039817
KITTI_OOD,encoder_middle,5.192167
KITTI_OOD,encoder_middle,5.29809
KITTI_OOD,encoder_middle,5.329745
KITTI_OOD,encoder_middle,5.5880404
KITTI_OOD,encoder_middle,5.2311683
KITTI_OOD,encoder_middle,6.318953
KITTI_OOD,encoder_middle,5.744297
KITTI_OOD,encoder_middle,5.9425197
KITTI_OOD,encoder_middle,5.170133
KITTI_OOD,encoder_middle,5.7853627
KITTI_OOD,encoder_middle,5.4779983
KITTI_OOD,encoder_middle,6.6269374
KITTI_OOD,encoder_middle,5.5031247
KITTI_OOD,encoder_middle,5.985987
KITTI_OOD,encoder_middle,5.522783
KITTI_OOD,encoder_middle,5.6870847
KITTI_OOD,encoder_middle,5.524002
KITTI_OOD,encoder_middle,5.3649044
KITTI_OOD,encoder_middle,5.522146
KITTI_OOD,encoder_middle,5.8014197
KITTI_OOD,encoder_middle,5.1196957
KITTI_OOD,encoder_middle,5.969829
KITTI_OOD,encoder_middle,5.5363545
KITTI_OOD,encoder_middle,6.453884
KITTI_OOD,encoder_middle,6.0975304
KITTI_OOD,encoder_middle,5.929893
KITTI_OOD,encoder_middle,4.9578986
KITTI_OOD,encoder_middle,5.946744
KITTI_OOD,encoder_middle,5.0863605
KITTI_OOD,encoder_middle,5.2288814
KITTI_OOD,encoder_middle,5.727443
KITTI_OOD,encoder_middle,6.46659
KITTI_OOD,encoder_middle,5.548039
KITTI_OOD,encoder_middle,5.528328
KITTI_OOD,encoder_middle,5.516817
KITTI_OOD,encoder_middle,5.761998
KITTI_OOD,encoder_middle,6.3435135
KITTI_OOD,encoder_middle,6.1950455
KITTI_OOD,encoder_middle,6.3982778
KITTI_OOD,encoder_middle,5.4773645
KITTI_OOD,encoder_middle,5.4898744
KITTI_OOD,encoder_middle,5.551846
KITTI_OOD,encoder_middle,5.908768
KITTI_OOD,encoder_middle,6.3451962
KITTI_OOD,encoder_middle,6.0202537
KITTI_OOD,encoder_middle,5.6437545
KITTI_OOD,encoder_middle,6.0699325
KITTI_OOD,encoder_middle,6.167468
KITTI_OOD,encoder_middle,6.1587543
KITTI_OOD,encoder_middle,5.674821
KITTI_OOD,encoder_middle,6.1882944
KITTI_OOD,encoder_middle,6.2846303
KITTI_OOD,encoder_middle,6.0865474
KITTI_OOD,encoder_middle,5.569918
KITTI_OOD,encoder_middle,5.64772
KITTI_OOD,encoder_middle,5.763288
KITTI_OOD,encoder_middle,6.1033106
KITTI_OOD,encoder_middle,6.1179543
KITTI_OOD,encoder_middle,5.637239
KITTI_OOD,encoder_middle,5.973004
KITTI_OOD,encoder_middle,6.537578
KITTI_OOD,encoder_middle,6.039965
KITTI_OOD,encoder_middle,6.41264
KITTI_OOD,encoder_middle,6.5479736
KITTI_OOD,encoder_middle,6.3918796
KITTI_OOD,encoder_middle,5.885785
KITTI_OOD,encoder_middle,5.659881
KITTI_OOD,encoder_middle,6.094529
KITTI_OOD,encoder_middle,5.907047
KITTI_OOD,encoder_middle,5.674691
KITTI_OOD,encoder_middle,6.470368
KITTI_OOD,encoder_middle,5.456027
KITTI_OOD,encoder_middle,5.705684
KITTI_OOD,encoder_middle,6.526284
KITTI_OOD,encoder_middle,6.800985
KITTI_OOD,encoder_middle,6.011984
KITTI_OOD,encoder_middle,6.567712
KITTI_OOD,encoder_middle,5.86166
KITTI_OOD,encoder_middle,5.5098076
KITTI_OOD,encoder_middle,5.6809134
KITTI_OOD,encoder_middle,6.28626
KITTI_OOD,encoder_middle,5.7187843
KITTI_OOD,encoder_middle,6.3148565
KITTI_OOD,encoder_middle,6.2605495
KITTI_OOD,encoder_middle,6.531349
KITTI_OOD,encoder_middle,6.1800504
KITTI_OOD,encoder_middle,6.2770295
KITTI_OOD,encoder_middle,5.9432383
KITTI_OOD,encoder_middle,6.1348076
KITTI_OOD,encoder_middle,6.519921
KITTI_OOD,encoder_middle,5.9969883
KITTI_OOD,encoder_middle,5.762132
KITTI_OOD,encoder_middle,5.9337525
KITTI_OOD,encoder_middle,5.710954
KITTI_OOD,encoder_middle,6.076746
KITTI_OOD,encoder_middle,6.571826
KITTI_OOD,encoder_middle,6.737589
KITTI_OOD,encoder_middle,6.8754706
KITTI_OOD,encoder_middle,6.7315717
KITTI_OOD,encoder_middle,6.882714
KITTI_OOD,encoder_middle,7.4218774
KITTI_OOD,encoder_middle,6.695213
KITTI_OOD,encoder_middle,6.6594024
KITTI_OOD,encoder_middle,6.868032
KITTI_OOD,encoder_middle,7.1117945
KITTI_OOD,encoder_middle,7.571958
KITTI_OOD,encoder_middle,6.391151
KITTI_OOD,encoder_middle,6.7971663
KITTI_OOD,encoder_middle,7.169824
KITTI_OOD,encoder_middle,6.2753177
KITTI_OOD,encoder_middle,6.6140127
KITTI_OOD,encoder_middle,5.6677504
KITTI_OOD,encoder_middle,6.366651
KITTI_OOD,encoder_middle,6.416391
KITTI_OOD,encoder_middle,5.874526
KITTI_OOD,encoder_middle,6.726502
KITTI_OOD,encoder_middle,5.406371
KITTI_OOD,encoder_middle,6.353782
KITTI_OOD,encoder_middle,6.301307
KITTI_OOD,encoder_middle,6.5647388
KITTI_OOD,encoder_middle,5.709955
KITTI_OOD,encoder_middle,6.3314495
KITTI_OOD,encoder_middle,5.6413074
KITTI_OOD,encoder_middle,6.1590233
KITTI_OOD,encoder_middle,6.119794
KITTI_OOD,encoder_middle,6.3642426
KITTI_OOD,encoder_middle,6.4727206
KITTI_OOD,encoder_middle,6.4873796
KITTI_OOD,encoder_middle,5.777479
KITTI_OOD,encoder_middle,6.0573664
KITTI_OOD,encoder_middle,5.9658265
KITTI_OOD,encoder_middle,5.9977846
KITTI_OOD,encoder_middle,5.361295
KITTI_OOD,encoder_middle,5.738308
KITTI_OOD,encoder_middle,6.2457523
KITTI_OOD,encoder_middle,6.123617
KITTI_OOD,encoder_middle,5.246703
KITTI_OOD,encoder_middle,6.65717
KITTI_OOD,encoder_middle,5.4315586
KITTI_OOD,encoder_middle,7.137017
KITTI_OOD,encoder_middle,6.138893
KITTI_OOD,encoder_middle,6.4337506
KITTI_OOD,encoder_middle,6.4041476
KITTI_OOD,encoder_middle,6.753801
KITTI_OOD,encoder_middle,6.507654
KITTI_OOD,encoder_middle,6.2729764
KITTI_OOD,encoder_middle,5.549131
KITTI_OOD,encoder_middle,7.8671746
KITTI_OOD,encoder_middle,6.7205167
KITTI_OOD,encoder_middle,6.27137
KITTI_OOD,encoder_middle,6.765575
KITTI_OOD,encoder_middle,6.184456
KITTI_OOD,encoder_middle,6.1513896
KITTI_OOD,encoder_middle,6.516621
KITTI_OOD,encoder_middle,5.9668994
KITTI_OOD,encoder_middle,6.0465903
KITTI_OOD,encoder_middle,6.171962
KITTI_OOD,encoder_middle,6.4350753
KITTI_OOD,encoder_middle,5.8285103
KITTI_OOD,encoder_middle,6.1696796
KITTI_OOD,encoder_middle,5.6379323
KITTI_OOD,encoder_middle,5.9723845
KITTI_OOD,encoder_middle,5.7442045
KITTI_OOD,encoder_middle,6.5026703
KITTI_OOD,encoder_middle,5.526373
KITTI_OOD,encoder_middle,6.066209
KITTI_OOD,encoder_middle,5.995058
KITTI_OOD,encoder_middle,5.8875303
KITTI_OOD,encoder_middle,5.701354
KITTI_OOD,encoder_middle,5.5061264
KITTI_OOD,encoder_middle,5.8179607
KITTI_OOD,encoder_middle,5.9257293
KITTI_OOD,encoder_middle,5.593646
KITTI_OOD,encoder_middle,5.525675
KITTI_OOD,encoder_middle,5.7435207
KITTI_OOD,encoder_middle,6.2055883
KITTI_OOD,encoder_middle,5.5048475
KITTI_OOD,encoder_middle,5.533776
KITTI_OOD,encoder_middle,5.840191
KITTI_OOD,encoder_middle,5.4794455
KITTI_OOD,encoder_middle,5.365514
KITTI_OOD,encoder_middle,5.805992
KITTI_OOD,encoder_middle,5.6958923
KITTI_OOD,encoder_middle,5.6495285
KITTI_OOD,encoder_middle,6.2050366
KITTI_OOD,encoder_middle,5.5380955
KITTI_OOD,encoder_middle,6.8645606
KITTI_OOD,encoder_middle,6.129101
KITTI_OOD,encoder_middle,5.641382
KITTI_OOD,encoder_middle,5.895448
KITTI_OOD,encoder_middle,5.8809323
KITTI_OOD,encoder_middle,6.611341
KITTI_OOD,encoder_middle,7.4543066
KITTI_OOD,encoder_middle,6.496451
KITTI_OOD,encoder_middle,6.5965614
KITTI_OOD,encoder_middle,6.5735364
KITTI_OOD,encoder_middle,6.911426
KITTI_OOD,encoder_middle,6.0464425
KITTI_OOD,encoder_middle,5.5820184
KITTI_OOD,encoder_middle,5.5207596
KITTI_OOD,encoder_middle,5.972426
KITTI_OOD,encoder_middle,5.7792215
KITTI_OOD,encoder_middle,5.6738834
KITTI_OOD,encoder_middle,4.944557
KITTI_OOD,encoder_middle,5.7675557
KITTI_OOD,encoder_middle,5.9363728
KITTI_OOD,encoder_middle,5.815976
KITTI_OOD,encoder_middle,5.583414
KITTI_OOD,encoder_middle,5.95804
KITTI_OOD,encoder_middle,5.234279
KITTI_OOD,encoder_middle,5.6601686
KITTI_OOD,encoder_middle,5.4819074
KITTI_OOD,encoder_middle,6.558916
KITTI_OOD,encoder_middle,5.090187
KITTI_OOD,encoder_middle,0.98544836
KITTI_OOD,encoder_middle,2.3421235
KITTI_OOD,encoder_middle,5.4242525
KITTI_OOD,encoder_middle,7.330889
KITTI_OOD,encoder_middle,5.584121
KITTI_OOD,encoder_middle,5.561489
KITTI_OOD,encoder_middle,6.509863
KITTI_OOD,encoder_middle,5.9078274
KITTI_OOD,encoder_middle,5.8891306
KITTI_OOD,encoder_middle,5.6182575
KITTI_OOD,encoder_middle,5.5666714
KITTI_OOD,encoder_middle,6.5731616
KITTI_OOD,encoder_middle,6.1276937
KITTI_OOD,encoder_middle,5.756725
KITTI_OOD,encoder_middle,5.573776
KITTI_OOD,encoder_middle,5.7380486
KITTI_OOD,encoder_middle,5.866291
KITTI_OOD,encoder_middle,5.7894325
KITTI_OOD,encoder_middle,7.000981
KITTI_OOD,encoder_middle,5.691971
KITTI_OOD,encoder_middle,5.1856976
KITTI_OOD,encoder_middle,6.186519
KITTI_OOD,encoder_middle,5.856146
KITTI_OOD,encoder_middle,6.289829
KITTI_OOD,encoder_middle,6.3316154
KITTI_OOD,encoder_middle,5.6630125
KITTI_OOD,encoder_middle,5.853205
KITTI_OOD,encoder_middle,5.213409
KITTI_OOD,encoder_middle,5.00019
KITTI_OOD,encoder_middle,5.427953
KITTI_OOD,encoder_middle,5.0808954
KITTI_OOD,encoder_middle,5.893827
KITTI_OOD,encoder_middle,6.2455373
KITTI_OOD,encoder_middle,5.9494596
KITTI_OOD,encoder_middle,5.8639436
KITTI_OOD,encoder_middle,6.1040277
KITTI_OOD,encoder_middle,6.5041513
KITTI_OOD,encoder_middle,6.3794274
KITTI_OOD,encoder_middle,5.8461637
KITTI_OOD,encoder_middle,7.515842
KITTI_OOD,encoder_middle,5.6708612
KITTI_OOD,encoder_middle,6.5185866
KITTI_OOD,encoder_middle,6.2116394
KITTI_OOD,encoder_middle,6.0191903
KITTI_OOD,encoder_middle,5.3445888
KITTI_OOD,encoder_middle,6.0042586
KITTI_OOD,encoder_middle,5.6120605
KITTI_OOD,encoder_middle,5.6494174
KITTI_OOD,encoder_middle,5.5575395
KITTI_OOD,encoder_middle,5.370292
KITTI_OOD,encoder_middle,5.2172737
KITTI_OOD,encoder_middle,6.0561576
KITTI_OOD,encoder_middle,5.559066
KITTI_OOD,encoder_middle,5.6592064
KITTI_OOD,encoder_middle,5.1252904
KITTI_OOD,encoder_middle,5.729342
KITTI_OOD,encoder_middle,6.1439714
KITTI_OOD,encoder_middle,5.2975264
KITTI_OOD,encoder_middle,5.033954
KITTI_OOD,encoder_middle,5.8009367
KITTI_OOD,encoder_middle,5.4786115
KITTI_OOD,encoder_middle,6.043573
KITTI_OOD,encoder_middle,7.0062876
KITTI_OOD,encoder_middle,6.182974
KITTI_OOD,encoder_middle,6.60609
KITTI_OOD,encoder_middle,6.4875865
KITTI_OOD,encoder_middle,5.503528
KITTI_OOD,encoder_middle,6.5215044
KITTI_OOD,encoder_middle,6.3806868
KITTI_OOD,encoder_middle,6.166876
KITTI_OOD,encoder_middle,6.423962
KITTI_OOD,encoder_middle,6.408069
KITTI_OOD,encoder_middle,6.326719
KITTI_OOD,encoder_middle,6.6979036
KITTI_OOD,encoder_middle,5.2935796
KITTI_OOD,encoder_middle,5.3947077
KITTI_OOD,encoder_middle,6.618265
KITTI_OOD,encoder_middle,5.283644
KITTI_OOD,encoder_middle,6.2377033
KITTI_OOD,encoder_middle,6.0979266
KITTI_OOD,encoder_middle,6.186844
KITTI_OOD,encoder_middle,5.9594045
KITTI_OOD,encoder_middle,5.543613
KITTI_OOD,encoder_middle,6.6041207
KITTI_OOD,encoder_middle,6.1393776
KITTI_OOD,encoder_middle,5.9590454
KITTI_OOD,encoder_middle,5.913857
KITTI_OOD,encoder_middle,6.2421494
KITTI_OOD,encoder_middle,6.332036
KITTI_OOD,encoder_middle,5.9132
KITTI_OOD,encoder_middle,5.8660154
KITTI_OOD,encoder_middle,6.3157845
KITTI_OOD,encoder_late,-9.717993
KITTI_OOD,encoder_late,-13.802616
KITTI_OOD,encoder_late,-17.272293
KITTI_OOD,encoder_late,-21.696173
KITTI_OOD,encoder_late,-17.684816
KITTI_OOD,encoder_late,-15.959295
KITTI_OOD,encoder_late,-15.683094
KITTI_OOD,encoder_late,-13.684329
KITTI_OOD,encoder_late,-16.802845
KITTI_OOD,encoder_late,-12.433364
KITTI_OOD,encoder_late,-11.829981
KITTI_OOD,encoder_late,-11.401094
KITTI_OOD,encoder_late,-15.084651
KITTI_OOD,encoder_late,-15.993782
KITTI_OOD,encoder_late,-13.152779
KITTI_OOD,encoder_late,-15.717611
KITTI_OOD,encoder_late,-9.944478
KITTI_OOD,encoder_late,-9.551803
KITTI_OOD,encoder_late,-15.250303
KITTI_OOD,encoder_late,-13.666945
KITTI_OOD,encoder_late,-14.561329
KITTI_OOD,encoder_late,-13.403322
KITTI_OOD,encoder_late,-13.805738
KITTI_OOD,encoder_late,-15.142597
KITTI_OOD,encoder_late,-15.290289
KITTI_OOD,encoder_late,-6.427091
KITTI_OOD,encoder_late,-13.92765
KITTI_OOD,encoder_late,-12.371853
KITTI_OOD,encoder_late,-15.47127
KITTI_OOD,encoder_late,-21.488935
KITTI_OOD,encoder_late,-19.434328
KITTI_OOD,encoder_late,-19.025951
KITTI_OOD,encoder_late,-19.87145
KITTI_OOD,encoder_late,-23.054668
KITTI_OOD,encoder_late,-24.439608
KITTI_OOD,encoder_late,-24.996653
KITTI_OOD,encoder_late,-29.126518
KITTI_OOD,encoder_late,-28.677765
KITTI_OOD,encoder_late,-25.701178
KITTI_OOD,encoder_late,-23.315174
KITTI_OOD,encoder_late,-33.031113
KITTI_OOD,encoder_late,-27.572372
KITTI_OOD,encoder_late,-26.397095
KITTI_OOD,encoder_late,-25.168953
KITTI_OOD,encoder_late,-22.50122
KITTI_OOD,encoder_late,-19.456253
KITTI_OOD,encoder_late,-18.597488
KITTI_OOD,encoder_late,-18.001326
KITTI_OOD,encoder_late,-24.013006
KITTI_OOD,encoder_late,-21.2075
KITTI_OOD,encoder_late,-20.826859
KITTI_OOD,encoder_late,-22.033934
KITTI_OOD,encoder_late,-21.64756
KITTI_OOD,encoder_late,-17.329365
KITTI_OOD,encoder_late,-19.467724
KITTI_OOD,encoder_late,-16.432419
KITTI_OOD,encoder_late,-17.663006
KITTI_OOD,encoder_late,-12.935404
KITTI_OOD,encoder_late,-15.211082
KITTI_OOD,encoder_late,-11.385102
KITTI_OOD,encoder_late,-10.947321
KITTI_OOD,encoder_late,-14.349369
KITTI_OOD,encoder_late,-16.083378
KITTI_OOD,encoder_late,-21.264872
KITTI_OOD,encoder_late,-24.933844
KITTI_OOD,encoder_late,-20.932938
KITTI_OOD,encoder_late,-22.036144
KITTI_OOD,encoder_late,-19.436647
KITTI_OOD,encoder_late,-16.441023
KITTI_OOD,encoder_late,-21.383263
KITTI_OOD,encoder_late,-21.073723
KITTI_OOD,encoder_late,-21.784231
KITTI_OOD,encoder_late,-19.398212
KITTI_OOD,encoder_late,-19.102488
KITTI_OOD,encoder_late,-21.885834
KITTI_OOD,encoder_late,-20.077877
KITTI_OOD,encoder_late,-21.485313
KITTI_OOD,encoder_late,-17.546806
KITTI_OOD,encoder_late,-17.263796
KITTI_OOD,encoder_late,-18.05772
KITTI_OOD,encoder_late,-19.586693
KITTI_OOD,encoder_late,-22.111311
KITTI_OOD,encoder_late,-22.957872
KITTI_OOD,encoder_late,-17.792957
KITTI_OOD,encoder_late,-20.869253
KITTI_OOD,encoder_late,-14.027926
KITTI_OOD,encoder_late,-16.184628
KITTI_OOD,encoder_late,-19.707502
KITTI_OOD,encoder_late,-20.210272
KITTI_OOD,encoder_late,-20.042599
KITTI_OOD,encoder_late,-17.938633
KITTI_OOD,encoder_late,-16.905098
KITTI_OOD,encoder_late,-14.387871
KITTI_OOD,encoder_late,-14.075055
KITTI_OOD,encoder_late,-20.472612
KITTI_OOD,encoder_late,-13.40417
KITTI_OOD,encoder_late,-14.7767315
KITTI_OOD,encoder_late,-19.647709
KITTI_OOD,encoder_late,-20.400251
KITTI_OOD,encoder_late,-23.098778
KITTI_OOD,encoder_late,-25.050255
KITTI_OOD,encoder_late,-27.537458
KITTI_OOD,encoder_late,-18.61374
KITTI_OOD,encoder_late,-20.518198
KITTI_OOD,encoder_late,-18.44951
KITTI_OOD,encoder_late,-13.829496
KITTI_OOD,encoder_late,-18.618584
KITTI_OOD,encoder_late,-19.309765
KITTI_OOD,encoder_late,-21.44395
KITTI_OOD,encoder_late,-19.678514
KITTI_OOD,encoder_late,-20.121035
KITTI_OOD,encoder_late,-15.413357
KITTI_OOD,encoder_late,-21.294628
KITTI_OOD,encoder_late,-18.156849
KITTI_OOD,encoder_late,-15.836155
KITTI_OOD,encoder_late,-19.296322
KITTI_OOD,encoder_late,-10.742339
KITTI_OOD,encoder_late,-12.516614
KITTI_OOD,encoder_late,-19.502357
KITTI_OOD,encoder_late,-22.021566
KITTI_OOD,encoder_late,-25.40531
KITTI_OOD,encoder_late,-17.597929
KITTI_OOD,encoder_late,-17.964672
KITTI_OOD,encoder_late,-15.274494
KITTI_OOD,encoder_late,-18.416908
KITTI_OOD,encoder_late,-19.116638
KITTI_OOD,encoder_late,-22.238544
KITTI_OOD,encoder_late,-17.496761
KITTI_OOD,encoder_late,-17.857948
KITTI_OOD,encoder_late,-18.767437
KITTI_OOD,encoder_late,-17.657711
KITTI_OOD,encoder_late,-16.718056
KITTI_OOD,encoder_late,-15.271664
KITTI_OOD,encoder_late,-25.292122
KITTI_OOD,encoder_late,-18.853783
KITTI_OOD,encoder_late,-21.266779
KITTI_OOD,encoder_late,-17.916891
KITTI_OOD,encoder_late,-19.873829
KITTI_OOD,encoder_late,-18.14891
KITTI_OOD,encoder_late,-22.378767
KITTI_OOD,encoder_late,-22.942251
KITTI_OOD,encoder_late,-17.847178
KITTI_OOD,encoder_late,-19.575842
KITTI_OOD,encoder_late,-21.169725
KITTI_OOD,encoder_late,-25.634989
KITTI_OOD,encoder_late,-21.440884
KITTI_OOD,encoder_late,-25.16954
KITTI_OOD,encoder_late,-20.89167
KITTI_OOD,encoder_late,-23.04504
KITTI_OOD,encoder_late,-18.770592
KITTI_OOD,encoder_late,-23.414457
KITTI_OOD,encoder_late,-22.515373
KITTI_OOD,encoder_late,-21.485012
KITTI_OOD,encoder_late,-20.646927
KITTI_OOD,encoder_late,-21.903498
KITTI_OOD,encoder_late,-21.905922
KITTI_OOD,encoder_late,-23.923424
KITTI_OOD,encoder_late,-17.637157
KITTI_OOD,encoder_late,-18.81343
KITTI_OOD,encoder_late,-21.462511
KITTI_OOD,encoder_late,-22.030449
KITTI_OOD,encoder_late,-18.843168
KITTI_OOD,encoder_late,-15.340191
KITTI_OOD,encoder_late,-27.482714
KITTI_OOD,encoder_late,-26.08347
KITTI_OOD,encoder_late,-19.812664
KITTI_OOD,encoder_late,-16.316391
KITTI_OOD,encoder_late,-15.585621
KITTI_OOD,encoder_late,-19.793646
KITTI_OOD,encoder_late,-22.931873
KITTI_OOD,encoder_late,-26.920195
KITTI_OOD,encoder_late,-16.932465
KITTI_OOD,encoder_late,-21.067768
KITTI_OOD,encoder_late,-18.012804
KITTI_OOD,encoder_late,-17.3106
KITTI_OOD,encoder_late,-22.848312
KITTI_OOD,encoder_late,-15.596375
KITTI_OOD,encoder_late,-21.610672
KITTI_OOD,encoder_late,-24.182907
KITTI_OOD,encoder_late,-19.666239
KITTI_OOD,encoder_late,-22.060902
KITTI_OOD,encoder_late,-19.498175
KITTI_OOD,encoder_late,-21.04619
KITTI_OOD,encoder_late,-19.127129
KITTI_OOD,encoder_late,-19.126791
KITTI_OOD,encoder_late,-23.81238
KITTI_OOD,encoder_late,-21.761017
KITTI_OOD,encoder_late,-20.59684
KITTI_OOD,encoder_late,-20.265606
KITTI_OOD,encoder_late,-17.930637
KITTI_OOD,encoder_late,-15.006642
KITTI_OOD,encoder_late,-20.67274
KITTI_OOD,encoder_late,-21.697475
KITTI_OOD,encoder_late,-21.136156
KITTI_OOD,encoder_late,-25.140703
KITTI_OOD,encoder_late,-16.605995
KITTI_OOD,encoder_late,-19.294033
KITTI_OOD,encoder_late,-23.203321
KITTI_OOD,encoder_late,-19.19643
KITTI_OOD,encoder_late,-18.214598
KITTI_OOD,encoder_late,-17.3942
KITTI_OOD,encoder_late,-22.300846
KITTI_OOD,encoder_late,-13.020261
KITTI_OOD,encoder_late,-15.892893
KITTI_OOD,encoder_late,-16.20278
KITTI_OOD,encoder_late,-25.983177
KITTI_OOD,encoder_late,-18.094425
KITTI_OOD,encoder_late,-24.294388
KITTI_OOD,encoder_late,-14.3523445
KITTI_OOD,encoder_late,-25.256618
KITTI_OOD,encoder_late,-23.438192
KITTI_OOD,encoder_late,-19.380995
KITTI_OOD,encoder_late,-18.983454
KITTI_OOD,encoder_late,-19.131254
KITTI_OOD,encoder_late,-18.595793
KITTI_OOD,encoder_late,-16.544598
KITTI_OOD,encoder_late,-18.668568
KITTI_OOD,encoder_late,-18.38537
KITTI_OOD,encoder_late,-20.646263
KITTI_OOD,encoder_late,-21.738152
KITTI_OOD,encoder_late,-19.872551
KITTI_OOD,encoder_late,-20.821907
KITTI_OOD,encoder_late,-18.158718
KITTI_OOD,encoder_late,-23.370646
KITTI_OOD,encoder_late,-16.890713
KITTI_OOD,encoder_late,-19.085556
KITTI_OOD,encoder_late,-18.891554
KITTI_OOD,encoder_late,-16.860052
KITTI_OOD,encoder_late,-18.294758
KITTI_OOD,encoder_late,-19.087238
KITTI_OOD,encoder_late,-21.649017
KITTI_OOD,encoder_late,-18.8895
KITTI_OOD,encoder_late,-23.399029
KITTI_OOD,encoder_late,-23.99442
KITTI_OOD,encoder_late,-21.353573
KITTI_OOD,encoder_late,-25.205399
KITTI_OOD,encoder_late,-22.706045
KITTI_OOD,encoder_late,-21.37975
KITTI_OOD,encoder_late,-20.93442
KITTI_OOD,encoder_late,-17.724178
KITTI_OOD,encoder_late,-21.474262
KITTI_OOD,encoder_late,-24.644056
KITTI_OOD,encoder_late,-19.923164
KITTI_OOD,encoder_late,-25.505852
KITTI_OOD,encoder_late,-19.585005
KITTI_OOD,encoder_late,-22.26698
KITTI_OOD,encoder_late,-19.683502
KITTI_OOD,encoder_late,-13.39923
KITTI_OOD,encoder_late,-11.0478
KITTI_OOD,encoder_late,-16.329098
KITTI_OOD,encoder_late,-9.839512
KITTI_OOD,encoder_late,-14.8593025
KITTI_OOD,encoder_late,-16.156134
KITTI_OOD,encoder_late,-15.538971
KITTI_OOD,encoder_late,-13.818295
KITTI_OOD,encoder_late,-11.598273
KITTI_OOD,encoder_late,-26.459908
KITTI_OOD,encoder_late,-26.517317
KITTI_OOD,encoder_late,-19.995253
KITTI_OOD,encoder_late,-18.148188
KITTI_OOD,encoder_late,-17.705748
KITTI_OOD,encoder_late,-19.873585
KITTI_OOD,encoder_late,-19.290161
KITTI_OOD,encoder_late,-21.081745
KITTI_OOD,encoder_late,-19.869524
KITTI_OOD,encoder_late,-22.328857
KITTI_OOD,encoder_late,-22.969923
KITTI_OOD,encoder_late,-21.404936
KITTI_OOD,encoder_late,-20.108362
KITTI_OOD,encoder_late,-22.29963
KITTI_OOD,encoder_late,-16.169018
KITTI_OOD,encoder_late,-19.71314
KITTI_OOD,encoder_late,-17.660763
KITTI_OOD,encoder_late,-16.396059
KITTI_OOD,encoder_late,-11.906097
KITTI_OOD,encoder_late,-21.824606
KITTI_OOD,encoder_late,-21.968164
KITTI_OOD,encoder_late,-18.02853
KITTI_OOD,encoder_late,-21.615358
KITTI_OOD,encoder_late,-20.789814
KITTI_OOD,encoder_late,-22.78808
KITTI_OOD,encoder_late,-19.399204
KITTI_OOD,encoder_late,-25.028643
KITTI_OOD,encoder_late,-23.293392
KITTI_OOD,encoder_late,-15.242195
KITTI_OOD,encoder_late,-21.546728
KITTI_OOD,encoder_late,-24.878357
KITTI_OOD,encoder_late,-24.867
KITTI_OOD,encoder_late,-24.754293
KITTI_OOD,encoder_late,-20.68914
KITTI_OOD,encoder_late,-22.813765
KITTI_OOD,encoder_late,-16.372387
KITTI_OOD,encoder_late,-13.731239
KITTI_OOD,encoder_late,-21.55993
KITTI_OOD,encoder_late,-22.081219
KITTI_OOD,encoder_late,-17.48354
KITTI_OOD,encoder_late,-21.536068
KITTI_OOD,encoder_late,-21.002605
KITTI_OOD,encoder_late,-11.648071
KITTI_OOD,encoder_late,-11.76897
KITTI_OOD,encoder_late,-12.929351
KITTI_OOD,encoder_late,-10.532278
KITTI_OOD,encoder_late,-18.717201
KITTI_OOD,encoder_late,-12.400148
KITTI_OOD,encoder_late,-15.964951
KITTI_OOD,encoder_late,-16.292397
KITTI_OOD,encoder_late,-14.220505
KITTI_OOD,encoder_late,-23.370602
KITTI_OOD,encoder_late,-11.973455
KITTI_OOD,encoder_late,-10.159448
KITTI_OOD,encoder_late,-15.106514
KITTI_OOD,encoder_late,-12.576471
KITTI_OOD,encoder_late,-17.590828
KITTI_OOD,encoder_late,-15.232183
KITTI_OOD,encoder_late,-15.983868
KITTI_OOD,encoder_late,-12.788738
KITTI_OOD,encoder_late,-17.123442
KITTI_OOD,encoder_late,-17.790194
KITTI_OOD,encoder_late,-20.825563
KITTI_OOD,encoder_late,-22.026648
KITTI_OOD,encoder_late,-20.215477
KITTI_OOD,encoder_late,-26.661877
KITTI_OOD,encoder_late,-25.610497
KITTI_OOD,encoder_late,-19.03236
KITTI_OOD,encoder_late,-11.080056
KITTI_OOD,encoder_late,-13.865659
KITTI_OOD,encoder_late,-18.688875
KITTI_OOD,encoder_late,-16.818022
KITTI_OOD,encoder_late,-16.820757
KITTI_OOD,encoder_late,-13.518735
KITTI_OOD,encoder_late,-17.02811
KITTI_OOD,encoder_late,-16.744358
KITTI_OOD,encoder_late,-18.4703
KITTI_OOD,encoder_late,-16.434725
KITTI_OOD,encoder_late,-12.270215
KITTI_OOD,encoder_late,-15.332878
KITTI_OOD,encoder_late,-18.871147
KITTI_OOD,encoder_late,-22.035673
KITTI_OOD,encoder_late,-22.341345
KITTI_OOD,encoder_late,-18.535522
KITTI_OOD,encoder_late,-22.040041
KITTI_OOD,encoder_late,-18.298452
KITTI_OOD,encoder_late,-15.949031
KITTI_OOD,encoder_late,-17.598476
KITTI_OOD,encoder_late,-18.756779
KITTI_OOD,encoder_late,-20.036297
KITTI_OOD,encoder_late,-22.225622
KITTI_OOD,encoder_late,-19.210466
KITTI_OOD,encoder_late,-16.81427
KITTI_OOD,encoder_late,-18.25562
KITTI_OOD,encoder_late,-20.457623
KITTI_OOD,encoder_late,-19.80698
KITTI_OOD,encoder_late,-21.671413
KITTI_OOD,encoder_late,-18.020748
KITTI_OOD,encoder_late,-19.559807
KITTI_OOD,encoder_late,-25.073368
KITTI_OOD,encoder_late,-21.075476
KITTI_OOD,encoder_late,-22.401537
KITTI_OOD,encoder_late,-19.204174
KITTI_OOD,encoder_late,-20.951988
KITTI_OOD,encoder_late,-15.193716
KITTI_OOD,encoder_late,-23.948332
KITTI_OOD,encoder_late,-18.952383
KITTI_OOD,encoder_late,-18.037682
KITTI_OOD,encoder_late,-18.316067
KITTI_OOD,encoder_late,-18.191168
KITTI_OOD,encoder_late,-19.813257
KITTI_OOD,encoder_late,-17.549671
KITTI_OOD,encoder_late,-9.715889
KITTI_OOD,encoder_late,-8.503052
KITTI_OOD,encoder_late,-8.55364
KITTI_OOD,encoder_late,-13.55819
KITTI_OOD,encoder_late,-15.205601
KITTI_OOD,encoder_late,-18.850088
KITTI_OOD,encoder_late,-18.047756
KITTI_OOD,encoder_late,-18.322035
KITTI_OOD,encoder_late,-19.369572
KITTI_OOD,encoder_late,-24.077168
KITTI_OOD,encoder_late,-22.168556
KITTI_OOD,encoder_late,-26.146515
KITTI_OOD,encoder_late,-27.071453
KITTI_OOD,encoder_late,-27.86006
KITTI_OOD,encoder_late,-27.01297
KITTI_OOD,encoder_late,-27.176624
KITTI_OOD,encoder_late,-29.672789
KITTI_OOD,encoder_late,-29.960693
KITTI_OOD,encoder_late,-31.109364
KITTI_OOD,encoder_late,-27.950937
KITTI_OOD,encoder_late,-26.188112
KITTI_OOD,encoder_late,-25.777327
KITTI_OOD,encoder_late,-26.066647
KITTI_OOD,encoder_late,-28.369625
KITTI_OOD,encoder_late,-28.714235
KITTI_OOD,encoder_late,-26.95679
KITTI_OOD,encoder_late,-21.781784
KITTI_OOD,encoder_late,-19.879707
KITTI_OOD,encoder_late,-17.651636
KITTI_OOD,encoder_late,-13.686821
KITTI_OOD,encoder_late,-16.152342
KITTI_OOD,encoder_late,-11.360273
KITTI_OOD,encoder_late,-13.138778
KITTI_OOD,encoder_late,-13.552183
KITTI_OOD,encoder_late,-15.341881
KITTI_OOD,encoder_late,-11.691616
KITTI_OOD,encoder_late,-17.73357
KITTI_OOD,encoder_late,-13.987924
KITTI_OOD,encoder_late,-16.515316
KITTI_OOD,encoder_late,-16.765953
KITTI_OOD,encoder_late,-17.521097
KITTI_OOD,encoder_late,-16.1117
KITTI_OOD,encoder_late,-9.905465
KITTI_OOD,encoder_late,-11.732081
KITTI_OOD,encoder_late,-14.814255
KITTI_OOD,encoder_late,-13.018978
KITTI_OOD,encoder_late,-13.628549
KITTI_OOD,encoder_late,-11.368845
KITTI_OOD,encoder_late,-15.946878
KITTI_OOD,encoder_late,-11.774608
KITTI_OOD,encoder_late,-12.945922
KITTI_OOD,encoder_late,-9.215009
KITTI_OOD,encoder_late,-11.600724
KITTI_OOD,encoder_late,-8.034833
KITTI_OOD,encoder_late,-12.184996
KITTI_OOD,encoder_late,-9.983299
KITTI_OOD,encoder_late,-11.271454
KITTI_OOD,encoder_late,-11.500412
KITTI_OOD,encoder_late,-12.879646
KITTI_OOD,encoder_late,-5.6360283
KITTI_OOD,encoder_late,-10.485193
KITTI_OOD,encoder_late,-7.6075788
KITTI_OOD,encoder_late,-11.608067
KITTI_OOD,encoder_late,-9.450826
KITTI_OOD,encoder_late,-9.297121
KITTI_OOD,encoder_late,-11.571121
KITTI_OOD,encoder_late,-14.23274
KITTI_OOD,encoder_late,-12.610009
KITTI_OOD,encoder_late,-12.716724
KITTI_OOD,encoder_late,-18.889778
KITTI_OOD,encoder_late,-16.53511
KITTI_OOD,encoder_late,-13.396849
KITTI_OOD,encoder_late,-19.526505
KITTI_OOD,encoder_late,-19.218016
KITTI_OOD,encoder_late,-17.29292
KITTI_OOD,encoder_late,-19.10883
KITTI_OOD,encoder_late,-19.286161
KITTI_OOD,encoder_late,-12.284773
KITTI_OOD,encoder_late,-16.437397
KITTI_OOD,encoder_late,-18.034746
KITTI_OOD,encoder_late,-16.508455
KITTI_OOD,encoder_late,-17.331951
KITTI_OOD,encoder_late,-15.935724
KITTI_OOD,encoder_late,-12.8623495
KITTI_OOD,encoder_late,-17.844936
KITTI_OOD,encoder_late,-14.764158
KITTI_OOD,encoder_late,-16.017866
KITTI_OOD,encoder_late,-13.605934
KITTI_OOD,encoder_late,-17.7891
KITTI_OOD,encoder_late,-12.521513
KITTI_OOD,encoder_late,-15.828791
KITTI_OOD,encoder_late,-16.015278
KITTI_OOD,encoder_late,-17.604599
KITTI_OOD,encoder_late,-19.37504
KITTI_OOD,encoder_late,-15.456724
KITTI_OOD,encoder_late,-14.547608
KITTI_OOD,encoder_late,-12.061365
KITTI_OOD,encoder_late,-15.501436
KITTI_OOD,encoder_late,-12.4826975
KITTI_OOD,encoder_late,-15.1882305
KITTI_OOD,encoder_late,-8.821916
KITTI_OOD,encoder_late,-15.215957
KITTI_OOD,encoder_late,-14.3216715
KITTI_OOD,encoder_late,-16.424355
KITTI_OOD,encoder_late,-19.52145
KITTI_OOD,encoder_late,-16.808838
KITTI_OOD,encoder_late,-21.00523
KITTI_OOD,encoder_late,-19.58926
KITTI_OOD,encoder_late,-19.279373
KITTI_OOD,encoder_late,-19.049576
KITTI_OOD,encoder_late,-20.822552
KITTI_OOD,encoder_late,-19.5687
KITTI_OOD,encoder_late,-22.273525
KITTI_OOD,encoder_late,-21.992344
KITTI_OOD,encoder_late,-22.346815
KITTI_OOD,encoder_late,-19.868017
KITTI_OOD,encoder_late,-21.639797
KITTI_OOD,encoder_late,-19.05971
KITTI_OOD,encoder_late,-21.947792
KITTI_OOD,encoder_late,-17.830376
KITTI_OOD,encoder_late,-20.536337
KITTI_OOD,encoder_late,-19.274532
KITTI_OOD,encoder_late,-21.465155
KITTI_OOD,encoder_late,-20.894188
KITTI_OOD,encoder_late,-26.974157
KITTI_OOD,encoder_late,-21.181698
KITTI_OOD,encoder_late,-20.682087
KITTI_OOD,encoder_late,-15.253178
KITTI_OOD,encoder_late,-16.547695
KITTI_OOD,encoder_late,-16.553776
KITTI_OOD,encoder_late,-15.227791
KITTI_OOD,encoder_late,-14.287432
KITTI_OOD,encoder_late,-15.673753
KITTI_OOD,encoder_late,-12.9769
KITTI_OOD,encoder_late,-14.383005
KITTI_OOD,encoder_late,-15.924055
KITTI_OOD,encoder_late,-20.010332
KITTI_OOD,encoder_late,-19.499123
KITTI_OOD,encoder_late,-17.676798
KITTI_OOD,encoder_late,-21.335072
KITTI_OOD,encoder_late,-20.210974
KITTI_OOD,encoder_late,-21.941713
KITTI_OOD,encoder_late,-20.00169
KITTI_OOD,encoder_late,-19.45718
KITTI_OOD,encoder_late,-13.1085
KITTI_OOD,encoder_late,-18.567202
KITTI_OOD,encoder_late,-19.421362
KITTI_OOD,encoder_late,-19.881313
KITTI_OOD,encoder_late,-21.660637
KITTI_OOD,encoder_late,-15.113463
KITTI_OOD,encoder_late,-12.305183
KITTI_OOD,encoder_late,-16.169374
KITTI_OOD,encoder_late,-23.535479
KITTI_OOD,encoder_late,-21.042767
KITTI_OOD,encoder_late,-20.22859
KITTI_OOD,encoder_late,-15.74839
KITTI_OOD,encoder_late,-14.1319475
KITTI_OOD,encoder_late,-25.18617
KITTI_OOD,encoder_late,-15.458623
KITTI_OOD,encoder_late,-12.1446
KITTI_OOD,encoder_late,-17.452782
KITTI_OOD,encoder_late,-12.726954
KITTI_OOD,encoder_late,-17.481281
KITTI_OOD,encoder_late,-12.688819
KITTI_OOD,encoder_late,-13.305264
KITTI_OOD,encoder_late,-18.355766
KITTI_OOD,encoder_late,-16.070782
KITTI_OOD,encoder_late,-18.235493
KITTI_OOD,encoder_late,-10.900857
KITTI_OOD,encoder_late,-13.316739
KITTI_OOD,encoder_late,-19.873444
KITTI_OOD,encoder_late,-13.214678
KITTI_OOD,encoder_late,-7.1411676
KITTI_OOD,encoder_late,-9.545734
KITTI_OOD,encoder_late,-9.527138
KITTI_OOD,encoder_late,-16.77238
KITTI_OOD,encoder_late,-16.982773
KITTI_OOD,encoder_late,-11.102521
KITTI_OOD,encoder_late,-10.213948
KITTI_OOD,encoder_late,-12.805845
KITTI_OOD,encoder_late,-16.25922
KITTI_OOD,encoder_late,-11.641772
KITTI_OOD,encoder_late,-14.223282
KITTI_OOD,encoder_late,-7.3614864
KITTI_OOD,encoder_late,-12.76681
KITTI_OOD,encoder_late,-13.354003
KITTI_OOD,encoder_late,-18.613518
KITTI_OOD,encoder_late,-12.809532
KITTI_OOD,encoder_late,-10.844343
KITTI_OOD,encoder_late,-11.5245075
KITTI_OOD,encoder_late,-13.400794
KITTI_OOD,encoder_late,-9.737287
KITTI_OOD,encoder_late,-11.757247
KITTI_OOD,encoder_late,-8.7434225
KITTI_OOD,encoder_late,-13.4901905
KITTI_OOD,encoder_late,-6.4348097
KITTI_OOD,encoder_late,-5.334634
KITTI_OOD,encoder_late,-16.261456
KITTI_OOD,encoder_late,-7.908475
KITTI_OOD,encoder_late,-10.35186
KITTI_OOD,encoder_late,-12.1521
KITTI_OOD,encoder_late,-9.896089
KITTI_OOD,encoder_late,-14.173656
KITTI_OOD,encoder_late,-18.538883
KITTI_OOD,encoder_late,-20.451696
KITTI_OOD,encoder_late,-16.185823
KITTI_OOD,encoder_late,-18.039211
KITTI_OOD,encoder_late,-19.799538
KITTI_OOD,encoder_late,-11.280668
KITTI_OOD,encoder_late,-17.202047
KITTI_OOD,encoder_late,-13.2779255
KITTI_OOD,encoder_late,-16.520199
KITTI_OOD,encoder_late,-20.085028
KITTI_OOD,encoder_late,-19.923962
KITTI_OOD,encoder_late,-15.526543
KITTI_OOD,encoder_late,-17.699457
KITTI_OOD,encoder_late,-11.249695
KITTI_OOD,encoder_late,-12.815437
KITTI_OOD,encoder_late,-15.436159
KITTI_OOD,encoder_late,-17.772436
KITTI_OOD,encoder_late,-16.034313
KITTI_OOD,encoder_late,-10.322795
KITTI_OOD,encoder_late,-8.721743
KITTI_OOD,encoder_late,-11.353182
KITTI_OOD,encoder_late,-14.089147
KITTI_OOD,encoder_late,-19.271198
KITTI_OOD,encoder_late,-17.200396
KITTI_OOD,encoder_late,-16.254648
KITTI_OOD,encoder_late,-18.782211
KITTI_OOD,encoder_late,-18.30454
KITTI_OOD,encoder_late,-14.198738
KITTI_OOD,encoder_late,-24.197447
KITTI_OOD,encoder_late,-15.115478
KITTI_OOD,encoder_late,-18.617426
KITTI_OOD,encoder_late,-15.794096
KITTI_OOD,encoder_late,-15.325613
KITTI_OOD,encoder_late,-19.32634
KITTI_OOD,encoder_late,-18.052122
KITTI_OOD,encoder_late,-12.183847
KITTI_OOD,encoder_late,-12.032241
KITTI_OOD,encoder_late,-14.133272
KITTI_OOD,encoder_late,-7.4649515
KITTI_OOD,encoder_late,-12.870689
KITTI_OOD,encoder_late,-21.881819
KITTI_OOD,encoder_late,-18.190271
KITTI_OOD,encoder_late,-21.384604
KITTI_OOD,encoder_late,-17.277336
KITTI_OOD,encoder_late,-23.05478
KITTI_OOD,encoder_late,-20.16432
KITTI_OOD,encoder_late,-16.284847
KITTI_OOD,encoder_late,-15.091891
KITTI_OOD,encoder_late,-14.300489
KITTI_OOD,encoder_late,-13.642401
KITTI_OOD,encoder_late,-13.322713
KITTI_OOD,encoder_late,-9.662827
KITTI_OOD,encoder_late,-6.021653
KITTI_OOD,encoder_late,-9.015898
KITTI_OOD,encoder_late,-9.425268
KITTI_OOD,encoder_late,-9.082048
KITTI_OOD,encoder_late,-9.028715
KITTI_OOD,encoder_late,-5.5008326
KITTI_OOD,encoder_late,-24.021885
KITTI_OOD,encoder_late,-20.410763
KITTI_OOD,encoder_late,-21.00316
KITTI_OOD,encoder_late,-22.74519
KITTI_OOD,encoder_late,-14.316322
KITTI_OOD,encoder_late,-12.749826
KITTI_OOD,encoder_late,-13.7281475
KITTI_OOD,encoder_late,-21.83376
KITTI_OOD,encoder_late,-26.278484
KITTI_OOD,encoder_late,-30.903976
KITTI_OOD,encoder_late,-24.084484
KITTI_OOD,encoder_late,-27.493927
KITTI_OOD,encoder_late,-17.980959
KITTI_OOD,encoder_late,-18.319216
KITTI_OOD,encoder_late,-14.000117
KITTI_OOD,encoder_late,-17.9996
KITTI_OOD,encoder_late,-16.85718
KITTI_OOD,encoder_late,-18.500486
KITTI_OOD,encoder_late,-20.395208
KITTI_OOD,encoder_late,-14.983456
KITTI_OOD,encoder_late,-10.617895
KITTI_OOD,encoder_late,-10.232432
KITTI_OOD,encoder_late,-10.34052
KITTI_OOD,encoder_late,-12.172516
KITTI_OOD,encoder_late,-14.569556
KITTI_OOD,encoder_late,-15.760249
KITTI_OOD,encoder_late,-18.395994
KITTI_OOD,encoder_late,-18.32647
KITTI_OOD,encoder_late,-20.442736
KITTI_OOD,encoder_late,-16.956907
KITTI_OOD,encoder_late,-17.544548
KITTI_OOD,encoder_late,-15.98582
KITTI_OOD,encoder_late,-17.78893
KITTI_OOD,encoder_late,-18.439121
KITTI_OOD,encoder_late,-20.524364
KITTI_OOD,encoder_late,-18.496298
KITTI_OOD,encoder_late,-19.569067
KITTI_OOD,encoder_late,-15.83288
KITTI_OOD,encoder_late,-17.664356
KITTI_OOD,encoder_late,-16.712677
KITTI_OOD,encoder_late,-21.418034
KITTI_OOD,encoder_late,-14.971722
KITTI_OOD,encoder_late,-12.594278
KITTI_OOD,encoder_late,-9.064373
KITTI_OOD,encoder_late,-15.335449
KITTI_OOD,encoder_late,-12.2053
KITTI_OOD,encoder_late,-9.655919
KITTI_OOD,encoder_late,-14.566615
KITTI_OOD,encoder_late,-20.504509
KITTI_OOD,encoder_late,-13.750061
KITTI_OOD,encoder_late,-13.139544
KITTI_OOD,encoder_late,-5.4434195
KITTI_OOD,encoder_late,-10.496441
KITTI_OOD,encoder_late,-9.882366
KITTI_OOD,encoder_late,-10.231932
KITTI_OOD,encoder_late,-16.431913
KITTI_OOD,encoder_late,-20.605621
KITTI_OOD,encoder_late,-13.4359455
KITTI_OOD,encoder_late,-12.392943
KITTI_OOD,encoder_late,-16.233675
KITTI_OOD,encoder_late,-13.63606
KITTI_OOD,encoder_late,-22.429445
KITTI_OOD,encoder_late,-20.66431
KITTI_OOD,encoder_late,-19.245007
KITTI_OOD,encoder_late,-21.876568
KITTI_OOD,encoder_late,-18.476112
KITTI_OOD,encoder_late,-6.6668105
KITTI_OOD,encoder_late,-9.425846
KITTI_OOD,encoder_late,-7.188356
KITTI_OOD,encoder_late,-10.183654
KITTI_OOD,encoder_late,-16.030794
KITTI_OOD,encoder_late,-19.488476
KITTI_OOD,encoder_late,-17.555283
KITTI_OOD,encoder_late,-17.173168
KITTI_OOD,encoder_late,-19.379084
KITTI_OOD,encoder_late,-17.58918
KITTI_OOD,encoder_late,-23.526197
KITTI_OOD,encoder_late,-22.170784
KITTI_OOD,encoder_late,-20.552717
KITTI_OOD,encoder_late,-23.137857
KITTI_OOD,encoder_late,-23.644356
KITTI_OOD,encoder_late,-24.577005
KITTI_OOD,encoder_late,-20.786922
KITTI_OOD,encoder_late,-17.132845
KITTI_OOD,encoder_late,-15.140159
KITTI_OOD,encoder_late,-14.260754
KITTI_OOD,encoder_late,-12.5365
KITTI_OOD,encoder_late,-19.376812
KITTI_OOD,encoder_late,-14.38652
KITTI_OOD,encoder_late,-12.655123
KITTI_OOD,encoder_late,-20.022398
KITTI_OOD,encoder_late,-17.369165
KITTI_OOD,encoder_late,-13.425425
KITTI_OOD,encoder_late,-16.214363
KITTI_OOD,encoder_late,-11.451803
KITTI_OOD,encoder_late,-13.326339
KITTI_OOD,encoder_late,-11.089512
KITTI_OOD,encoder_late,-16.947544
KITTI_OOD,encoder_late,-14.865455
KITTI_OOD,encoder_late,-16.66499
KITTI_OOD,encoder_late,-17.13376
KITTI_OOD,encoder_late,-14.369578
KITTI_OOD,encoder_late,-12.015695
KITTI_OOD,encoder_late,-12.354744
KITTI_OOD,encoder_late,-12.516098
KITTI_OOD,encoder_late,-17.338799
KITTI_OOD,encoder_late,-13.869493
KITTI_OOD,encoder_late,-18.561993
KITTI_OOD,encoder_late,-15.324984
KITTI_OOD,encoder_late,-15.22867
KITTI_OOD,encoder_late,-18.960495
KITTI_OOD,encoder_late,-19.175776
KITTI_OOD,encoder_late,-12.483919
KITTI_OOD,encoder_late,-12.278034
KITTI_OOD,encoder_late,-12.883636
KITTI_OOD,encoder_late,-16.43591
KITTI_OOD,encoder_late,-13.511616
KITTI_OOD,encoder_late,-13.126057
KITTI_OOD,encoder_late,-9.890387
KITTI_OOD,encoder_late,-10.009235
KITTI_OOD,encoder_late,-18.730955
KITTI_OOD,encoder_late,-16.475468
KITTI_OOD,encoder_late,-17.72117
KITTI_OOD,encoder_late,-17.309896
KITTI_OOD,encoder_late,-20.866701
KITTI_OOD,encoder_late,-20.331251
KITTI_OOD,encoder_late,-21.295784
KITTI_OOD,encoder_late,-19.630169
KITTI_OOD,encoder_late,-17.571012
KITTI_OOD,encoder_late,-20.707962
KITTI_OOD,encoder_late,-16.875986
KITTI_OOD,encoder_late,-18.31674
KITTI_OOD,encoder_late,-19.322489
KITTI_OOD,encoder_late,-20.490055
KITTI_OOD,encoder_late,-22.04395
KITTI_OOD,encoder_late,-20.809105
KITTI_OOD,encoder_late,-21.179398
KITTI_OOD,encoder_late,-20.855402
KITTI_OOD,encoder_late,-14.6812935
KITTI_OOD,encoder_late,-17.858908
KITTI_OOD,encoder_late,-19.15768
KITTI_OOD,encoder_late,-20.514818
KITTI_OOD,encoder_late,-20.003813
KITTI_OOD,encoder_late,-20.192753
KITTI_OOD,encoder_late,-14.404741
KITTI_OOD,encoder_late,-13.232662
KITTI_OOD,encoder_late,-12.668922
KITTI_OOD,encoder_late,-14.671526
KITTI_OOD,encoder_late,-13.790857
KITTI_OOD,encoder_late,-16.538021
KITTI_OOD,encoder_late,-13.960416
KITTI_OOD,encoder_late,-15.005075
KITTI_OOD,encoder_late,-15.812078
KITTI_OOD,encoder_late,-14.949472
KITTI_OOD,encoder_late,-13.323317
KITTI_OOD,encoder_late,-16.636642
KITTI_OOD,encoder_late,-12.965682
KITTI_OOD,encoder_late,-15.983709
KITTI_OOD,encoder_late,-14.572205
KITTI_OOD,encoder_late,-16.5766
KITTI_OOD,encoder_late,-18.834959
KITTI_OOD,encoder_late,-18.826138
KITTI_OOD,encoder_late,-19.983574
KITTI_OOD,encoder_late,-17.893896
KITTI_OOD,encoder_late,-19.312637
KITTI_OOD,encoder_late,-18.090086
KITTI_OOD,encoder_late,-18.690556
KITTI_OOD,encoder_late,-18.293255
KITTI_OOD,encoder_late,-21.261932
KITTI_OOD,encoder_late,-20.801914
KITTI_OOD,encoder_late,-22.766613
KITTI_OOD,encoder_late,-21.516346
KITTI_OOD,encoder_late,-18.003765
KITTI_OOD,encoder_late,-17.113829
KITTI_OOD,encoder_late,-18.168549
KITTI_OOD,encoder_late,-17.004177
KITTI_OOD,encoder_late,-17.22518
KITTI_OOD,encoder_late,-13.323038
KITTI_OOD,encoder_late,-18.86919
KITTI_OOD,encoder_late,-18.033432
KITTI_OOD,encoder_late,-14.000403
KITTI_OOD,encoder_late,-18.513111
KITTI_OOD,encoder_late,-11.246302
KITTI_OOD,encoder_late,-10.674836
KITTI_OOD,encoder_late,-9.874982
KITTI_OOD,encoder_late,-12.339916
KITTI_OOD,encoder_late,-11.083894
KITTI_OOD,encoder_late,-9.106362
KITTI_OOD,encoder_late,-8.198642
KITTI_OOD,encoder_late,-8.920641
KITTI_OOD,encoder_late,-9.431749
KITTI_OOD,encoder_late,-7.426831
KITTI_OOD,encoder_late,-9.046811
KITTI_OOD,encoder_late,-7.561687
KITTI_OOD,encoder_late,-4.8276424
KITTI_OOD,encoder_late,-8.815676
KITTI_OOD,encoder_late,-8.395054
KITTI_OOD,encoder_late,-10.223608
KITTI_OOD,encoder_late,-9.0355425
KITTI_OOD,encoder_late,-12.37343
KITTI_OOD,encoder_late,-13.665163
KITTI_OOD,encoder_late,-9.142608
KITTI_OOD,encoder_late,-13.318574
KITTI_OOD,encoder_late,-9.806647
KITTI_OOD,encoder_late,-11.702673
KITTI_OOD,encoder_late,-7.400971
KITTI_OOD,encoder_late,-4.5844316
KITTI_OOD,encoder_late,-11.830118
KITTI_OOD,encoder_late,-10.3005295
KITTI_OOD,encoder_late,-9.006247
KITTI_OOD,encoder_late,-9.487301
KITTI_OOD,encoder_late,-10.765577
KITTI_OOD,encoder_late,-14.343069
KITTI_OOD,encoder_late,-9.803084
KITTI_OOD,encoder_late,-7.253207
KITTI_OOD,encoder_late,-7.1286716
KITTI_OOD,encoder_late,-6.787527
KITTI_OOD,encoder_late,-6.550335
KITTI_OOD,encoder_late,-4.1439967
KITTI_OOD,encoder_late,-5.679001
KITTI_OOD,encoder_late,-10.15891
KITTI_OOD,encoder_late,-11.705653
KITTI_OOD,encoder_late,-7.960702
KITTI_OOD,encoder_late,-11.9638815
KITTI_OOD,encoder_late,-11.258226
KITTI_OOD,encoder_late,-11.445184
KITTI_OOD,encoder_late,-10.544758
KITTI_OOD,encoder_late,-12.205303
KITTI_OOD,encoder_late,-7.0210457
KITTI_OOD,encoder_late,-10.201562
KITTI_OOD,encoder_late,-13.588163
KITTI_OOD,encoder_late,-8.834613
KITTI_OOD,encoder_late,-9.163132
KITTI_OOD,encoder_late,-9.212521
KITTI_OOD,encoder_late,-7.6487103
KITTI_OOD,encoder_late,-10.696119
KITTI_OOD,encoder_late,-11.263554
KITTI_OOD,encoder_late,-10.746236
KITTI_OOD,encoder_late,-11.361624
KITTI_OOD,encoder_late,-12.289374
KITTI_OOD,encoder_late,-7.723756
KITTI_OOD,encoder_late,-7.8407416
KITTI_OOD,encoder_late,-5.0664845
KITTI_OOD,encoder_late,-9.784594
KITTI_OOD,encoder_late,-9.4079685
KITTI_OOD,encoder_late,-13.397916
KITTI_OOD,encoder_late,-11.00918
KITTI_OOD,encoder_late,-12.512048
KITTI_OOD,encoder_late,-9.890118
KITTI_OOD,encoder_late,-11.410977
KITTI_OOD,encoder_late,-8.539942
KITTI_OOD,encoder_late,-9.453872
KITTI_OOD,encoder_late,-6.6273365
KITTI_OOD,encoder_late,-8.82462
KITTI_OOD,encoder_late,-7.859553
KITTI_OOD,encoder_late,-6.625143
KITTI_OOD,encoder_late,-4.7115474
KITTI_OOD,encoder_late,-8.774593
KITTI_OOD,encoder_late,-4.1241174
KITTI_OOD,encoder_late,-8.661009
KITTI_OOD,encoder_late,-5.6327004
KITTI_OOD,encoder_late,-13.126936
KITTI_OOD,encoder_late,-8.369276
KITTI_OOD,encoder_late,-8.8580265
KITTI_OOD,encoder_late,-8.577106
KITTI_OOD,encoder_late,-13.220083
KITTI_OOD,encoder_late,-14.1662445
KITTI_OOD,encoder_late,-17.585346
KITTI_OOD,encoder_late,-16.760115
KITTI_OOD,encoder_late,-15.387848
KITTI_OOD,encoder_late,-8.774362
KITTI_OOD,encoder_late,-16.58633
KITTI_OOD,encoder_late,-18.171824
KITTI_OOD,encoder_late,-13.167156
KITTI_OOD,encoder_late,-12.532777
KITTI_OOD,encoder_late,-9.201317
KITTI_OOD,encoder_late,-10.652829
KITTI_OOD,encoder_late,-10.004675
KITTI_OOD,encoder_late,-9.841259
KITTI_OOD,encoder_late,-14.543537
KITTI_OOD,encoder_late,-15.651888
KITTI_OOD,encoder_late,-12.668848
KITTI_OOD,encoder_late,-13.067326
KITTI_OOD,encoder_late,-12.096443
KITTI_OOD,encoder_late,-11.951421
KITTI_OOD,encoder_late,-17.47463
KITTI_OOD,encoder_late,-10.272594
KITTI_OOD,encoder_late,-12.206898
KITTI_OOD,encoder_late,-15.89789
KITTI_OOD,encoder_late,-15.883623
KITTI_OOD,encoder_late,-18.49466
KITTI_OOD,encoder_late,-16.721779
KITTI_OOD,encoder_late,-16.85336
KITTI_OOD,encoder_late,-12.940396
KITTI_OOD,encoder_late,-16.521944
KITTI_OOD,encoder_late,-20.002258
KITTI_OOD,encoder_late,-16.645777
KITTI_OOD,encoder_late,-20.307905
KITTI_OOD,encoder_late,-16.656717
KITTI_OOD,encoder_late,-13.50711
KITTI_OOD,encoder_late,-15.532734
KITTI_OOD,encoder_late,-19.007439
KITTI_OOD,encoder_late,-17.136189
KITTI_OOD,encoder_late,-21.093737
KITTI_OOD,encoder_late,-17.71009
KITTI_OOD,encoder_late,-14.808501
KITTI_OOD,encoder_late,-13.807763
KITTI_OOD,encoder_late,-15.181394
KITTI_OOD,encoder_late,-16.050697
KITTI_OOD,encoder_late,-11.560071
KITTI_OOD,encoder_late,-14.611603
KITTI_OOD,encoder_late,-18.949095
KITTI_OOD,encoder_late,-16.507309
KITTI_OOD,encoder_late,-18.663776
KITTI_OOD,encoder_late,-17.222097
KITTI_OOD,encoder_late,-23.597116
KITTI_OOD,encoder_late,-18.778091
KITTI_OOD,encoder_late,-17.426035
KITTI_OOD,encoder_late,-24.136253
KITTI_OOD,encoder_late,-21.223572
KITTI_OOD,encoder_late,-19.54589
KITTI_OOD,encoder_late,-23.980574
KITTI_OOD,encoder_late,-26.65056
KITTI_OOD,encoder_late,-28.131956
KITTI_OOD,encoder_late,-24.30944
KITTI_OOD,encoder_late,-26.685404
KITTI_OOD,encoder_late,-20.684372
KITTI_OOD,encoder_late,-22.760662
KITTI_OOD,encoder_late,-19.823915
KITTI_OOD,encoder_late,-24.169058
KITTI_OOD,encoder_late,-21.40958
KITTI_OOD,encoder_late,-22.296711
KITTI_OOD,encoder_late,-25.741203
KITTI_OOD,encoder_late,-21.46035
KITTI_OOD,encoder_late,-21.195776
KITTI_OOD,encoder_late,-19.71082
KITTI_OOD,encoder_late,-27.024408
KITTI_OOD,encoder_late,-24.024168
KITTI_OOD,encoder_late,-24.916769
KITTI_OOD,encoder_late,-17.319624
KITTI_OOD,encoder_late,-24.75106
KITTI_OOD,encoder_late,-22.384426
KITTI_OOD,encoder_late,-20.014545
KITTI_OOD,encoder_late,-20.65313
KITTI_OOD,encoder_late,-26.73739
KITTI_OOD,encoder_late,-23.582664
KITTI_OOD,encoder_late,-20.127726
KITTI_OOD,encoder_late,-17.36081
KITTI_OOD,encoder_late,-21.362185
KITTI_OOD,encoder_late,-26.38945
KITTI_OOD,encoder_late,-21.916613
KITTI_OOD,encoder_late,-18.252865
KITTI_OOD,encoder_late,-20.739958
KITTI_OOD,encoder_late,-19.666805
KITTI_OOD,encoder_late,-15.629075
KITTI_OOD,encoder_late,-21.865427
KITTI_OOD,encoder_late,-20.413452
KITTI_OOD,encoder_late,-22.662308
KITTI_OOD,encoder_late,-20.91128
KITTI_OOD,encoder_late,-23.060385
KITTI_OOD,encoder_late,-23.766241
KITTI_OOD,encoder_late,-22.787199
KITTI_OOD,encoder_late,-22.572754
KITTI_OOD,encoder_late,-24.660582
KITTI_OOD,encoder_late,-21.914865
KITTI_OOD,encoder_late,-22.226507
KITTI_OOD,encoder_late,-20.324234
KITTI_OOD,encoder_late,-21.794449
KITTI_OOD,encoder_late,-21.615013
KITTI_OOD,encoder_late,-21.977118
KITTI_OOD,encoder_late,-21.02886
KITTI_OOD,decoder_late,-27.713102
KITTI_OOD,decoder_late,-27.37552
KITTI_OOD,decoder_late,-26.870594
KITTI_OOD,decoder_late,-27.237164
KITTI_OOD,decoder_late,-27.04385
KITTI_OOD,decoder_late,-28.27468
KITTI_OOD,decoder_late,-30.221115
KITTI_OOD,decoder_late,-27.369324
KITTI_OOD,decoder_late,-27.924587
KITTI_OOD,decoder_late,-27.866306
KITTI_OOD,decoder_late,-29.481068
KITTI_OOD,decoder_late,-26.816454
KITTI_OOD,decoder_late,-28.697826
KITTI_OOD,decoder_late,-30.184528
KITTI_OOD,decoder_late,-31.878862
KITTI_OOD,decoder_late,-29.995546
KITTI_OOD,decoder_late,-29.040993
KITTI_OOD,decoder_late,-26.996412
KITTI_OOD,decoder_late,-37.41028
KITTI_OOD,decoder_late,-37.91139
KITTI_OOD,decoder_late,-35.709187
KITTI_OOD,decoder_late,-32.537468
KITTI_OOD,decoder_late,-34.489216
KITTI_OOD,decoder_late,-41.997185
KITTI_OOD,decoder_late,-41.437668
KITTI_OOD,decoder_late,-41.437275
KITTI_OOD,decoder_late,-41.88955
KITTI_OOD,decoder_late,-38.847084
KITTI_OOD,decoder_late,-39.395912
KITTI_OOD,decoder_late,-40.486534
KITTI_OOD,decoder_late,-41.153088
KITTI_OOD,decoder_late,-39.683643
KITTI_OOD,decoder_late,-40.181732
KITTI_OOD,decoder_late,-38.69785
KITTI_OOD,decoder_late,-33.86994
KITTI_OOD,decoder_late,-38.315678
KITTI_OOD,decoder_late,-40.70117
KITTI_OOD,decoder_late,-40.023438
KITTI_OOD,decoder_late,-29.20747
KITTI_OOD,decoder_late,-24.468864
KITTI_OOD,decoder_late,-37.455524
KITTI_OOD,decoder_late,-39.96384
KITTI_OOD,decoder_late,-42.212524
KITTI_OOD,decoder_late,-42.63932
KITTI_OOD,decoder_late,-42.468735
KITTI_OOD,decoder_late,-37.59517
KITTI_OOD,decoder_late,-42.27531
KITTI_OOD,decoder_late,-43.234158
KITTI_OOD,decoder_late,-42.414303
KITTI_OOD,decoder_late,-39.141586
KITTI_OOD,decoder_late,-37.56696
KITTI_OOD,decoder_late,-35.307766
KITTI_OOD,decoder_late,-37.43895
KITTI_OOD,decoder_late,-30.938133
KITTI_OOD,decoder_late,-31.416168
KITTI_OOD,decoder_late,-25.305862
KITTI_OOD,decoder_late,-25.914845
KITTI_OOD,decoder_late,-25.864079
KITTI_OOD,decoder_late,-28.827965
KITTI_OOD,decoder_late,-34.081768
KITTI_OOD,decoder_late,-39.948616
KITTI_OOD,decoder_late,-40.726036
KITTI_OOD,decoder_late,-40.166447
KITTI_OOD,decoder_late,-38.859673
KITTI_OOD,decoder_late,-35.87463
KITTI_OOD,decoder_late,-38.780964
KITTI_OOD,decoder_late,-37.084774
KITTI_OOD,decoder_late,-36.24885
KITTI_OOD,decoder_late,-38.40331
KITTI_OOD,decoder_late,-35.264553
KITTI_OOD,decoder_late,-31.182621
KITTI_OOD,decoder_late,-30.118551
KITTI_OOD,decoder_late,-32.780746
KITTI_OOD,decoder_late,-26.013474
KITTI_OOD,decoder_late,-37.000576
KITTI_OOD,decoder_late,-35.417637
KITTI_OOD,decoder_late,-33.807632
KITTI_OOD,decoder_late,-29.701622
KITTI_OOD,decoder_late,-30.310223
KITTI_OOD,decoder_late,-25.75456
KITTI_OOD,decoder_late,-29.08805
KITTI_OOD,decoder_late,-31.666895
KITTI_OOD,decoder_late,-31.377806
KITTI_OOD,decoder_late,-35.444702
KITTI_OOD,decoder_late,-39.25758
KITTI_OOD,decoder_late,-39.160175
KITTI_OOD,decoder_late,-37.993298
KITTI_OOD,decoder_late,-33.95252
KITTI_OOD,decoder_late,-36.28318
KITTI_OOD,decoder_late,-33.278877
KITTI_OOD,decoder_late,-35.71038
KITTI_OOD,decoder_late,-27.788244
KITTI_OOD,decoder_late,-36.403454
KITTI_OOD,decoder_late,-34.675545
KITTI_OOD,decoder_late,-37.69827
KITTI_OOD,decoder_late,-31.671427
KITTI_OOD,decoder_late,-32.310863
KITTI_OOD,decoder_late,-30.45808
KITTI_OOD,decoder_late,-33.092636
KITTI_OOD,decoder_late,-28.482399
KITTI_OOD,decoder_late,-31.507116
KITTI_OOD,decoder_late,-36.150074
KITTI_OOD,decoder_late,-39.03922
KITTI_OOD,decoder_late,-38.022408
KITTI_OOD,decoder_late,-27.063139
KITTI_OOD,decoder_late,-28.24009
KITTI_OOD,decoder_late,-29.865414
KITTI_OOD,decoder_late,-33.14999
KITTI_OOD,decoder_late,-33.852974
KITTI_OOD,decoder_late,-36.149685
KITTI_OOD,decoder_late,-33.79914
KITTI_OOD,decoder_late,-33.047283
KITTI_OOD,decoder_late,-34.064148
KITTI_OOD,decoder_late,-30.883411
KITTI_OOD,decoder_late,-27.206806
KITTI_OOD,decoder_late,-30.787966
KITTI_OOD,decoder_late,-27.615273
KITTI_OOD,decoder_late,-22.500559
KITTI_OOD,decoder_late,-25.58211
KITTI_OOD,decoder_late,-26.428413
KITTI_OOD,decoder_late,-30.947823
KITTI_OOD,decoder_late,-24.626963
KITTI_OOD,decoder_late,-24.412758
KITTI_OOD,decoder_late,-24.463808
KITTI_OOD,decoder_late,-24.007946
KITTI_OOD,decoder_late,-23.139505
KITTI_OOD,decoder_late,-28.297192
KITTI_OOD,decoder_late,-29.55825
KITTI_OOD,decoder_late,-29.756771
KITTI_OOD,decoder_late,-29.91264
KITTI_OOD,decoder_late,-29.345003
KITTI_OOD,decoder_late,-29.343294
KITTI_OOD,decoder_late,-30.036459
KITTI_OOD,decoder_late,-34.584106
KITTI_OOD,decoder_late,-35.74485
KITTI_OOD,decoder_late,-28.528107
KITTI_OOD,decoder_late,-32.022972
KITTI_OOD,decoder_late,-26.459469
KITTI_OOD,decoder_late,-32.1988
KITTI_OOD,decoder_late,-31.93723
KITTI_OOD,decoder_late,-34.04191
KITTI_OOD,decoder_late,-28.259954
KITTI_OOD,decoder_late,-32.869335
KITTI_OOD,decoder_late,-32.58146
KITTI_OOD,decoder_late,-30.878754
KITTI_OOD,decoder_late,-35.39254
KITTI_OOD,decoder_late,-28.096325
KITTI_OOD,decoder_late,-33.392742
KITTI_OOD,decoder_late,-36.64874
KITTI_OOD,decoder_late,-36.776665
KITTI_OOD,decoder_late,-39.332565
KITTI_OOD,decoder_late,-31.102476
KITTI_OOD,decoder_late,-31.002914
KITTI_OOD,decoder_late,-30.58539
KITTI_OOD,decoder_late,-35.550297
KITTI_OOD,decoder_late,-35.713703
KITTI_OOD,decoder_late,-38.750843
KITTI_OOD,decoder_late,-32.47078
KITTI_OOD,decoder_late,-38.309303
KITTI_OOD,decoder_late,-36.08517
KITTI_OOD,decoder_late,-37.526134
KITTI_OOD,decoder_late,-38.692593
KITTI_OOD,decoder_late,-32.423534
KITTI_OOD,decoder_late,-35.065746
KITTI_OOD,decoder_late,-28.77557
KITTI_OOD,decoder_late,-23.40059
KITTI_OOD,decoder_late,-35.960575
KITTI_OOD,decoder_late,-36.02781
KITTI_OOD,decoder_late,-31.311636
KITTI_OOD,decoder_late,-33.67391
KITTI_OOD,decoder_late,-34.46534
KITTI_OOD,decoder_late,-32.14121
KITTI_OOD,decoder_late,-30.253897
KITTI_OOD,decoder_late,-34.494038
KITTI_OOD,decoder_late,-26.928877
KITTI_OOD,decoder_late,-27.32804
KITTI_OOD,decoder_late,-33.697475
KITTI_OOD,decoder_late,-32.661858
KITTI_OOD,decoder_late,-36.220196
KITTI_OOD,decoder_late,-32.89888
KITTI_OOD,decoder_late,-36.818928
KITTI_OOD,decoder_late,-26.033228
KITTI_OOD,decoder_late,-33.922
KITTI_OOD,decoder_late,-29.905066
KITTI_OOD,decoder_late,-29.602346
KITTI_OOD,decoder_late,-36.15168
KITTI_OOD,decoder_late,-33.090034
KITTI_OOD,decoder_late,-30.3246
KITTI_OOD,decoder_late,-24.891687
KITTI_OOD,decoder_late,-23.541674
KITTI_OOD,decoder_late,-28.497293
KITTI_OOD,decoder_late,-35.38431
KITTI_OOD,decoder_late,-35.638126
KITTI_OOD,decoder_late,-41.849663
KITTI_OOD,decoder_late,-26.970999
KITTI_OOD,decoder_late,-30.038591
KITTI_OOD,decoder_late,-30.804874
KITTI_OOD,decoder_late,-32.61031
KITTI_OOD,decoder_late,-28.816471
KITTI_OOD,decoder_late,-30.746662
KITTI_OOD,decoder_late,-33.409412
KITTI_OOD,decoder_late,-40.135303
KITTI_OOD,decoder_late,-33.136593
KITTI_OOD,decoder_late,-35.235577
KITTI_OOD,decoder_late,-37.68278
KITTI_OOD,decoder_late,-34.064194
KITTI_OOD,decoder_late,-27.262545
KITTI_OOD,decoder_late,-30.925455
KITTI_OOD,decoder_late,-24.799442
KITTI_OOD,decoder_late,-37.68211
KITTI_OOD,decoder_late,-30.681675
KITTI_OOD,decoder_late,-32.82465
KITTI_OOD,decoder_late,-35.12984
KITTI_OOD,decoder_late,-32.601345
KITTI_OOD,decoder_late,-35.169617
KITTI_OOD,decoder_late,-27.81745
KITTI_OOD,decoder_late,-29.811914
KITTI_OOD,decoder_late,-31.38672
KITTI_OOD,decoder_late,-34.74057
KITTI_OOD,decoder_late,-34.429302
KITTI_OOD,decoder_late,-34.314552
KITTI_OOD,decoder_late,-31.005781
KITTI_OOD,decoder_late,-32.21662
KITTI_OOD,decoder_late,-36.51393
KITTI_OOD,decoder_late,-34.200336
KITTI_OOD,decoder_late,-31.989433
KITTI_OOD,decoder_late,-31.421612
KITTI_OOD,decoder_late,-31.211468
KITTI_OOD,decoder_late,-29.921326
KITTI_OOD,decoder_late,-24.952192
KITTI_OOD,decoder_late,-26.939646
KITTI_OOD,decoder_late,-36.4496
KITTI_OOD,decoder_late,-35.26993
KITTI_OOD,decoder_late,-39.43114
KITTI_OOD,decoder_late,-30.253208
KITTI_OOD,decoder_late,-32.777504
KITTI_OOD,decoder_late,-33.28181
KITTI_OOD,decoder_late,-28.092829
KITTI_OOD,decoder_late,-30.988108
KITTI_OOD,decoder_late,-29.379784
KITTI_OOD,decoder_late,-32.74875
KITTI_OOD,decoder_late,-28.805313
KITTI_OOD,decoder_late,-32.693474
KITTI_OOD,decoder_late,-34.94855
KITTI_OOD,decoder_late,-36.359905
KITTI_OOD,decoder_late,-37.072495
KITTI_OOD,decoder_late,-35.891186
KITTI_OOD,decoder_late,-37.588726
KITTI_OOD,decoder_late,-25.826113
KITTI_OOD,decoder_late,-28.02572
KITTI_OOD,decoder_late,-33.03303
KITTI_OOD,decoder_late,-22.823812
KITTI_OOD,decoder_late,-37.2862
KITTI_OOD,decoder_late,-35.145298
KITTI_OOD,decoder_late,-35.52603
KITTI_OOD,decoder_late,-27.28201
KITTI_OOD,decoder_late,-32.718616
KITTI_OOD,decoder_late,-36.73063
KITTI_OOD,decoder_late,-35.049088
KITTI_OOD,decoder_late,-32.797638
KITTI_OOD,decoder_late,-32.282288
KITTI_OOD,decoder_late,-31.203281
KITTI_OOD,decoder_late,-37.72201
KITTI_OOD,decoder_late,-35.61791
KITTI_OOD,decoder_late,-35.99615
KITTI_OOD,decoder_late,-32.665684
KITTI_OOD,decoder_late,-39.304813
KITTI_OOD,decoder_late,-33.927757
KITTI_OOD,decoder_late,-31.948473
KITTI_OOD,decoder_late,-29.194048
KITTI_OOD,decoder_late,-27.65586
KITTI_OOD,decoder_late,-31.324846
KITTI_OOD,decoder_late,-32.01486
KITTI_OOD,decoder_late,-30.552727
KITTI_OOD,decoder_late,-24.854828
KITTI_OOD,decoder_late,-34.6237
KITTI_OOD,decoder_late,-31.450424
KITTI_OOD,decoder_late,-30.430208
KITTI_OOD,decoder_late,-33.546707
KITTI_OOD,decoder_late,-33.09356
KITTI_OOD,decoder_late,-35.32498
KITTI_OOD,decoder_late,-25.96747
KITTI_OOD,decoder_late,-25.382252
KITTI_OOD,decoder_late,-37.06533
KITTI_OOD,decoder_late,-31.838886
KITTI_OOD,decoder_late,-23.702585
KITTI_OOD,decoder_late,-33.08165
KITTI_OOD,decoder_late,-25.390762
KITTI_OOD,decoder_late,-31.27256
KITTI_OOD,decoder_late,-29.583565
KITTI_OOD,decoder_late,-28.36194
KITTI_OOD,decoder_late,-24.969162
KITTI_OOD,decoder_late,-24.76916
KITTI_OOD,decoder_late,-29.332857
KITTI_OOD,decoder_late,-36.653706
KITTI_OOD,decoder_late,-36.662266
KITTI_OOD,decoder_late,-38.83605
KITTI_OOD,decoder_late,-34.343044
KITTI_OOD,decoder_late,-33.70625
KITTI_OOD,decoder_late,-35.542576
KITTI_OOD,decoder_late,-37.872353
KITTI_OOD,decoder_late,-36.91853
KITTI_OOD,decoder_late,-38.72535
KITTI_OOD,decoder_late,-37.84775
KITTI_OOD,decoder_late,-39.52202
KITTI_OOD,decoder_late,-37.8143
KITTI_OOD,decoder_late,-33.466347
KITTI_OOD,decoder_late,-25.761972
KITTI_OOD,decoder_late,-25.816517
KITTI_OOD,decoder_late,-34.052494
KITTI_OOD,decoder_late,-33.252396
KITTI_OOD,decoder_late,-37.648304
KITTI_OOD,decoder_late,-29.841347
KITTI_OOD,decoder_late,-34.49404
KITTI_OOD,decoder_late,-30.040764
KITTI_OOD,decoder_late,-27.475712
KITTI_OOD,decoder_late,-39.888035
KITTI_OOD,decoder_late,-38.244736
KITTI_OOD,decoder_late,-37.787582
KITTI_OOD,decoder_late,-32.93025
KITTI_OOD,decoder_late,-29.911438
KITTI_OOD,decoder_late,-37.65047
KITTI_OOD,decoder_late,-28.050661
KITTI_OOD,decoder_late,-31.010765
KITTI_OOD,decoder_late,-28.939838
KITTI_OOD,decoder_late,-25.392056
KITTI_OOD,decoder_late,-34.769947
KITTI_OOD,decoder_late,-28.69675
KITTI_OOD,decoder_late,-32.223537
KITTI_OOD,decoder_late,-29.860096
KITTI_OOD,decoder_late,-35.775482
KITTI_OOD,decoder_late,-40.80739
KITTI_OOD,decoder_late,-43.29776
KITTI_OOD,decoder_late,-39.60753
KITTI_OOD,decoder_late,-34.569695
KITTI_OOD,decoder_late,-26.839968
KITTI_OOD,decoder_late,-37.57933
KITTI_OOD,decoder_late,-25.167227
KITTI_OOD,decoder_late,-37.353725
KITTI_OOD,decoder_late,-38.75065
KITTI_OOD,decoder_late,-39.030876
KITTI_OOD,decoder_late,-39.44712
KITTI_OOD,decoder_late,-33.773125
KITTI_OOD,decoder_late,-34.015385
KITTI_OOD,decoder_late,-31.46627
KITTI_OOD,decoder_late,-25.41812
KITTI_OOD,decoder_late,-32.936275
KITTI_OOD,decoder_late,-27.854942
KITTI_OOD,decoder_late,-27.233171
KITTI_OOD,decoder_late,-25.511671
KITTI_OOD,decoder_late,-23.806662
KITTI_OOD,decoder_late,-26.060574
KITTI_OOD,decoder_late,-25.161623
KITTI_OOD,decoder_late,-23.458782
KITTI_OOD,decoder_late,-25.057436
KITTI_OOD,decoder_late,-26.18146
KITTI_OOD,decoder_late,-26.554367
KITTI_OOD,decoder_late,-25.966318
KITTI_OOD,decoder_late,-23.010977
KITTI_OOD,decoder_late,-27.825735
KITTI_OOD,decoder_late,-24.572716
KITTI_OOD,decoder_late,-24.270687
KITTI_OOD,decoder_late,-25.04354
KITTI_OOD,decoder_late,-25.091688
KITTI_OOD,decoder_late,-24.773987
KITTI_OOD,decoder_late,-29.605906
KITTI_OOD,decoder_late,-27.549574
KITTI_OOD,decoder_late,-25.82194
KITTI_OOD,decoder_late,-24.561512
KITTI_OOD,decoder_late,-24.210857
KITTI_OOD,decoder_late,-26.610746
KITTI_OOD,decoder_late,-26.302639
KITTI_OOD,decoder_late,-25.782497
KITTI_OOD,decoder_late,-25.861183
KITTI_OOD,decoder_late,-36.43179
KITTI_OOD,decoder_late,-28.733063
KITTI_OOD,decoder_late,-26.117516
KITTI_OOD,decoder_late,-33.894768
KITTI_OOD,decoder_late,-33.318233
KITTI_OOD,decoder_late,-33.919586
KITTI_OOD,decoder_late,-36.089054
KITTI_OOD,decoder_late,-35.03143
KITTI_OOD,decoder_late,-36.853596
KITTI_OOD,decoder_late,-35.7627
KITTI_OOD,decoder_late,-36.63237
KITTI_OOD,decoder_late,-35.221546
KITTI_OOD,decoder_late,-36.127846
KITTI_OOD,decoder_late,-35.48999
KITTI_OOD,decoder_late,-30.995113
KITTI_OOD,decoder_late,-30.145119
KITTI_OOD,decoder_late,-31.438412
KITTI_OOD,decoder_late,-34.113194
KITTI_OOD,decoder_late,-33.652924
KITTI_OOD,decoder_late,-31.689022
KITTI_OOD,decoder_late,-33.302246
KITTI_OOD,decoder_late,-33.878143
KITTI_OOD,decoder_late,-35.205753
KITTI_OOD,decoder_late,-29.188885
KITTI_OOD,decoder_late,-32.98785
KITTI_OOD,decoder_late,-28.90321
KITTI_OOD,decoder_late,-29.132004
KITTI_OOD,decoder_late,-25.80833
KITTI_OOD,decoder_late,-26.327469
KITTI_OOD,decoder_late,-26.891644
KITTI_OOD,decoder_late,-25.096157
KITTI_OOD,decoder_late,-25.013554
KITTI_OOD,decoder_late,-25.562597
KITTI_OOD,decoder_late,-26.193031
KITTI_OOD,decoder_late,-25.644146
KITTI_OOD,decoder_late,-25.494024
KITTI_OOD,decoder_late,-25.561764
KITTI_OOD,decoder_late,-25.546457
KITTI_OOD,decoder_late,-26.43467
KITTI_OOD,decoder_late,-24.716797
KITTI_OOD,decoder_late,-25.916796
KITTI_OOD,decoder_late,-24.794634
KITTI_OOD,decoder_late,-25.73612
KITTI_OOD,decoder_late,-24.89911
KITTI_OOD,decoder_late,-26.483156
KITTI_OOD,decoder_late,-25.186882
KITTI_OOD,decoder_late,-26.332123
KITTI_OOD,decoder_late,-25.852573
KITTI_OOD,decoder_late,-28.293755
KITTI_OOD,decoder_late,-26.158836
KITTI_OOD,decoder_late,-30.214256
KITTI_OOD,decoder_late,-30.272472
KITTI_OOD,decoder_late,-26.510563
KITTI_OOD,decoder_late,-27.569668
KITTI_OOD,decoder_late,-25.25637
KITTI_OOD,decoder_late,-27.009933
KITTI_OOD,decoder_late,-26.311764
KITTI_OOD,decoder_late,-24.67147
KITTI_OOD,decoder_late,-27.69242
KITTI_OOD,decoder_late,-25.728622
KITTI_OOD,decoder_late,-26.169882
KITTI_OOD,decoder_late,-26.191982
KITTI_OOD,decoder_late,-28.148046
KITTI_OOD,decoder_late,-26.442833
KITTI_OOD,decoder_late,-27.789955
KITTI_OOD,decoder_late,-26.050753
KITTI_OOD,decoder_late,-25.832794
KITTI_OOD,decoder_late,-25.024408
KITTI_OOD,decoder_late,-28.555452
KITTI_OOD,decoder_late,-25.211239
KITTI_OOD,decoder_late,-26.22707
KITTI_OOD,decoder_late,-25.11642
KITTI_OOD,decoder_late,-35.80286
KITTI_OOD,decoder_late,-29.497835
KITTI_OOD,decoder_late,-24.303965
KITTI_OOD,decoder_late,-26.69595
KITTI_OOD,decoder_late,-24.881952
KITTI_OOD,decoder_late,-25.680153
KITTI_OOD,decoder_late,-30.71971
KITTI_OOD,decoder_late,-26.656765
KITTI_OOD,decoder_late,-25.556501
KITTI_OOD,decoder_late,-25.305664
KITTI_OOD,decoder_late,-25.284199
KITTI_OOD,decoder_late,-26.034506
KITTI_OOD,decoder_late,-29.272722
KITTI_OOD,decoder_late,-25.109074
KITTI_OOD,decoder_late,-26.403118
KITTI_OOD,decoder_late,-29.507946
KITTI_OOD,decoder_late,-30.00498
KITTI_OOD,decoder_late,-29.604132
KITTI_OOD,decoder_late,-30.274506
KITTI_OOD,decoder_late,-32.08253
KITTI_OOD,decoder_late,-31.488285
KITTI_OOD,decoder_late,-37.421986
KITTI_OOD,decoder_late,-40.865635
KITTI_OOD,decoder_late,-43.10456
KITTI_OOD,decoder_late,-41.904568
KITTI_OOD,decoder_late,-41.43949
KITTI_OOD,decoder_late,-40.239605
KITTI_OOD,decoder_late,-44.11616
KITTI_OOD,decoder_late,-43.48736
KITTI_OOD,decoder_late,-43.1577
KITTI_OOD,decoder_late,-42.31102
KITTI_OOD,decoder_late,-42.155003
KITTI_OOD,decoder_late,-41.39762
KITTI_OOD,decoder_late,-43.022453
KITTI_OOD,decoder_late,-42.414047
KITTI_OOD,decoder_late,-44.16446
KITTI_OOD,decoder_late,-44.267075
KITTI_OOD,decoder_late,-44.248665
KITTI_OOD,decoder_late,-44.0807
KITTI_OOD,decoder_late,-44.83779
KITTI_OOD,decoder_late,-44.440025
KITTI_OOD,decoder_late,-42.58679
KITTI_OOD,decoder_late,-42.713135
KITTI_OOD,decoder_late,-43.167614
KITTI_OOD,decoder_late,-42.755955
KITTI_OOD,decoder_late,-35.06361
KITTI_OOD,decoder_late,-37.218758
KITTI_OOD,decoder_late,-27.894102
KITTI_OOD,decoder_late,-26.667933
KITTI_OOD,decoder_late,-25.377474
KITTI_OOD,decoder_late,-26.191359
KITTI_OOD,decoder_late,-29.24922
KITTI_OOD,decoder_late,-30.254816
KITTI_OOD,decoder_late,-37.319275
KITTI_OOD,decoder_late,-30.832277
KITTI_OOD,decoder_late,-27.613935
KITTI_OOD,decoder_late,-30.197813
KITTI_OOD,decoder_late,-31.144012
KITTI_OOD,decoder_late,-37.88382
KITTI_OOD,decoder_late,-38.07838
KITTI_OOD,decoder_late,-37.19968
KITTI_OOD,decoder_late,-34.883907
KITTI_OOD,decoder_late,-39.289253
KITTI_OOD,decoder_late,-37.60537
KITTI_OOD,decoder_late,-34.716705
KITTI_OOD,decoder_late,-33.115623
KITTI_OOD,decoder_late,-35.938274
KITTI_OOD,decoder_late,-34.464905
KITTI_OOD,decoder_late,-31.16773
KITTI_OOD,decoder_late,-34.136196
KITTI_OOD,decoder_late,-32.156574
KITTI_OOD,decoder_late,-37.580776
KITTI_OOD,decoder_late,-28.594866
KITTI_OOD,decoder_late,-28.083254
KITTI_OOD,decoder_late,-31.491474
KITTI_OOD,decoder_late,-36.076008
KITTI_OOD,decoder_late,-31.11104
KITTI_OOD,decoder_late,-29.969088
KITTI_OOD,decoder_late,-27.394728
KITTI_OOD,decoder_late,-34.97223
KITTI_OOD,decoder_late,-29.985147
KITTI_OOD,decoder_late,-25.189314
KITTI_OOD,decoder_late,-25.843204
KITTI_OOD,decoder_late,-28.64357
KITTI_OOD,decoder_late,-38.436096
KITTI_OOD,decoder_late,-39.07401
KITTI_OOD,decoder_late,-29.425575
KITTI_OOD,decoder_late,-38.024155
KITTI_OOD,decoder_late,-28.84695
KITTI_OOD,decoder_late,-29.782253
KITTI_OOD,decoder_late,-31.798435
KITTI_OOD,decoder_late,-30.363596
KITTI_OOD,decoder_late,-35.584568
KITTI_OOD,decoder_late,-25.888601
KITTI_OOD,decoder_late,-27.149096
KITTI_OOD,decoder_late,-35.169422
KITTI_OOD,decoder_late,-30.932528
KITTI_OOD,decoder_late,-33.087456
KITTI_OOD,decoder_late,-36.82796
KITTI_OOD,decoder_late,-26.626768
KITTI_OOD,decoder_late,-37.635876
KITTI_OOD,decoder_late,-28.749805
KITTI_OOD,decoder_late,-27.382463
KITTI_OOD,decoder_late,-24.668325
KITTI_OOD,decoder_late,-33.820854
KITTI_OOD,decoder_late,-28.341928
KITTI_OOD,decoder_late,-34.702267
KITTI_OOD,decoder_late,-37.22171
KITTI_OOD,decoder_late,-35.595036
KITTI_OOD,decoder_late,-30.862837
KITTI_OOD,decoder_late,-32.200787
KITTI_OOD,decoder_late,-32.76495
KITTI_OOD,decoder_late,-26.196022
KITTI_OOD,decoder_late,-37.89216
KITTI_OOD,decoder_late,-37.7653
KITTI_OOD,decoder_late,-36.086304
KITTI_OOD,decoder_late,-33.119766
KITTI_OOD,decoder_late,-33.321976
KITTI_OOD,decoder_late,-36.43688
KITTI_OOD,decoder_late,-37.295746
KITTI_OOD,decoder_late,-35.391727
KITTI_OOD,decoder_late,-35.34351
KITTI_OOD,decoder_late,-39.92415
KITTI_OOD,decoder_late,-38.203236
KITTI_OOD,decoder_late,-36.031147
KITTI_OOD,decoder_late,-38.048008
KITTI_OOD,decoder_late,-35.763012
KITTI_OOD,decoder_late,-39.65362
KITTI_OOD,decoder_late,-29.573875
KITTI_OOD,decoder_late,-39.37502
KITTI_OOD,decoder_late,-29.19622
KITTI_OOD,decoder_late,-26.073284
KITTI_OOD,decoder_late,-33.68035
KITTI_OOD,decoder_late,-34.79936
KITTI_OOD,decoder_late,-34.686127
KITTI_OOD,decoder_late,-37.642223
KITTI_OOD,decoder_late,-38.387264
KITTI_OOD,decoder_late,-27.576557
KITTI_OOD,decoder_late,-34.614037
KITTI_OOD,decoder_late,-33.436638
KITTI_OOD,decoder_late,-29.640127
KITTI_OOD,decoder_late,-25.021616
KITTI_OOD,decoder_late,-31.862278
KITTI_OOD,decoder_late,-31.841475
KITTI_OOD,decoder_late,-35.294975
KITTI_OOD,decoder_late,-35.331608
KITTI_OOD,decoder_late,-26.675344
KITTI_OOD,decoder_late,-39.06361
KITTI_OOD,decoder_late,-31.472036
KITTI_OOD,decoder_late,-27.433939
KITTI_OOD,decoder_late,-39.905704
KITTI_OOD,decoder_late,-36.554134
KITTI_OOD,decoder_late,-35.85864
KITTI_OOD,decoder_late,-29.485638
KITTI_OOD,decoder_late,-26.17415
KITTI_OOD,decoder_late,-25.181917
KITTI_OOD,decoder_late,-41.960594
KITTI_OOD,decoder_late,-28.912247
KITTI_OOD,decoder_late,-33.003895
KITTI_OOD,decoder_late,-35.30905
KITTI_OOD,decoder_late,-35.93739
KITTI_OOD,decoder_late,-35.563015
KITTI_OOD,decoder_late,-33.972862
KITTI_OOD,decoder_late,-24.89918
KITTI_OOD,decoder_late,-28.210295
KITTI_OOD,decoder_late,-32.079365
KITTI_OOD,decoder_late,-33.32318
KITTI_OOD,decoder_late,-33.287212
KITTI_OOD,decoder_late,-31.832003
KITTI_OOD,decoder_late,-31.097673
KITTI_OOD,decoder_late,-29.578201
KITTI_OOD,decoder_late,-29.752323
KITTI_OOD,decoder_late,-32.596054
KITTI_OOD,decoder_late,-36.517326
KITTI_OOD,decoder_late,-36.138485
KITTI_OOD,decoder_late,-37.394554
KITTI_OOD,decoder_late,-38.992577
KITTI_OOD,decoder_late,-38.772793
KITTI_OOD,decoder_late,-38.12217
KITTI_OOD,decoder_late,-39.160294
KITTI_OOD,decoder_late,-38.909626
KITTI_OOD,decoder_late,-39.41201
KITTI_OOD,decoder_late,-37.174286
KITTI_OOD,decoder_late,-37.42668
KITTI_OOD,decoder_late,-36.68079
KITTI_OOD,decoder_late,-40.64489
KITTI_OOD,decoder_late,-37.701656
KITTI_OOD,decoder_late,-39.072994
KITTI_OOD,decoder_late,-41.5844
KITTI_OOD,decoder_late,-38.760487
KITTI_OOD,decoder_late,-38.03718
KITTI_OOD,decoder_late,-41.60089
KITTI_OOD,decoder_late,-45.970795
KITTI_OOD,decoder_late,-40.51494
KITTI_OOD,decoder_late,-40.08055
KITTI_OOD,decoder_late,-30.274925
KITTI_OOD,decoder_late,-30.385204
KITTI_OOD,decoder_late,-26.002302
KITTI_OOD,decoder_late,-26.40047
KITTI_OOD,decoder_late,-26.425488
KITTI_OOD,decoder_late,-27.68038
KITTI_OOD,decoder_late,-29.29906
KITTI_OOD,decoder_late,-31.017082
KITTI_OOD,decoder_late,-29.767317
KITTI_OOD,decoder_late,-31.686804
KITTI_OOD,decoder_late,-26.339838
KITTI_OOD,decoder_late,-27.189613
KITTI_OOD,decoder_late,-28.404436
KITTI_OOD,decoder_late,-35.275524
KITTI_OOD,decoder_late,-35.338764
KITTI_OOD,decoder_late,-35.749454
KITTI_OOD,decoder_late,-33.9438
KITTI_OOD,decoder_late,-30.662012
KITTI_OOD,decoder_late,-29.375761
KITTI_OOD,decoder_late,-34.660503
KITTI_OOD,decoder_late,-29.897438
KITTI_OOD,decoder_late,-33.29964
KITTI_OOD,decoder_late,-29.592045
KITTI_OOD,decoder_late,-33.53745
KITTI_OOD,decoder_late,-29.559595
KITTI_OOD,decoder_late,-32.47752
KITTI_OOD,decoder_late,-28.80554
KITTI_OOD,decoder_late,-34.04481
KITTI_OOD,decoder_late,-40.614304
KITTI_OOD,decoder_late,-43.424843
KITTI_OOD,decoder_late,-39.474358
KITTI_OOD,decoder_late,-37.00264
KITTI_OOD,decoder_late,-31.698236
KITTI_OOD,decoder_late,-32.452797
KITTI_OOD,decoder_late,-27.525454
KITTI_OOD,decoder_late,-32.043495
KITTI_OOD,decoder_late,-31.182362
KITTI_OOD,decoder_late,-27.159552
KITTI_OOD,decoder_late,-29.45619
KITTI_OOD,decoder_late,-29.356148
KITTI_OOD,decoder_late,-31.894041
KITTI_OOD,decoder_late,-26.710487
KITTI_OOD,decoder_late,-32.623672
KITTI_OOD,decoder_late,-25.26264
KITTI_OOD,decoder_late,-30.37432
KITTI_OOD,decoder_late,-29.859861
KITTI_OOD,decoder_late,-29.365377
KITTI_OOD,decoder_late,-29.339504
KITTI_OOD,decoder_late,-27.497496
KITTI_OOD,decoder_late,-29.929934
KITTI_OOD,decoder_late,-30.902798
KITTI_OOD,decoder_late,-28.072176
KITTI_OOD,decoder_late,-27.396729
KITTI_OOD,decoder_late,-27.483513
KITTI_OOD,decoder_late,-31.049194
KITTI_OOD,decoder_late,-29.314392
KITTI_OOD,decoder_late,-30.208424
KITTI_OOD,decoder_late,-29.456345
KITTI_OOD,decoder_late,-33.26264
KITTI_OOD,decoder_late,-28.358086
KITTI_OOD,decoder_late,-28.295494
KITTI_OOD,decoder_late,-29.028719
KITTI_OOD,decoder_late,-32.921642
KITTI_OOD,decoder_late,-29.769337
KITTI_OOD,decoder_late,-28.475014
KITTI_OOD,decoder_late,-26.40913
KITTI_OOD,decoder_late,-28.599035
KITTI_OOD,decoder_late,-32.57718
KITTI_OOD,decoder_late,-29.24363
KITTI_OOD,decoder_late,-29.12417
KITTI_OOD,decoder_late,-29.25428
KITTI_OOD,decoder_late,-31.77602
KITTI_OOD,decoder_late,-31.960815
KITTI_OOD,decoder_late,-28.59181
KITTI_OOD,decoder_late,-28.23662
KITTI_OOD,decoder_late,-31.493853
KITTI_OOD,decoder_late,-28.358168
KITTI_OOD,decoder_late,-29.450272
KITTI_OOD,decoder_late,-30.739086
KITTI_OOD,decoder_late,-29.392391
KITTI_OOD,decoder_late,-29.622301
KITTI_OOD,decoder_late,-28.64644
KITTI_OOD,decoder_late,-27.290045
KITTI_OOD,decoder_late,-28.296633
KITTI_OOD,decoder_late,-29.203455
KITTI_OOD,decoder_late,-28.065466
KITTI_OOD,decoder_late,-29.188238
KITTI_OOD,decoder_late,-30.54141
KITTI_OOD,decoder_late,-32.303837
KITTI_OOD,decoder_late,-25.599953
KITTI_OOD,decoder_late,-36.597145
KITTI_OOD,decoder_late,-38.614235
KITTI_OOD,decoder_late,-37.45395
KITTI_OOD,decoder_late,-35.765903
KITTI_OOD,decoder_late,-37.978508
KITTI_OOD,decoder_late,-32.272602
KITTI_OOD,decoder_late,-29.10039
KITTI_OOD,decoder_late,-38.563187
KITTI_OOD,decoder_late,-33.488277
KITTI_OOD,decoder_late,-27.390968
KITTI_OOD,decoder_late,-35.610714
KITTI_OOD,decoder_late,-36.873104
KITTI_OOD,decoder_late,-36.803303
KITTI_OOD,decoder_late,-35.205357
KITTI_OOD,decoder_late,-26.331444
KITTI_OOD,decoder_late,-31.29368
KITTI_OOD,decoder_late,-26.029789
KITTI_OOD,decoder_late,-28.219862
KITTI_OOD,decoder_late,-33.049515
KITTI_OOD,decoder_late,-30.445168
KITTI_OOD,decoder_late,-32.373703
KITTI_OOD,decoder_late,-34.529907
KITTI_OOD,decoder_late,-31.38644
KITTI_OOD,decoder_late,-32.2055
KITTI_OOD,decoder_late,-31.108372
KITTI_OOD,decoder_late,-31.516842
KITTI_OOD,decoder_late,-30.92768
KITTI_OOD,decoder_late,-29.530321
KITTI_OOD,decoder_late,-34.45954
KITTI_OOD,decoder_late,-33.252525
KITTI_OOD,decoder_late,-33.22022
KITTI_OOD,decoder_late,-33.290127
KITTI_OOD,decoder_late,-31.187344
KITTI_OOD,decoder_late,-29.739449
KITTI_OOD,decoder_late,-30.490026
KITTI_OOD,decoder_late,-27.756056
KITTI_OOD,decoder_late,-26.472206
KITTI_OOD,decoder_late,-26.366182
KITTI_OOD,decoder_late,-29.633757
KITTI_OOD,decoder_late,-28.853693
KITTI_OOD,decoder_late,-32.676838
KITTI_OOD,decoder_late,-29.26068
KITTI_OOD,decoder_late,-30.92456
KITTI_OOD,decoder_late,-29.330044
KITTI_OOD,decoder_late,-28.268267
KITTI_OOD,decoder_late,-28.539654
KITTI_OOD,decoder_late,-26.66242
KITTI_OOD,decoder_late,-26.070206
KITTI_OOD,decoder_late,-26.0689
KITTI_OOD,decoder_late,-28.820667
KITTI_OOD,decoder_late,-27.316797
KITTI_OOD,decoder_late,-27.065191
KITTI_OOD,decoder_late,-30.679003
KITTI_OOD,decoder_late,-30.260906
KITTI_OOD,decoder_late,-29.28269
KITTI_OOD,decoder_late,-29.070402
KITTI_OOD,decoder_late,-26.324984
KITTI_OOD,decoder_late,-28.395012
KITTI_OOD,decoder_late,-30.10766
KITTI_OOD,decoder_late,-30.092468
KITTI_OOD,decoder_late,-30.40835
KITTI_OOD,decoder_late,-26.745596
KITTI_OOD,decoder_late,-26.72717
KITTI_OOD,decoder_late,-26.864609
KITTI_OOD,decoder_late,-26.200562
KITTI_OOD,decoder_late,-27.452621
KITTI_OOD,decoder_late,-27.87225
KITTI_OOD,decoder_late,-26.728827
KITTI_OOD,decoder_late,-26.925547
KITTI_OOD,decoder_late,-29.755564
KITTI_OOD,decoder_late,-24.772072
KITTI_OOD,decoder_late,-27.932215
KITTI_OOD,decoder_late,-27.605057
KITTI_OOD,decoder_late,-29.04164
KITTI_OOD,decoder_late,-25.28771
KITTI_OOD,decoder_late,-26.012772
KITTI_OOD,decoder_late,-25.556818
KITTI_OOD,decoder_late,-26.239876
KITTI_OOD,decoder_late,-27.178968
KITTI_OOD,decoder_late,-29.91725
KITTI_OOD,decoder_late,-30.936615
KITTI_OOD,decoder_late,-25.685566
KITTI_OOD,decoder_late,-26.195856
KITTI_OOD,decoder_late,-26.85111
KITTI_OOD,decoder_late,-27.21549
KITTI_OOD,decoder_late,-27.212305
KITTI_OOD,decoder_late,-27.293661
KITTI_OOD,decoder_late,-28.059454
KITTI_OOD,decoder_late,-32.50148
KITTI_OOD,decoder_late,-28.484173
KITTI_OOD,decoder_late,-28.385838
KITTI_OOD,decoder_late,-26.767443
KITTI_OOD,decoder_late,-27.714064
KITTI_OOD,decoder_late,-26.291708
KITTI_OOD,decoder_late,-27.945875
KITTI_OOD,decoder_late,-27.645277
KITTI_OOD,decoder_late,-27.574213
KITTI_OOD,decoder_late,-26.475554
KITTI_OOD,decoder_late,-28.868452
KITTI_OOD,decoder_late,-26.854515
KITTI_OOD,decoder_late,-27.655874
KITTI_OOD,decoder_late,-28.098877
KITTI_OOD,decoder_late,-29.54649
KITTI_OOD,decoder_late,-26.87948
KITTI_OOD,decoder_late,-25.629005
KITTI_OOD,decoder_late,-26.873432
KITTI_OOD,decoder_late,-28.374292
KITTI_OOD,decoder_late,-28.610157
KITTI_OOD,decoder_late,-27.354803
KITTI_OOD,decoder_late,-27.839355
KITTI_OOD,decoder_late,-25.198698
KITTI_OOD,decoder_late,-25.2798
KITTI_OOD,decoder_late,-26.434885
KITTI_OOD,decoder_late,-24.006334
KITTI_OOD,decoder_late,-25.560266
KITTI_OOD,decoder_late,-25.725817
KITTI_OOD,decoder_late,-23.542871
KITTI_OOD,decoder_late,-23.84462
KITTI_OOD,decoder_late,-25.420404
KITTI_OOD,decoder_late,-27.89806
KITTI_OOD,decoder_late,-28.138556
KITTI_OOD,decoder_late,-28.13088
KITTI_OOD,decoder_late,-29.614294
KITTI_OOD,decoder_late,-28.585009
KITTI_OOD,decoder_late,-27.337118
KITTI_OOD,decoder_late,-27.074484
KITTI_OOD,decoder_late,-27.297777
KITTI_OOD,decoder_late,-27.506561
KITTI_OOD,decoder_late,-28.15721
KITTI_OOD,decoder_late,-26.34164
KITTI_OOD,decoder_late,-25.111032
KITTI_OOD,decoder_late,-28.178495
KITTI_OOD,decoder_late,-27.810751
KITTI_OOD,decoder_late,-28.67323
KITTI_OOD,decoder_late,-27.35197
KITTI_OOD,decoder_late,-27.669155
KITTI_OOD,decoder_late,-27.759863
KITTI_OOD,decoder_late,-27.041964
KITTI_OOD,decoder_late,-26.17237
KITTI_OOD,decoder_late,-25.038095
KITTI_OOD,decoder_late,-27.450533
KITTI_OOD,decoder_late,-26.54686
KITTI_OOD,decoder_late,-27.1337
KITTI_OOD,decoder_late,-26.965237
KITTI_OOD,decoder_late,-27.807625
KITTI_OOD,decoder_late,-26.515465
KITTI_OOD,decoder_late,-27.862854
KITTI_OOD,decoder_late,-25.449156
KITTI_OOD,decoder_late,-29.749937
KITTI_OOD,decoder_late,-26.293564
KITTI_OOD,decoder_late,-25.919065
KITTI_OOD,decoder_late,-26.183727
KITTI_OOD,decoder_late,-27.39274
KITTI_OOD,decoder_late,-27.486238
KITTI_OOD,decoder_late,-26.272142
KITTI_OOD,decoder_late,-25.506617
KITTI_OOD,decoder_late,-26.708426
KITTI_OOD,decoder_late,-25.764338
KITTI_OOD,decoder_late,-26.50264
KITTI_OOD,decoder_late,-25.671535
KITTI_OOD,decoder_late,-27.115574
KITTI_OOD,decoder_late,-26.201128
KITTI_OOD,decoder_late,-26.812809
KITTI_OOD,decoder_late,-26.37666
KITTI_OOD,decoder_late,-27.030607
KITTI_OOD,decoder_late,-26.290037
KITTI_OOD,decoder_late,-27.50103
KITTI_OOD,decoder_late,-28.804995
KITTI_OOD,decoder_late,-26.085978
KITTI_OOD,decoder_late,-31.469557
KITTI_OOD,decoder_late,-33.769627
KITTI_OOD,decoder_late,-39.150623
KITTI_OOD,decoder_late,-39.578888
KITTI_OOD,decoder_late,-31.642467
KITTI_OOD,decoder_late,-41.498917
KITTI_OOD,decoder_late,-36.63743
KITTI_OOD,decoder_late,-38.69435
KITTI_OOD,decoder_late,-38.474525
KITTI_OOD,decoder_late,-41.169098
KITTI_OOD,decoder_late,-28.29912
KITTI_OOD,decoder_late,-31.5508
KITTI_OOD,decoder_late,-27.155077
KITTI_OOD,decoder_late,-26.59427
KITTI_OOD,decoder_late,-28.906536
KITTI_OOD,decoder_late,-30.64871
KITTI_OOD,decoder_late,-30.97441
KITTI_OOD,decoder_late,-29.744616
KITTI_OOD,decoder_late,-26.605757
KITTI_OOD,decoder_late,-29.352732
KITTI_OOD,decoder_late,-26.266542
KITTI_OOD,decoder_late,-28.839602
KITTI_OOD,decoder_late,-28.186522
KITTI_OOD,decoder_late,-32.33759
KITTI_OOD,decoder_late,-28.804226
KITTI_OOD,decoder_late,-32.662926
KITTI_OOD,decoder_late,-30.742779
KITTI_OOD,decoder_late,-33.266907
KITTI_OOD,decoder_late,-30.828438
KITTI_OOD,decoder_late,-26.282854
KITTI_OOD,decoder_late,-28.557936
KITTI_OOD,decoder_late,-29.150087
KITTI_OOD,decoder_late,-26.507206
KITTI_OOD,decoder_late,-27.471989
KITTI_OOD,decoder_late,-27.602362
KITTI_OOD,decoder_late,-30.732016
KITTI_OOD,decoder_late,-30.204817
KITTI_OOD,decoder_late,-31.400629
KITTI_OOD,decoder_late,-26.900572
KITTI_OOD,decoder_late,-26.88823
KITTI_OOD,decoder_late,-26.625849
KITTI_OOD,decoder_late,-27.999557
KITTI_OOD,decoder_late,-27.731216
KITTI_OOD,decoder_late,-29.7942
KITTI_OOD,decoder_late,-28.10152
KITTI_OOD,decoder_late,-28.62256
KITTI_OOD,decoder_late,-28.04287
KITTI_OOD,decoder_late,-29.3456
KITTI_OOD,decoder_late,-27.624805
KITTI_OOD,decoder_late,-26.17923
KITTI_OOD,decoder_late,-27.212954
KITTI_OOD,decoder_late,-27.266275
KITTI_OOD,decoder_late,-26.92848
KITTI_OOD,decoder_late,-27.111814
KITTI_OOD,decoder_late,-27.26839
KITTI_OOD,decoder_late,-26.371561
KITTI_OOD,decoder_late,-26.942558
KITTI_OOD,decoder_late,-27.735182
KITTI_OOD,decoder_late,-27.082336
KITTI_OOD,decoder_late,-26.97665
KITTI_OOD,decoder_late,-26.826126
KITTI_OOD,decoder_late,-29.210806
KITTI_OOD,decoder_late,-25.888845
KITTI_OOD,decoder_late,-26.300085
KITTI_OOD,decoder_late,-25.364155
KITTI_OOD,decoder_late,-26.66472
KITTI_OOD,decoder_late,-26.791302
KITTI_OOD,decoder_late,-25.953074
KITTI_OOD,decoder_late,-25.233665
KITTI_OOD,decoder_late,-25.333246
KITTI_OOD,decoder_late,-24.875317
KITTI_OOD,decoder_late,-25.542868
KITTI_OOD,decoder_late,-24.995193
KITTI_OOD,decoder_late,-31.53637
KITTI_OOD,decoder_late,-27.497057
KITTI_OOD,decoder_late,-25.148933
KITTI_OOD,decoder_late,-26.34066
KITTI_OOD,decoder_late,-25.588808
KITTI_OOD,decoder_late,-24.706717
KITTI_OOD,decoder_late,-24.676464
KITTI_OOD,decoder_late,-25.343878
KITTI_OOD,decoder_late,-25.025013
KITTI_OOD,decoder_late,-25.679525
KITTI_OOD,decoder_late,-26.367172
KITTI_OOD,decoder_late,-27.439814
KITTI_OOD,decoder_late,-27.714678
KITTI_OOD,decoder_late,-26.734995
KITTI_OOD,decoder_late,-26.742485
KITTI_OOD,decoder_late,-26.165575
KITTI_OOD,decoder_late,-25.835554
KITTI_OOD,decoder_late,-25.480652
KITTI_OOD,decoder_late,-28.518135
KITTI_OOD,decoder_late,-26.366676
KITTI_OOD,decoder_late,-28.36485
KITTI_OOD,decoder_late,-36.370564
KITTI_OOD,decoder_late,-34.0667
KITTI_OOD,decoder_late,-32.03938
KITTI_OOD,decoder_late,-27.861923
KITTI_OOD,decoder_late,-29.55375
KITTI_OOD,decoder_late,-27.55745
